day,on_frac,q_unknown_map,q_true
1.388889155350625515e-03,-0.000000000000000000e+00,-0.000000000000000000e+00,0.000000000000000000e+00
4.861111287027597427e-03,-0.000000000000000000e+00,-0.000000000000000000e+00,0.000000000000000000e+00
8.333334699273109436e-03,-0.000000000000000000e+00,-0.000000000000000000e+00,0.000000000000000000e+00
1.180555671453475952e-02,-0.000000000000000000e+00,-0.000000000000000000e+00,0.000000000000000000e+00
1.527777966111898422e-02,-0.000000000000000000e+00,-0.000000000000000000e+00,0.000000000000000000e+00
1.875000074505805969e-02,-0.000000000000000000e+00,-0.000000000000000000e+00,0.000000000000000000e+00
2.222222089767456055e-02,-0.000000000000000000e+00,-0.000000000000000000e+00,0.000000000000000000e+00
2.569444663822650909e-02,-0.000000000000000000e+00,-0.000000000000000000e+00,0.000000000000000000e+00
2.916666865348815918e-02,-0.000000000000000000e+00,-0.000000000000000000e+00,0.000000000000000000e+00
3.263889253139495850e-02,-0.000000000000000000e+00,-0.000000000000000000e+00,0.000000000000000000e+00
3.611111268401145935e-02,-0.000000000000000000e+00,-0.000000000000000000e+00,0.000000000000000000e+00
3.958333656191825867e-02,-0.000000000000000000e+00,-0.000000000000000000e+00,0.000000000000000000e+00
4.305556043982505798e-02,-0.000000000000000000e+00,-0.000000000000000000e+00,0.000000000000000000e+00
4.652777686715126038e-02,-0.000000000000000000e+00,-0.000000000000000000e+00,0.000000000000000000e+00
5.000000074505805969e-02,-0.000000000000000000e+00,-0.000000000000000000e+00,0.000000000000000000e+00
5.347222462296485901e-02,-0.000000000000000000e+00,-0.000000000000000000e+00,0.000000000000000000e+00
5.694444477558135986e-02,-0.000000000000000000e+00,-0.000000000000000000e+00,0.000000000000000000e+00
6.041667237877845764e-02,-0.000000000000000000e+00,-0.000000000000000000e+00,0.000000000000000000e+00
6.388889253139495850e-02,-0.000000000000000000e+00,-0.000000000000000000e+00,0.000000000000000000e+00
6.736111640930175781e-02,-0.000000000000000000e+00,-0.000000000000000000e+00,0.000000000000000000e+00
7.083333283662796021e-02,-0.000000000000000000e+00,-0.000000000000000000e+00,0.000000000000000000e+00
7.430555671453475952e-02,-0.000000000000000000e+00,-0.000000000000000000e+00,0.000000000000000000e+00
7.777778059244155884e-02,-0.000000000000000000e+00,-0.000000000000000000e+00,0.000000000000000000e+00
8.125000447034835815e-02,-0.000000000000000000e+00,-0.000000000000000000e+00,0.000000000000000000e+00
8.472222834825515747e-02,-0.000000000000000000e+00,-0.000000000000000000e+00,0.000000000000000000e+00
8.819445222616195679e-02,-0.000000000000000000e+00,-0.000000000000000000e+00,0.000000000000000000e+00
9.166666865348815918e-02,-0.000000000000000000e+00,-0.000000000000000000e+00,0.000000000000000000e+00
9.513889998197555542e-02,-0.000000000000000000e+00,-0.000000000000000000e+00,0.000000000000000000e+00
9.861111640930175781e-02,-0.000000000000000000e+00,-0.000000000000000000e+00,0.000000000000000000e+00
1.020833328366279602e-01,-0.000000000000000000e+00,-0.000000000000000000e+00,0.000000000000000000e+00
1.055555641651153564e-01,-0.000000000000000000e+00,-0.000000000000000000e+00,0.000000000000000000e+00
1.090277805924415588e-01,-0.000000000000000000e+00,-0.000000000000000000e+00,0.000000000000000000e+00
1.125000044703483582e-01,-0.000000000000000000e+00,-0.000000000000000000e+00,0.000000000000000000e+00
1.159722283482551575e-01,-0.000000000000000000e+00,-0.000000000000000000e+00,0.000000000000000000e+00
1.194444522261619568e-01,-0.000000000000000000e+00,-0.000000000000000000e+00,0.000000000000000000e+00
1.229166761040687561e-01,-0.000000000000000000e+00,-0.000000000000000000e+00,0.000000000000000000e+00
1.263888925313949585e-01,-0.000000000000000000e+00,-0.000000000000000000e+00,0.000000000000000000e+00
1.298611164093017578e-01,-0.000000000000000000e+00,-0.000000000000000000e+00,0.000000000000000000e+00
1.333333551883697510e-01,-0.000000000000000000e+00,-0.000000000000000000e+00,0.000000000000000000e+00
1.368055641651153564e-01,-0.000000000000000000e+00,-0.000000000000000000e+00,0.000000000000000000e+00
1.402777880430221558e-01,-0.000000000000000000e+00,-0.000000000000000000e+00,0.000000000000000000e+00
1.437500268220901489e-01,-0.000000000000000000e+00,-0.000000000000000000e+00,0.000000000000000000e+00
1.472222357988357544e-01,-0.000000000000000000e+00,-0.000000000000000000e+00,0.000000000000000000e+00
1.506944447755813599e-01,-0.000000000000000000e+00,-0.000000000000000000e+00,0.000000000000000000e+00
1.541666835546493530e-01,-0.000000000000000000e+00,-0.000000000000000000e+00,0.000000000000000000e+00
1.576388925313949585e-01,-0.000000000000000000e+00,-0.000000000000000000e+00,0.000000000000000000e+00
1.611111164093017578e-01,-0.000000000000000000e+00,-0.000000000000000000e+00,0.000000000000000000e+00
1.645833551883697510e-01,-0.000000000000000000e+00,-0.000000000000000000e+00,0.000000000000000000e+00
1.680555790662765503e-01,-0.000000000000000000e+00,-0.000000000000000000e+00,0.000000000000000000e+00
1.715277880430221558e-01,-0.000000000000000000e+00,-0.000000000000000000e+00,0.000000000000000000e+00
1.750000119209289551e-01,-0.000000000000000000e+00,-0.000000000000000000e+00,0.000000000000000000e+00
1.784722357988357544e-01,-0.000000000000000000e+00,-0.000000000000000000e+00,0.000000000000000000e+00
1.819444447755813599e-01,-0.000000000000000000e+00,-0.000000000000000000e+00,0.000000000000000000e+00
1.854166835546493530e-01,-0.000000000000000000e+00,-0.000000000000000000e+00,0.000000000000000000e+00
1.888889074325561523e-01,-0.000000000000000000e+00,-0.000000000000000000e+00,0.000000000000000000e+00
1.923611164093017578e-01,-0.000000000000000000e+00,-0.000000000000000000e+00,0.000000000000000000e+00
1.958333402872085571e-01,-0.000000000000000000e+00,-0.000000000000000000e+00,0.000000000000000000e+00
1.993055939674377441e-01,-0.000000000000000000e+00,-0.000000000000000000e+00,0.000000000000000000e+00
2.027777880430221558e-01,-0.000000000000000000e+00,-0.000000000000000000e+00,0.000000000000000000e+00
2.062500119209289551e-01,-0.000000000000000000e+00,-0.000000000000000000e+00,0.000000000000000000e+00
2.097222656011581421e-01,-0.000000000000000000e+00,-0.000000000000000000e+00,0.000000000000000000e+00
2.131944447755813599e-01,-0.000000000000000000e+00,-0.000000000000000000e+00,0.000000000000000000e+00
2.166666835546493530e-01,-0.000000000000000000e+00,-0.000000000000000000e+00,0.000000000000000000e+00
2.201389223337173462e-01,-0.000000000000000000e+00,-0.000000000000000000e+00,0.000000000000000000e+00
2.236111164093017578e-01,-0.000000000000000000e+00,-0.000000000000000000e+00,0.000000000000000000e+00
2.270833402872085571e-01,-0.000000000000000000e+00,-0.000000000000000000e+00,0.000000000000000000e+00
2.305555939674377441e-01,-0.000000000000000000e+00,-0.000000000000000000e+00,0.000000000000000000e+00
2.340277880430221558e-01,-0.000000000000000000e+00,-0.000000000000000000e+00,0.000000000000000000e+00
2.375000119209289551e-01,-0.000000000000000000e+00,-0.000000000000000000e+00,0.000000000000000000e+00
2.409722656011581421e-01,-0.000000000000000000e+00,-0.000000000000000000e+00,0.000000000000000000e+00
2.444444447755813599e-01,-0.000000000000000000e+00,-0.000000000000000000e+00,0.000000000000000000e+00
2.479166835546493530e-01,-0.000000000000000000e+00,-0.000000000000000000e+00,0.000000000000000000e+00
2.513889372348785400e-01,-0.000000000000000000e+00,-0.000000000000000000e+00,0.000000000000000000e+00
2.548611164093017578e-01,-0.000000000000000000e+00,-0.000000000000000000e+00,0.000000000000000000e+00
2.583333551883697510e-01,-0.000000000000000000e+00,-0.000000000000000000e+00,0.000000000000000000e+00
2.618055939674377441e-01,-0.000000000000000000e+00,-0.000000000000000000e+00,0.000000000000000000e+00
2.652778029441833496e-01,-0.000000000000000000e+00,-0.000000000000000000e+00,0.000000000000000000e+00
2.687500119209289551e-01,-0.000000000000000000e+00,-0.000000000000000000e+00,0.000000000000000000e+00
2.722222506999969482e-01,-0.000000000000000000e+00,-0.000000000000000000e+00,0.000000000000000000e+00
2.756944596767425537e-01,-0.000000000000000000e+00,-0.000000000000000000e+00,0.000000000000000000e+00
2.791666686534881592e-01,-0.000000000000000000e+00,-0.000000000000000000e+00,0.000000000000000000e+00
2.826389074325561523e-01,-0.000000000000000000e+00,-0.000000000000000000e+00,0.000000000000000000e+00
2.861111462116241455e-01,-0.000000000000000000e+00,-0.000000000000000000e+00,0.000000000000000000e+00
2.895833551883697510e-01,-0.000000000000000000e+00,-0.000000000000000000e+00,0.000000000000000000e+00
2.930555641651153564e-01,-1.000000000000000000e+00,-7.177870750427246094e+00,-9.000000000000000000e+00
2.965278029441833496e-01,-1.000000000000000000e+00,-7.177870750427246094e+00,-9.000000000000000000e+00
3.000000119209289551e-01,-1.000000000000000000e+00,-7.177870750427246094e+00,-9.000000000000000000e+00
3.034722506999969482e-01,-1.000000000000000000e+00,-7.177870750427246094e+00,-9.000000000000000000e+00
3.069444596767425537e-01,-1.000000000000000000e+00,-7.177870750427246094e+00,-9.000000000000000000e+00
3.104166686534881592e-01,-1.000000000000000000e+00,-7.177870750427246094e+00,-9.000000000000000000e+00
3.138889074325561523e-01,-1.000000000000000000e+00,-7.177870750427246094e+00,-9.000000000000000000e+00
3.173611462116241455e-01,-1.000000000000000000e+00,-7.177870750427246094e+00,-9.000000000000000000e+00
3.208333551883697510e-01,-1.000000000000000000e+00,-7.177870750427246094e+00,-9.000000000000000000e+00
3.243055641651153564e-01,-1.000000000000000000e+00,-7.177870750427246094e+00,-9.000000000000000000e+00
3.277778029441833496e-01,-1.000000000000000000e+00,-7.177870750427246094e+00,-9.000000000000000000e+00
3.312500119209289551e-01,-1.000000000000000000e+00,-7.177870750427246094e+00,-9.000000000000000000e+00
3.347221910953521729e-01,-1.000000000000000000e+00,-7.177870750427246094e+00,-9.000000000000000000e+00
3.381944894790649414e-01,-1.000000000000000000e+00,-7.177870750427246094e+00,-9.000000000000000000e+00
3.416666984558105469e-01,-1.000000000000000000e+00,-7.177870750427246094e+00,-9.000000000000000000e+00
3.451388776302337646e-01,-1.000000000000000000e+00,-7.177870750427246094e+00,-9.000000000000000000e+00
3.486111462116241455e-01,-1.000000000000000000e+00,-7.177870750427246094e+00,-9.000000000000000000e+00
3.520833551883697510e-01,-1.000000000000000000e+00,-7.177870750427246094e+00,-9.000000000000000000e+00
3.555555343627929688e-01,-1.000000000000000000e+00,-7.177870750427246094e+00,-9.000000000000000000e+00
3.590278327465057373e-01,-1.000000000000000000e+00,-7.177870750427246094e+00,-9.000000000000000000e+00
3.625000417232513428e-01,-1.000000000000000000e+00,-7.177870750427246094e+00,-9.000000000000000000e+00
3.659721910953521729e-01,-1.000000000000000000e+00,-7.177870750427246094e+00,-9.000000000000000000e+00
3.694444894790649414e-01,-1.000000000000000000e+00,-7.177870750427246094e+00,-9.000000000000000000e+00
3.729166984558105469e-01,-1.000000000000000000e+00,-7.177870750427246094e+00,-9.000000000000000000e+00
3.763888776302337646e-01,-1.000000000000000000e+00,-7.177870750427246094e+00,-9.000000000000000000e+00
3.798611462116241455e-01,-1.000000000000000000e+00,-7.177870750427246094e+00,-9.000000000000000000e+00
3.833333551883697510e-01,-1.000000000000000000e+00,-7.177870750427246094e+00,-9.000000000000000000e+00
3.868056237697601318e-01,-1.000000000000000000e+00,-7.177870750427246094e+00,-9.000000000000000000e+00
3.902778327465057373e-01,-1.000000000000000000e+00,-7.177870750427246094e+00,-9.000000000000000000e+00
3.937500417232513428e-01,-1.000000000000000000e+00,-7.177870750427246094e+00,-9.000000000000000000e+00
3.972222805023193359e-01,-1.000000000000000000e+00,-7.177870750427246094e+00,-9.000000000000000000e+00
4.006944894790649414e-01,-1.000000000000000000e+00,-7.177870750427246094e+00,-9.000000000000000000e+00
4.041666984558105469e-01,-1.000000000000000000e+00,-7.177870750427246094e+00,-9.000000000000000000e+00
4.076389372348785400e-01,-1.000000000000000000e+00,-7.177870750427246094e+00,-9.000000000000000000e+00
4.111111462116241455e-01,-1.000000000000000000e+00,-7.177870750427246094e+00,-9.000000000000000000e+00
4.145833551883697510e-01,-1.000000000000000000e+00,-7.177870750427246094e+00,-9.000000000000000000e+00
4.180556237697601318e-01,-1.000000000000000000e+00,-7.177870750427246094e+00,-9.000000000000000000e+00
4.215278327465057373e-01,-1.000000000000000000e+00,-7.177870750427246094e+00,-9.000000000000000000e+00
4.250000417232513428e-01,-1.000000000000000000e+00,-7.177870750427246094e+00,-9.000000000000000000e+00
4.284722805023193359e-01,-1.000000000000000000e+00,-7.177870750427246094e+00,-9.000000000000000000e+00
4.319444894790649414e-01,-1.000000000000000000e+00,-7.177870750427246094e+00,-9.000000000000000000e+00
4.354166984558105469e-01,-1.000000000000000000e+00,-7.177870750427246094e+00,-9.000000000000000000e+00
4.388889372348785400e-01,-1.000000000000000000e+00,-7.177870750427246094e+00,-9.000000000000000000e+00
4.423611462116241455e-01,-1.000000000000000000e+00,-7.177870750427246094e+00,-9.000000000000000000e+00
4.458333551883697510e-01,-1.000000000000000000e+00,-7.177870750427246094e+00,-9.000000000000000000e+00
4.493056237697601318e-01,-1.000000000000000000e+00,-7.177870750427246094e+00,-9.000000000000000000e+00
4.527778327465057373e-01,-1.000000000000000000e+00,-7.177870750427246094e+00,-9.000000000000000000e+00
4.562500417232513428e-01,-1.000000000000000000e+00,-7.177870750427246094e+00,-9.000000000000000000e+00
4.597222805023193359e-01,-1.000000000000000000e+00,-7.177870750427246094e+00,-9.000000000000000000e+00
4.631944894790649414e-01,-1.000000000000000000e+00,-7.177870750427246094e+00,-9.000000000000000000e+00
4.666666984558105469e-01,-6.000000238418579102e-01,-4.306722640991210938e+00,-5.400000095367431641e+00
4.701389372348785400e-01,-0.000000000000000000e+00,-0.000000000000000000e+00,0.000000000000000000e+00
4.736111462116241455e-01,-0.000000000000000000e+00,-0.000000000000000000e+00,0.000000000000000000e+00
4.770833551883697510e-01,-0.000000000000000000e+00,-0.000000000000000000e+00,0.000000000000000000e+00
4.805556237697601318e-01,-0.000000000000000000e+00,-0.000000000000000000e+00,0.000000000000000000e+00
4.840278327465057373e-01,-0.000000000000000000e+00,-0.000000000000000000e+00,0.000000000000000000e+00
4.875000417232513428e-01,-0.000000000000000000e+00,-0.000000000000000000e+00,0.000000000000000000e+00
4.909722805023193359e-01,-0.000000000000000000e+00,-0.000000000000000000e+00,0.000000000000000000e+00
4.944444894790649414e-01,-0.000000000000000000e+00,-0.000000000000000000e+00,0.000000000000000000e+00
4.979166984558105469e-01,-0.000000000000000000e+00,-0.000000000000000000e+00,0.000000000000000000e+00
5.013889670372009277e-01,-0.000000000000000000e+00,-0.000000000000000000e+00,0.000000000000000000e+00
5.048611760139465332e-01,-0.000000000000000000e+00,-0.000000000000000000e+00,0.000000000000000000e+00
5.083333849906921387e-01,-0.000000000000000000e+00,-0.000000000000000000e+00,0.000000000000000000e+00
5.118055939674377441e-01,-0.000000000000000000e+00,-0.000000000000000000e+00,0.000000000000000000e+00
5.152778029441833496e-01,-0.000000000000000000e+00,-0.000000000000000000e+00,0.000000000000000000e+00
5.187500119209289551e-01,-0.000000000000000000e+00,-0.000000000000000000e+00,0.000000000000000000e+00
5.222222805023193359e-01,-0.000000000000000000e+00,-0.000000000000000000e+00,0.000000000000000000e+00
5.256944894790649414e-01,-4.000000059604644775e-01,-2.871148347854614258e+00,-3.600000143051147461e+00
5.291666984558105469e-01,-1.000000000000000000e+00,-7.177870750427246094e+00,-9.000000000000000000e+00
5.326389670372009277e-01,-1.000000000000000000e+00,-7.177870750427246094e+00,-9.000000000000000000e+00
5.361111760139465332e-01,-1.000000000000000000e+00,-7.177870750427246094e+00,-9.000000000000000000e+00
5.395833253860473633e-01,-1.000000000000000000e+00,-7.177870750427246094e+00,-9.000000000000000000e+00
5.430555939674377441e-01,-1.000000000000000000e+00,-7.177870750427246094e+00,-9.000000000000000000e+00
5.465278029441833496e-01,-1.000000000000000000e+00,-7.177870750427246094e+00,-9.000000000000000000e+00
5.500000119209289551e-01,-1.000000000000000000e+00,-7.177870750427246094e+00,-9.000000000000000000e+00
5.534722805023193359e-01,-1.000000000000000000e+00,-7.177870750427246094e+00,-9.000000000000000000e+00
5.569444894790649414e-01,-1.000000000000000000e+00,-7.177870750427246094e+00,-9.000000000000000000e+00
5.604166388511657715e-01,-1.000000000000000000e+00,-7.177870750427246094e+00,-9.000000000000000000e+00
5.638889670372009277e-01,-1.000000000000000000e+00,-7.177870750427246094e+00,-9.000000000000000000e+00
5.673611760139465332e-01,-1.000000000000000000e+00,-7.177870750427246094e+00,-9.000000000000000000e+00
5.708333253860473633e-01,-1.000000000000000000e+00,-7.177870750427246094e+00,-9.000000000000000000e+00
5.743055939674377441e-01,-1.000000000000000000e+00,-7.177870750427246094e+00,-9.000000000000000000e+00
5.777778029441833496e-01,-1.000000000000000000e+00,-7.177870750427246094e+00,-9.000000000000000000e+00
5.812500119209289551e-01,-1.000000000000000000e+00,-7.177870750427246094e+00,-9.000000000000000000e+00
5.847222805023193359e-01,-1.000000000000000000e+00,-7.177870750427246094e+00,-9.000000000000000000e+00
5.881944894790649414e-01,-1.000000000000000000e+00,-7.177870750427246094e+00,-9.000000000000000000e+00
5.916667580604553223e-01,-1.000000000000000000e+00,-7.177870750427246094e+00,-9.000000000000000000e+00
5.951389670372009277e-01,-1.000000000000000000e+00,-7.177870750427246094e+00,-9.000000000000000000e+00
5.986111760139465332e-01,-1.000000000000000000e+00,-7.177870750427246094e+00,-9.000000000000000000e+00
6.020833849906921387e-01,-1.000000000000000000e+00,-7.177870750427246094e+00,-9.000000000000000000e+00
6.055555939674377441e-01,-1.000000000000000000e+00,-7.177870750427246094e+00,-9.000000000000000000e+00
6.090278029441833496e-01,-1.000000000000000000e+00,-7.177870750427246094e+00,-9.000000000000000000e+00
6.125000715255737305e-01,-1.000000000000000000e+00,-7.177870750427246094e+00,-9.000000000000000000e+00
6.159722805023193359e-01,-1.000000000000000000e+00,-7.177870750427246094e+00,-9.000000000000000000e+00
6.194444894790649414e-01,-1.000000000000000000e+00,-7.177870750427246094e+00,-9.000000000000000000e+00
6.229167580604553223e-01,-1.000000000000000000e+00,-7.177870750427246094e+00,-9.000000000000000000e+00
6.263889670372009277e-01,-1.000000000000000000e+00,-7.177870750427246094e+00,-9.000000000000000000e+00
6.298611760139465332e-01,-1.000000000000000000e+00,-7.177870750427246094e+00,-9.000000000000000000e+00
6.333333849906921387e-01,-1.000000000000000000e+00,-7.177870750427246094e+00,-9.000000000000000000e+00
6.368055939674377441e-01,-1.000000000000000000e+00,-7.177870750427246094e+00,-9.000000000000000000e+00
6.402778029441833496e-01,-1.000000000000000000e+00,-7.177870750427246094e+00,-9.000000000000000000e+00
6.437500715255737305e-01,-1.000000000000000000e+00,-7.177870750427246094e+00,-9.000000000000000000e+00
6.472222805023193359e-01,-1.000000000000000000e+00,-7.177870750427246094e+00,-9.000000000000000000e+00
6.506944894790649414e-01,-1.000000000000000000e+00,-7.177870750427246094e+00,-9.000000000000000000e+00
6.541667580604553223e-01,-1.000000000000000000e+00,-7.177870750427246094e+00,-9.000000000000000000e+00
6.576389670372009277e-01,-1.000000000000000000e+00,-7.177870750427246094e+00,-9.000000000000000000e+00
6.611111760139465332e-01,-1.000000000000000000e+00,-7.177870750427246094e+00,-9.000000000000000000e+00
6.645833849906921387e-01,-1.000000000000000000e+00,-7.177870750427246094e+00,-9.000000000000000000e+00
6.680555939674377441e-01,-1.000000000000000000e+00,-7.177870750427246094e+00,-9.000000000000000000e+00
6.715278029441833496e-01,-1.000000000000000000e+00,-7.177870750427246094e+00,-9.000000000000000000e+00
6.750000119209289551e-01,-1.000000000000000000e+00,-7.177870750427246094e+00,-9.000000000000000000e+00
6.784722805023193359e-01,-1.000000000000000000e+00,-7.177870750427246094e+00,-9.000000000000000000e+00
6.819444298744201660e-01,-1.000000000000000000e+00,-7.177870750427246094e+00,-9.000000000000000000e+00
6.854166984558105469e-01,-0.000000000000000000e+00,-0.000000000000000000e+00,0.000000000000000000e+00
6.888889670372009277e-01,-0.000000000000000000e+00,-0.000000000000000000e+00,0.000000000000000000e+00
6.923611164093017578e-01,-0.000000000000000000e+00,-0.000000000000000000e+00,0.000000000000000000e+00
6.958333849906921387e-01,-0.000000000000000000e+00,-0.000000000000000000e+00,0.000000000000000000e+00
6.993055939674377441e-01,-0.000000000000000000e+00,-0.000000000000000000e+00,0.000000000000000000e+00
7.027778029441833496e-01,-0.000000000000000000e+00,-0.000000000000000000e+00,0.000000000000000000e+00
7.062500119209289551e-01,-0.000000000000000000e+00,-0.000000000000000000e+00,0.000000000000000000e+00
7.097222805023193359e-01,-0.000000000000000000e+00,-0.000000000000000000e+00,0.000000000000000000e+00
7.131944298744201660e-01,-0.000000000000000000e+00,-0.000000000000000000e+00,0.000000000000000000e+00
7.166666984558105469e-01,-0.000000000000000000e+00,-0.000000000000000000e+00,0.000000000000000000e+00
7.201389670372009277e-01,-0.000000000000000000e+00,-0.000000000000000000e+00,0.000000000000000000e+00
7.236111164093017578e-01,-0.000000000000000000e+00,-0.000000000000000000e+00,0.000000000000000000e+00
7.270833849906921387e-01,-0.000000000000000000e+00,-0.000000000000000000e+00,0.000000000000000000e+00
7.305555939674377441e-01,-0.000000000000000000e+00,-0.000000000000000000e+00,0.000000000000000000e+00
7.340278029441833496e-01,-0.000000000000000000e+00,-0.000000000000000000e+00,0.000000000000000000e+00
7.375000119209289551e-01,-0.000000000000000000e+00,-0.000000000000000000e+00,0.000000000000000000e+00
7.409722805023193359e-01,-8.000000119209289551e-01,-5.742296695709228516e+00,-7.200000286102294922e+00
7.444444298744201660e-01,-1.000000000000000000e+00,-7.177870750427246094e+00,-9.000000000000000000e+00
7.479166984558105469e-01,-1.000000000000000000e+00,-7.177870750427246094e+00,-9.000000000000000000e+00
7.513889670372009277e-01,-1.000000000000000000e+00,-7.177870750427246094e+00,-9.000000000000000000e+00
7.548611164093017578e-01,-1.000000000000000000e+00,-7.177870750427246094e+00,-9.000000000000000000e+00
7.583333849906921387e-01,-1.000000000000000000e+00,-7.177870750427246094e+00,-9.000000000000000000e+00
7.618055939674377441e-01,-1.000000000000000000e+00,-7.177870750427246094e+00,-9.000000000000000000e+00
7.652778029441833496e-01,-1.000000000000000000e+00,-7.177870750427246094e+00,-9.000000000000000000e+00
7.687500119209289551e-01,-1.000000000000000000e+00,-7.177870750427246094e+00,-9.000000000000000000e+00
7.722222805023193359e-01,-1.000000000000000000e+00,-7.177870750427246094e+00,-9.000000000000000000e+00
7.756944298744201660e-01,-1.000000000000000000e+00,-7.177870750427246094e+00,-9.000000000000000000e+00
7.791666984558105469e-01,-1.000000000000000000e+00,-7.177870750427246094e+00,-9.000000000000000000e+00
7.826389670372009277e-01,-1.000000000000000000e+00,-7.177870750427246094e+00,-9.000000000000000000e+00
7.861111164093017578e-01,-1.000000000000000000e+00,-7.177870750427246094e+00,-9.000000000000000000e+00
7.895833849906921387e-01,-1.000000000000000000e+00,-7.177870750427246094e+00,-9.000000000000000000e+00
7.930555939674377441e-01,-1.000000000000000000e+00,-7.177870750427246094e+00,-9.000000000000000000e+00
7.965278029441833496e-01,-1.000000000000000000e+00,-7.177870750427246094e+00,-9.000000000000000000e+00
8.000000119209289551e-01,-1.000000000000000000e+00,-7.177870750427246094e+00,-9.000000000000000000e+00
8.034722805023193359e-01,-1.000000000000000000e+00,-7.177870750427246094e+00,-9.000000000000000000e+00
8.069444298744201660e-01,-1.000000000000000000e+00,-7.177870750427246094e+00,-9.000000000000000000e+00
8.104166984558105469e-01,-1.000000000000000000e+00,-7.177870750427246094e+00,-9.000000000000000000e+00
8.138889670372009277e-01,-1.000000000000000000e+00,-7.177870750427246094e+00,-9.000000000000000000e+00
8.173611164093017578e-01,-1.000000000000000000e+00,-7.177870750427246094e+00,-9.000000000000000000e+00
8.208333849906921387e-01,-2.000000029802322388e-01,-1.435574173927307129e+00,-1.800000071525573730e+00
8.243055939674377441e-01,-0.000000000000000000e+00,-0.000000000000000000e+00,0.000000000000000000e+00
8.277778029441833496e-01,-0.000000000000000000e+00,-0.000000000000000000e+00,0.000000000000000000e+00
8.312500119209289551e-01,-0.000000000000000000e+00,-0.000000000000000000e+00,0.000000000000000000e+00
8.347222805023193359e-01,-0.000000000000000000e+00,-0.000000000000000000e+00,0.000000000000000000e+00
8.381944298744201660e-01,-0.000000000000000000e+00,-0.000000000000000000e+00,0.000000000000000000e+00
8.416666984558105469e-01,-0.000000000000000000e+00,-0.000000000000000000e+00,0.000000000000000000e+00
8.451389670372009277e-01,-0.000000000000000000e+00,-0.000000000000000000e+00,0.000000000000000000e+00
8.486111164093017578e-01,-0.000000000000000000e+00,-0.000000000000000000e+00,0.000000000000000000e+00
8.520833849906921387e-01,-0.000000000000000000e+00,-0.000000000000000000e+00,0.000000000000000000e+00
8.555555939674377441e-01,-0.000000000000000000e+00,-0.000000000000000000e+00,0.000000000000000000e+00
8.590278029441833496e-01,-0.000000000000000000e+00,-0.000000000000000000e+00,0.000000000000000000e+00
8.625000119209289551e-01,-0.000000000000000000e+00,-0.000000000000000000e+00,0.000000000000000000e+00
8.659722805023193359e-01,-0.000000000000000000e+00,-0.000000000000000000e+00,0.000000000000000000e+00
8.694444298744201660e-01,-0.000000000000000000e+00,-0.000000000000000000e+00,0.000000000000000000e+00
8.729166984558105469e-01,-0.000000000000000000e+00,-0.000000000000000000e+00,0.000000000000000000e+00
8.763889670372009277e-01,-0.000000000000000000e+00,-0.000000000000000000e+00,0.000000000000000000e+00
8.798611164093017578e-01,-0.000000000000000000e+00,-0.000000000000000000e+00,0.000000000000000000e+00
8.833333849906921387e-01,-0.000000000000000000e+00,-0.000000000000000000e+00,0.000000000000000000e+00
8.868055939674377441e-01,-0.000000000000000000e+00,-0.000000000000000000e+00,0.000000000000000000e+00
8.902778029441833496e-01,-0.000000000000000000e+00,-0.000000000000000000e+00,0.000000000000000000e+00
8.937500119209289551e-01,-0.000000000000000000e+00,-0.000000000000000000e+00,0.000000000000000000e+00
8.972222805023193359e-01,-0.000000000000000000e+00,-0.000000000000000000e+00,0.000000000000000000e+00
9.006944298744201660e-01,-0.000000000000000000e+00,-0.000000000000000000e+00,0.000000000000000000e+00
9.041666984558105469e-01,-0.000000000000000000e+00,-0.000000000000000000e+00,0.000000000000000000e+00
9.076389670372009277e-01,-0.000000000000000000e+00,-0.000000000000000000e+00,0.000000000000000000e+00
9.111111164093017578e-01,-0.000000000000000000e+00,-0.000000000000000000e+00,0.000000000000000000e+00
9.145833849906921387e-01,-0.000000000000000000e+00,-0.000000000000000000e+00,0.000000000000000000e+00
9.180555939674377441e-01,-0.000000000000000000e+00,-0.000000000000000000e+00,0.000000000000000000e+00
9.215278029441833496e-01,-0.000000000000000000e+00,-0.000000000000000000e+00,0.000000000000000000e+00
9.250000119209289551e-01,-0.000000000000000000e+00,-0.000000000000000000e+00,0.000000000000000000e+00
9.284722805023193359e-01,-0.000000000000000000e+00,-0.000000000000000000e+00,0.000000000000000000e+00
9.319444298744201660e-01,-0.000000000000000000e+00,-0.000000000000000000e+00,0.000000000000000000e+00
9.354166984558105469e-01,-0.000000000000000000e+00,-0.000000000000000000e+00,0.000000000000000000e+00
9.388889670372009277e-01,-0.000000000000000000e+00,-0.000000000000000000e+00,0.000000000000000000e+00
9.423611164093017578e-01,-0.000000000000000000e+00,-0.000000000000000000e+00,0.000000000000000000e+00
9.458333849906921387e-01,-0.000000000000000000e+00,-0.000000000000000000e+00,0.000000000000000000e+00
9.493055939674377441e-01,-0.000000000000000000e+00,-0.000000000000000000e+00,0.000000000000000000e+00
9.527778029441833496e-01,-0.000000000000000000e+00,-0.000000000000000000e+00,0.000000000000000000e+00
9.562500119209289551e-01,-0.000000000000000000e+00,-0.000000000000000000e+00,0.000000000000000000e+00
9.597222805023193359e-01,-0.000000000000000000e+00,-0.000000000000000000e+00,0.000000000000000000e+00
9.631944298744201660e-01,-0.000000000000000000e+00,-0.000000000000000000e+00,0.000000000000000000e+00
9.666667580604553223e-01,-0.000000000000000000e+00,-0.000000000000000000e+00,0.000000000000000000e+00
9.701389670372009277e-01,-0.000000000000000000e+00,-0.000000000000000000e+00,0.000000000000000000e+00
9.736111164093017578e-01,-0.000000000000000000e+00,-0.000000000000000000e+00,0.000000000000000000e+00
9.770834445953369141e-01,-0.000000000000000000e+00,-0.000000000000000000e+00,0.000000000000000000e+00
9.805555939674377441e-01,-0.000000000000000000e+00,-0.000000000000000000e+00,0.000000000000000000e+00
9.840278029441833496e-01,-0.000000000000000000e+00,-0.000000000000000000e+00,0.000000000000000000e+00
9.875001311302185059e-01,-0.000000000000000000e+00,-0.000000000000000000e+00,0.000000000000000000e+00
9.909722805023193359e-01,-0.000000000000000000e+00,-0.000000000000000000e+00,0.000000000000000000e+00
9.944444298744201660e-01,-0.000000000000000000e+00,-0.000000000000000000e+00,0.000000000000000000e+00
9.979167580604553223e-01,-0.000000000000000000e+00,-0.000000000000000000e+00,0.000000000000000000e+00
1.001388907432556152e+00,-0.000000000000000000e+00,-0.000000000000000000e+00,0.000000000000000000e+00
1.004861116409301758e+00,-0.000000000000000000e+00,-0.000000000000000000e+00,0.000000000000000000e+00
1.008333444595336914e+00,-0.000000000000000000e+00,-0.000000000000000000e+00,0.000000000000000000e+00
1.011805653572082520e+00,-0.000000000000000000e+00,-0.000000000000000000e+00,0.000000000000000000e+00
1.015277743339538574e+00,-0.000000000000000000e+00,-0.000000000000000000e+00,0.000000000000000000e+00
1.018750071525573730e+00,-0.000000000000000000e+00,-0.000000000000000000e+00,0.000000000000000000e+00
1.022222280502319336e+00,-0.000000000000000000e+00,-0.000000000000000000e+00,0.000000000000000000e+00
1.025694489479064941e+00,-0.000000000000000000e+00,-0.000000000000000000e+00,0.000000000000000000e+00
1.029166817665100098e+00,-0.000000000000000000e+00,-0.000000000000000000e+00,0.000000000000000000e+00
1.032638907432556152e+00,-0.000000000000000000e+00,-0.000000000000000000e+00,0.000000000000000000e+00
1.036111116409301758e+00,-0.000000000000000000e+00,-0.000000000000000000e+00,0.000000000000000000e+00
1.039583444595336914e+00,-0.000000000000000000e+00,-0.000000000000000000e+00,0.000000000000000000e+00
1.043055653572082520e+00,-0.000000000000000000e+00,-0.000000000000000000e+00,0.000000000000000000e+00
1.046527743339538574e+00,-0.000000000000000000e+00,-0.000000000000000000e+00,0.000000000000000000e+00
1.050000071525573730e+00,-0.000000000000000000e+00,-0.000000000000000000e+00,0.000000000000000000e+00
1.053472280502319336e+00,-0.000000000000000000e+00,-0.000000000000000000e+00,0.000000000000000000e+00
1.056944489479064941e+00,-0.000000000000000000e+00,-0.000000000000000000e+00,0.000000000000000000e+00
1.060416817665100098e+00,-0.000000000000000000e+00,-0.000000000000000000e+00,0.000000000000000000e+00
1.063888907432556152e+00,-0.000000000000000000e+00,-0.000000000000000000e+00,0.000000000000000000e+00
1.067361235618591309e+00,-0.000000000000000000e+00,-0.000000000000000000e+00,0.000000000000000000e+00
1.070833325386047363e+00,-0.000000000000000000e+00,-0.000000000000000000e+00,0.000000000000000000e+00
1.074305653572082520e+00,-0.000000000000000000e+00,-0.000000000000000000e+00,0.000000000000000000e+00
1.077777862548828125e+00,-0.000000000000000000e+00,-0.000000000000000000e+00,0.000000000000000000e+00
1.081250071525573730e+00,-0.000000000000000000e+00,-0.000000000000000000e+00,0.000000000000000000e+00
1.084722280502319336e+00,-0.000000000000000000e+00,-0.000000000000000000e+00,0.000000000000000000e+00
1.088194489479064941e+00,-0.000000000000000000e+00,-0.000000000000000000e+00,0.000000000000000000e+00
1.091666698455810547e+00,-0.000000000000000000e+00,-0.000000000000000000e+00,0.000000000000000000e+00
1.095138907432556152e+00,-0.000000000000000000e+00,-0.000000000000000000e+00,0.000000000000000000e+00
1.098611235618591309e+00,-0.000000000000000000e+00,-0.000000000000000000e+00,0.000000000000000000e+00
1.102083325386047363e+00,-0.000000000000000000e+00,-0.000000000000000000e+00,0.000000000000000000e+00
1.105555653572082520e+00,-0.000000000000000000e+00,-0.000000000000000000e+00,0.000000000000000000e+00
1.109027862548828125e+00,-0.000000000000000000e+00,-0.000000000000000000e+00,0.000000000000000000e+00
1.112500071525573730e+00,-0.000000000000000000e+00,-0.000000000000000000e+00,0.000000000000000000e+00
1.115972280502319336e+00,-0.000000000000000000e+00,-0.000000000000000000e+00,0.000000000000000000e+00
1.119444489479064941e+00,-0.000000000000000000e+00,-0.000000000000000000e+00,0.000000000000000000e+00
1.122916698455810547e+00,-0.000000000000000000e+00,-0.000000000000000000e+00,0.000000000000000000e+00
1.126388907432556152e+00,-0.000000000000000000e+00,-0.000000000000000000e+00,0.000000000000000000e+00
1.129861235618591309e+00,-0.000000000000000000e+00,-0.000000000000000000e+00,0.000000000000000000e+00
1.133333325386047363e+00,-0.000000000000000000e+00,-0.000000000000000000e+00,0.000000000000000000e+00
1.136805653572082520e+00,-0.000000000000000000e+00,-0.000000000000000000e+00,0.000000000000000000e+00
1.140277862548828125e+00,-0.000000000000000000e+00,-0.000000000000000000e+00,0.000000000000000000e+00
1.143750071525573730e+00,-0.000000000000000000e+00,-0.000000000000000000e+00,0.000000000000000000e+00
1.147222280502319336e+00,-0.000000000000000000e+00,-0.000000000000000000e+00,0.000000000000000000e+00
1.150694489479064941e+00,-0.000000000000000000e+00,-0.000000000000000000e+00,0.000000000000000000e+00
1.154166698455810547e+00,-0.000000000000000000e+00,-0.000000000000000000e+00,0.000000000000000000e+00
1.157638907432556152e+00,-0.000000000000000000e+00,-0.000000000000000000e+00,0.000000000000000000e+00
1.161111235618591309e+00,-0.000000000000000000e+00,-0.000000000000000000e+00,0.000000000000000000e+00
1.164583325386047363e+00,-0.000000000000000000e+00,-0.000000000000000000e+00,0.000000000000000000e+00
1.168055653572082520e+00,-0.000000000000000000e+00,-0.000000000000000000e+00,0.000000000000000000e+00
1.171527862548828125e+00,-0.000000000000000000e+00,-0.000000000000000000e+00,0.000000000000000000e+00
1.175000071525573730e+00,-0.000000000000000000e+00,-0.000000000000000000e+00,0.000000000000000000e+00
1.178472280502319336e+00,-0.000000000000000000e+00,-0.000000000000000000e+00,0.000000000000000000e+00
1.181944489479064941e+00,-0.000000000000000000e+00,-0.000000000000000000e+00,0.000000000000000000e+00
1.185416698455810547e+00,-0.000000000000000000e+00,-0.000000000000000000e+00,0.000000000000000000e+00
1.188888907432556152e+00,-0.000000000000000000e+00,-0.000000000000000000e+00,0.000000000000000000e+00
1.192361235618591309e+00,-0.000000000000000000e+00,-0.000000000000000000e+00,0.000000000000000000e+00
1.195833325386047363e+00,-0.000000000000000000e+00,-0.000000000000000000e+00,0.000000000000000000e+00
1.199305653572082520e+00,-0.000000000000000000e+00,-0.000000000000000000e+00,0.000000000000000000e+00
1.202777862548828125e+00,-0.000000000000000000e+00,-0.000000000000000000e+00,0.000000000000000000e+00
1.206250071525573730e+00,-0.000000000000000000e+00,-0.000000000000000000e+00,0.000000000000000000e+00
1.209722280502319336e+00,-0.000000000000000000e+00,-0.000000000000000000e+00,0.000000000000000000e+00
1.213194489479064941e+00,-0.000000000000000000e+00,-0.000000000000000000e+00,0.000000000000000000e+00
1.216666698455810547e+00,-0.000000000000000000e+00,-0.000000000000000000e+00,0.000000000000000000e+00
1.220138907432556152e+00,-0.000000000000000000e+00,-0.000000000000000000e+00,0.000000000000000000e+00
1.223611235618591309e+00,-0.000000000000000000e+00,-0.000000000000000000e+00,0.000000000000000000e+00
1.227083325386047363e+00,-0.000000000000000000e+00,-0.000000000000000000e+00,0.000000000000000000e+00
1.230555653572082520e+00,-0.000000000000000000e+00,-0.000000000000000000e+00,0.000000000000000000e+00
1.234027862548828125e+00,-0.000000000000000000e+00,-0.000000000000000000e+00,0.000000000000000000e+00
1.237500071525573730e+00,-0.000000000000000000e+00,-0.000000000000000000e+00,0.000000000000000000e+00
1.240972280502319336e+00,-0.000000000000000000e+00,-0.000000000000000000e+00,0.000000000000000000e+00
1.244444489479064941e+00,-0.000000000000000000e+00,-0.000000000000000000e+00,0.000000000000000000e+00
1.247916698455810547e+00,-0.000000000000000000e+00,-0.000000000000000000e+00,0.000000000000000000e+00
1.251388907432556152e+00,-0.000000000000000000e+00,-0.000000000000000000e+00,0.000000000000000000e+00
1.254861235618591309e+00,-0.000000000000000000e+00,-0.000000000000000000e+00,0.000000000000000000e+00
1.258333325386047363e+00,-0.000000000000000000e+00,-0.000000000000000000e+00,0.000000000000000000e+00
1.261805653572082520e+00,-0.000000000000000000e+00,-0.000000000000000000e+00,0.000000000000000000e+00
1.265277862548828125e+00,-0.000000000000000000e+00,-0.000000000000000000e+00,0.000000000000000000e+00
1.268750071525573730e+00,-0.000000000000000000e+00,-0.000000000000000000e+00,0.000000000000000000e+00
1.272222280502319336e+00,-0.000000000000000000e+00,-0.000000000000000000e+00,0.000000000000000000e+00
1.275694489479064941e+00,-0.000000000000000000e+00,-0.000000000000000000e+00,0.000000000000000000e+00
1.279166698455810547e+00,-0.000000000000000000e+00,-0.000000000000000000e+00,0.000000000000000000e+00
1.282638907432556152e+00,-0.000000000000000000e+00,-0.000000000000000000e+00,0.000000000000000000e+00
1.286111235618591309e+00,-0.000000000000000000e+00,-0.000000000000000000e+00,0.000000000000000000e+00
1.289583325386047363e+00,-0.000000000000000000e+00,-0.000000000000000000e+00,0.000000000000000000e+00
1.293055653572082520e+00,-0.000000000000000000e+00,-0.000000000000000000e+00,0.000000000000000000e+00
1.296527862548828125e+00,-0.000000000000000000e+00,-0.000000000000000000e+00,0.000000000000000000e+00
1.300000071525573730e+00,-2.000000029802322388e-01,-1.435574173927307129e+00,-1.800000071525573730e+00
1.303472280502319336e+00,-1.000000000000000000e+00,-7.177870750427246094e+00,-9.000000000000000000e+00
1.306944489479064941e+00,-1.000000000000000000e+00,-7.177870750427246094e+00,-9.000000000000000000e+00
1.310416698455810547e+00,-1.000000000000000000e+00,-7.177870750427246094e+00,-9.000000000000000000e+00
1.313888907432556152e+00,-1.000000000000000000e+00,-7.177870750427246094e+00,-9.000000000000000000e+00
1.317361235618591309e+00,-1.000000000000000000e+00,-7.177870750427246094e+00,-9.000000000000000000e+00
1.320833325386047363e+00,-1.000000000000000000e+00,-7.177870750427246094e+00,-9.000000000000000000e+00
1.324305653572082520e+00,-1.000000000000000000e+00,-7.177870750427246094e+00,-9.000000000000000000e+00
1.327777862548828125e+00,-1.000000000000000000e+00,-7.177870750427246094e+00,-9.000000000000000000e+00
1.331250071525573730e+00,-1.000000000000000000e+00,-7.177870750427246094e+00,-9.000000000000000000e+00
1.334722399711608887e+00,-1.000000000000000000e+00,-7.177870750427246094e+00,-9.000000000000000000e+00
1.338194489479064941e+00,-1.000000000000000000e+00,-7.177870750427246094e+00,-9.000000000000000000e+00
1.341666698455810547e+00,-1.000000000000000000e+00,-7.177870750427246094e+00,-9.000000000000000000e+00
1.345139026641845703e+00,-1.000000000000000000e+00,-7.177870750427246094e+00,-9.000000000000000000e+00
1.348611235618591309e+00,-1.000000000000000000e+00,-7.177870750427246094e+00,-9.000000000000000000e+00
1.352083325386047363e+00,-1.000000000000000000e+00,-7.177870750427246094e+00,-9.000000000000000000e+00
1.355555653572082520e+00,-1.000000000000000000e+00,-7.177870750427246094e+00,-9.000000000000000000e+00
1.359027862548828125e+00,-1.000000000000000000e+00,-7.177870750427246094e+00,-9.000000000000000000e+00
1.362500071525573730e+00,-1.000000000000000000e+00,-7.177870750427246094e+00,-9.000000000000000000e+00
1.365972399711608887e+00,-1.000000000000000000e+00,-7.177870750427246094e+00,-9.000000000000000000e+00
1.369444489479064941e+00,-1.000000000000000000e+00,-7.177870750427246094e+00,-9.000000000000000000e+00
1.372916698455810547e+00,-1.000000000000000000e+00,-7.177870750427246094e+00,-9.000000000000000000e+00
1.376389026641845703e+00,-4.000000059604644775e-01,-2.871148347854614258e+00,-3.600000143051147461e+00
1.379861235618591309e+00,-0.000000000000000000e+00,-0.000000000000000000e+00,0.000000000000000000e+00
1.383333325386047363e+00,-0.000000000000000000e+00,-0.000000000000000000e+00,0.000000000000000000e+00
1.386805653572082520e+00,-0.000000000000000000e+00,-0.000000000000000000e+00,0.000000000000000000e+00
1.390277862548828125e+00,-0.000000000000000000e+00,-0.000000000000000000e+00,0.000000000000000000e+00
1.393750071525573730e+00,-0.000000000000000000e+00,-0.000000000000000000e+00,0.000000000000000000e+00
1.397222399711608887e+00,-0.000000000000000000e+00,-0.000000000000000000e+00,0.000000000000000000e+00
1.400694489479064941e+00,-0.000000000000000000e+00,-0.000000000000000000e+00,0.000000000000000000e+00
1.404166698455810547e+00,-0.000000000000000000e+00,-0.000000000000000000e+00,0.000000000000000000e+00
1.407639026641845703e+00,-0.000000000000000000e+00,-0.000000000000000000e+00,0.000000000000000000e+00
1.411111235618591309e+00,-0.000000000000000000e+00,-0.000000000000000000e+00,0.000000000000000000e+00
1.414583325386047363e+00,-0.000000000000000000e+00,-0.000000000000000000e+00,0.000000000000000000e+00
1.418055653572082520e+00,-0.000000000000000000e+00,-0.000000000000000000e+00,0.000000000000000000e+00
1.421527862548828125e+00,-0.000000000000000000e+00,-0.000000000000000000e+00,0.000000000000000000e+00
1.425000071525573730e+00,-0.000000000000000000e+00,-0.000000000000000000e+00,0.000000000000000000e+00
1.428472399711608887e+00,-0.000000000000000000e+00,-0.000000000000000000e+00,0.000000000000000000e+00
1.431944489479064941e+00,-0.000000000000000000e+00,-0.000000000000000000e+00,0.000000000000000000e+00
1.435416698455810547e+00,-0.000000000000000000e+00,-0.000000000000000000e+00,0.000000000000000000e+00
1.438889026641845703e+00,-0.000000000000000000e+00,-0.000000000000000000e+00,0.000000000000000000e+00
1.442361235618591309e+00,-0.000000000000000000e+00,-0.000000000000000000e+00,0.000000000000000000e+00
1.445833325386047363e+00,-0.000000000000000000e+00,-0.000000000000000000e+00,0.000000000000000000e+00
1.449305653572082520e+00,-0.000000000000000000e+00,-0.000000000000000000e+00,0.000000000000000000e+00
1.452777862548828125e+00,-0.000000000000000000e+00,-0.000000000000000000e+00,0.000000000000000000e+00
1.456250071525573730e+00,-0.000000000000000000e+00,-0.000000000000000000e+00,0.000000000000000000e+00
1.459722399711608887e+00,-0.000000000000000000e+00,-0.000000000000000000e+00,0.000000000000000000e+00
1.463194489479064941e+00,-6.000000238418579102e-01,-4.306722640991210938e+00,-5.400000095367431641e+00
1.466666698455810547e+00,-1.000000000000000000e+00,-7.177870750427246094e+00,-9.000000000000000000e+00
1.470139026641845703e+00,-1.000000000000000000e+00,-7.177870750427246094e+00,-9.000000000000000000e+00
1.473611235618591309e+00,-1.000000000000000000e+00,-7.177870750427246094e+00,-9.000000000000000000e+00
1.477083325386047363e+00,-1.000000000000000000e+00,-7.177870750427246094e+00,-9.000000000000000000e+00
1.480555653572082520e+00,-1.000000000000000000e+00,-7.177870750427246094e+00,-9.000000000000000000e+00
1.484027862548828125e+00,-1.000000000000000000e+00,-7.177870750427246094e+00,-9.000000000000000000e+00
1.487500071525573730e+00,-1.000000000000000000e+00,-7.177870750427246094e+00,-9.000000000000000000e+00
1.490972399711608887e+00,-1.000000000000000000e+00,-7.177870750427246094e+00,-9.000000000000000000e+00
1.494444489479064941e+00,-1.000000000000000000e+00,-7.177870750427246094e+00,-9.000000000000000000e+00
1.497916698455810547e+00,-1.000000000000000000e+00,-7.177870750427246094e+00,-9.000000000000000000e+00
1.501389026641845703e+00,-1.000000000000000000e+00,-7.177870750427246094e+00,-9.000000000000000000e+00
1.504861235618591309e+00,-1.000000000000000000e+00,-7.177870750427246094e+00,-9.000000000000000000e+00
1.508333325386047363e+00,-1.000000000000000000e+00,-7.177870750427246094e+00,-9.000000000000000000e+00
1.511805653572082520e+00,-1.000000000000000000e+00,-7.177870750427246094e+00,-9.000000000000000000e+00
1.515277862548828125e+00,-1.000000000000000000e+00,-7.177870750427246094e+00,-9.000000000000000000e+00
1.518750071525573730e+00,-1.000000000000000000e+00,-7.177870750427246094e+00,-9.000000000000000000e+00
1.522222399711608887e+00,-1.000000000000000000e+00,-7.177870750427246094e+00,-9.000000000000000000e+00
1.525694489479064941e+00,-1.000000000000000000e+00,-7.177870750427246094e+00,-9.000000000000000000e+00
1.529166698455810547e+00,-1.000000000000000000e+00,-7.177870750427246094e+00,-9.000000000000000000e+00
1.532639026641845703e+00,-1.000000000000000000e+00,-7.177870750427246094e+00,-9.000000000000000000e+00
1.536111235618591309e+00,-1.000000000000000000e+00,-7.177870750427246094e+00,-9.000000000000000000e+00
1.539583325386047363e+00,-1.000000000000000000e+00,-7.177870750427246094e+00,-9.000000000000000000e+00
1.543055653572082520e+00,-1.000000000000000000e+00,-7.177870750427246094e+00,-9.000000000000000000e+00
1.546527862548828125e+00,-1.000000000000000000e+00,-7.177870750427246094e+00,-9.000000000000000000e+00
1.550000071525573730e+00,-1.000000000000000000e+00,-7.177870750427246094e+00,-9.000000000000000000e+00
1.553472399711608887e+00,-1.000000000000000000e+00,-7.177870750427246094e+00,-9.000000000000000000e+00
1.556944489479064941e+00,-8.000000119209289551e-01,-5.742296695709228516e+00,-7.200000286102294922e+00
1.560416698455810547e+00,-0.000000000000000000e+00,-0.000000000000000000e+00,0.000000000000000000e+00
1.563889026641845703e+00,-0.000000000000000000e+00,-0.000000000000000000e+00,0.000000000000000000e+00
1.567361235618591309e+00,-0.000000000000000000e+00,-0.000000000000000000e+00,0.000000000000000000e+00
1.570833325386047363e+00,-0.000000000000000000e+00,-0.000000000000000000e+00,0.000000000000000000e+00
1.574305653572082520e+00,-0.000000000000000000e+00,-0.000000000000000000e+00,0.000000000000000000e+00
1.577777862548828125e+00,-0.000000000000000000e+00,-0.000000000000000000e+00,0.000000000000000000e+00
1.581250071525573730e+00,-0.000000000000000000e+00,-0.000000000000000000e+00,0.000000000000000000e+00
1.584722399711608887e+00,-0.000000000000000000e+00,-0.000000000000000000e+00,0.000000000000000000e+00
1.588194489479064941e+00,-0.000000000000000000e+00,-0.000000000000000000e+00,0.000000000000000000e+00
1.591666698455810547e+00,-0.000000000000000000e+00,-0.000000000000000000e+00,0.000000000000000000e+00
1.595139026641845703e+00,-0.000000000000000000e+00,-0.000000000000000000e+00,0.000000000000000000e+00
1.598611235618591309e+00,-0.000000000000000000e+00,-0.000000000000000000e+00,0.000000000000000000e+00
1.602083325386047363e+00,-4.000000059604644775e-01,-2.871148347854614258e+00,-3.600000143051147461e+00
1.605555653572082520e+00,-1.000000000000000000e+00,-7.177870750427246094e+00,-9.000000000000000000e+00
1.609027862548828125e+00,-1.000000000000000000e+00,-7.177870750427246094e+00,-9.000000000000000000e+00
1.612500071525573730e+00,-1.000000000000000000e+00,-7.177870750427246094e+00,-9.000000000000000000e+00
1.615972399711608887e+00,-1.000000000000000000e+00,-7.177870750427246094e+00,-9.000000000000000000e+00
1.619444489479064941e+00,-1.000000000000000000e+00,-7.177870750427246094e+00,-9.000000000000000000e+00
1.622916698455810547e+00,-1.000000000000000000e+00,-7.177870750427246094e+00,-9.000000000000000000e+00
1.626389026641845703e+00,-1.000000000000000000e+00,-7.177870750427246094e+00,-9.000000000000000000e+00
1.629861235618591309e+00,-1.000000000000000000e+00,-7.177870750427246094e+00,-9.000000000000000000e+00
1.633333325386047363e+00,-1.000000000000000000e+00,-7.177870750427246094e+00,-9.000000000000000000e+00
1.636805653572082520e+00,-1.000000000000000000e+00,-7.177870750427246094e+00,-9.000000000000000000e+00
1.640277862548828125e+00,-1.000000000000000000e+00,-7.177870750427246094e+00,-9.000000000000000000e+00
1.643750071525573730e+00,-1.000000000000000000e+00,-7.177870750427246094e+00,-9.000000000000000000e+00
1.647222399711608887e+00,-1.000000000000000000e+00,-7.177870750427246094e+00,-9.000000000000000000e+00
1.650694489479064941e+00,-1.000000000000000000e+00,-7.177870750427246094e+00,-9.000000000000000000e+00
1.654166698455810547e+00,-1.000000000000000000e+00,-7.177870750427246094e+00,-9.000000000000000000e+00
1.657639026641845703e+00,-1.000000000000000000e+00,-7.177870750427246094e+00,-9.000000000000000000e+00
1.661111235618591309e+00,-1.000000000000000000e+00,-7.177870750427246094e+00,-9.000000000000000000e+00
1.664583325386047363e+00,-1.000000000000000000e+00,-7.177870750427246094e+00,-9.000000000000000000e+00
1.668055653572082520e+00,-1.000000000000000000e+00,-7.177870750427246094e+00,-9.000000000000000000e+00
1.671527862548828125e+00,-1.000000000000000000e+00,-7.177870750427246094e+00,-9.000000000000000000e+00
1.675000071525573730e+00,-1.000000000000000000e+00,-7.177870750427246094e+00,-9.000000000000000000e+00
1.678472399711608887e+00,-1.000000000000000000e+00,-7.177870750427246094e+00,-9.000000000000000000e+00
1.681944489479064941e+00,-1.000000000000000000e+00,-7.177870750427246094e+00,-9.000000000000000000e+00
1.685416698455810547e+00,-1.000000000000000000e+00,-7.177870750427246094e+00,-9.000000000000000000e+00
1.688889026641845703e+00,-1.000000000000000000e+00,-7.177870750427246094e+00,-9.000000000000000000e+00
1.692361235618591309e+00,-1.000000000000000000e+00,-7.177870750427246094e+00,-9.000000000000000000e+00
1.695833325386047363e+00,-1.000000000000000000e+00,-7.177870750427246094e+00,-9.000000000000000000e+00
1.699305653572082520e+00,-1.000000000000000000e+00,-7.177870750427246094e+00,-9.000000000000000000e+00
1.702777862548828125e+00,-1.000000000000000000e+00,-7.177870750427246094e+00,-9.000000000000000000e+00
1.706250071525573730e+00,-1.000000000000000000e+00,-7.177870750427246094e+00,-9.000000000000000000e+00
1.709722399711608887e+00,-1.000000000000000000e+00,-7.177870750427246094e+00,-9.000000000000000000e+00
1.713194489479064941e+00,-1.000000000000000000e+00,-7.177870750427246094e+00,-9.000000000000000000e+00
1.716666698455810547e+00,-1.000000000000000000e+00,-7.177870750427246094e+00,-9.000000000000000000e+00
1.720139026641845703e+00,-1.000000000000000000e+00,-7.177870750427246094e+00,-9.000000000000000000e+00
1.723611235618591309e+00,-1.000000000000000000e+00,-7.177870750427246094e+00,-9.000000000000000000e+00
1.727083325386047363e+00,-1.000000000000000000e+00,-7.177870750427246094e+00,-9.000000000000000000e+00
1.730555653572082520e+00,-1.000000000000000000e+00,-7.177870750427246094e+00,-9.000000000000000000e+00
1.734027862548828125e+00,-1.000000000000000000e+00,-7.177870750427246094e+00,-9.000000000000000000e+00
1.737500071525573730e+00,-4.000000059604644775e-01,-2.871148347854614258e+00,-3.600000143051147461e+00
1.740972399711608887e+00,-0.000000000000000000e+00,-0.000000000000000000e+00,0.000000000000000000e+00
1.744444489479064941e+00,-0.000000000000000000e+00,-0.000000000000000000e+00,0.000000000000000000e+00
1.747916698455810547e+00,-0.000000000000000000e+00,-0.000000000000000000e+00,0.000000000000000000e+00
1.751389026641845703e+00,-0.000000000000000000e+00,-0.000000000000000000e+00,0.000000000000000000e+00
1.754861235618591309e+00,-0.000000000000000000e+00,-0.000000000000000000e+00,0.000000000000000000e+00
1.758333325386047363e+00,-0.000000000000000000e+00,-0.000000000000000000e+00,0.000000000000000000e+00
1.761805653572082520e+00,-0.000000000000000000e+00,-0.000000000000000000e+00,0.000000000000000000e+00
1.765277862548828125e+00,-0.000000000000000000e+00,-0.000000000000000000e+00,0.000000000000000000e+00
1.768750071525573730e+00,-0.000000000000000000e+00,-0.000000000000000000e+00,0.000000000000000000e+00
1.772222399711608887e+00,-0.000000000000000000e+00,-0.000000000000000000e+00,0.000000000000000000e+00
1.775694489479064941e+00,-0.000000000000000000e+00,-0.000000000000000000e+00,0.000000000000000000e+00
1.779166698455810547e+00,-0.000000000000000000e+00,-0.000000000000000000e+00,0.000000000000000000e+00
1.782639026641845703e+00,-0.000000000000000000e+00,-0.000000000000000000e+00,0.000000000000000000e+00
1.786111235618591309e+00,-0.000000000000000000e+00,-0.000000000000000000e+00,0.000000000000000000e+00
1.789583325386047363e+00,-0.000000000000000000e+00,-0.000000000000000000e+00,0.000000000000000000e+00
1.793055653572082520e+00,-0.000000000000000000e+00,-0.000000000000000000e+00,0.000000000000000000e+00
1.796527862548828125e+00,-0.000000000000000000e+00,-0.000000000000000000e+00,0.000000000000000000e+00
1.800000071525573730e+00,-0.000000000000000000e+00,-0.000000000000000000e+00,0.000000000000000000e+00
1.803472399711608887e+00,-0.000000000000000000e+00,-0.000000000000000000e+00,0.000000000000000000e+00
1.806944489479064941e+00,-1.000000000000000000e+00,-7.177870750427246094e+00,-9.000000000000000000e+00
1.810416698455810547e+00,-1.000000000000000000e+00,-7.177870750427246094e+00,-9.000000000000000000e+00
1.813889026641845703e+00,-1.000000000000000000e+00,-7.177870750427246094e+00,-9.000000000000000000e+00
1.817361235618591309e+00,-1.000000000000000000e+00,-7.177870750427246094e+00,-9.000000000000000000e+00
1.820833325386047363e+00,-1.000000000000000000e+00,-7.177870750427246094e+00,-9.000000000000000000e+00
1.824305653572082520e+00,-1.000000000000000000e+00,-7.177870750427246094e+00,-9.000000000000000000e+00
1.827777862548828125e+00,-1.000000000000000000e+00,-7.177870750427246094e+00,-9.000000000000000000e+00
1.831250071525573730e+00,-1.000000000000000000e+00,-7.177870750427246094e+00,-9.000000000000000000e+00
1.834722399711608887e+00,-1.000000000000000000e+00,-7.177870750427246094e+00,-9.000000000000000000e+00
1.838194489479064941e+00,-1.000000000000000000e+00,-7.177870750427246094e+00,-9.000000000000000000e+00
1.841666698455810547e+00,-1.000000000000000000e+00,-7.177870750427246094e+00,-9.000000000000000000e+00
1.845139026641845703e+00,-1.000000000000000000e+00,-7.177870750427246094e+00,-9.000000000000000000e+00
1.848611235618591309e+00,-1.000000000000000000e+00,-7.177870750427246094e+00,-9.000000000000000000e+00
1.852083325386047363e+00,-1.000000000000000000e+00,-7.177870750427246094e+00,-9.000000000000000000e+00
1.855555653572082520e+00,-1.000000000000000000e+00,-7.177870750427246094e+00,-9.000000000000000000e+00
1.859027862548828125e+00,-1.000000000000000000e+00,-7.177870750427246094e+00,-9.000000000000000000e+00
1.862500071525573730e+00,-1.000000000000000000e+00,-7.177870750427246094e+00,-9.000000000000000000e+00
1.865972399711608887e+00,-1.000000000000000000e+00,-7.177870750427246094e+00,-9.000000000000000000e+00
1.869444489479064941e+00,-1.000000000000000000e+00,-7.177870750427246094e+00,-9.000000000000000000e+00
1.872916698455810547e+00,-4.000000059604644775e-01,-2.871148347854614258e+00,-3.600000143051147461e+00
1.876389026641845703e+00,-0.000000000000000000e+00,-0.000000000000000000e+00,0.000000000000000000e+00
1.879861235618591309e+00,-0.000000000000000000e+00,-0.000000000000000000e+00,0.000000000000000000e+00
1.883333325386047363e+00,-0.000000000000000000e+00,-0.000000000000000000e+00,0.000000000000000000e+00
1.886805653572082520e+00,-0.000000000000000000e+00,-0.000000000000000000e+00,0.000000000000000000e+00
1.890277862548828125e+00,-0.000000000000000000e+00,-0.000000000000000000e+00,0.000000000000000000e+00
1.893750071525573730e+00,-0.000000000000000000e+00,-0.000000000000000000e+00,0.000000000000000000e+00
1.897222399711608887e+00,-0.000000000000000000e+00,-0.000000000000000000e+00,0.000000000000000000e+00
1.900694489479064941e+00,-0.000000000000000000e+00,-0.000000000000000000e+00,0.000000000000000000e+00
1.904166698455810547e+00,-0.000000000000000000e+00,-0.000000000000000000e+00,0.000000000000000000e+00
1.907639026641845703e+00,-0.000000000000000000e+00,-0.000000000000000000e+00,0.000000000000000000e+00
1.911111235618591309e+00,-0.000000000000000000e+00,-0.000000000000000000e+00,0.000000000000000000e+00
1.914583325386047363e+00,-0.000000000000000000e+00,-0.000000000000000000e+00,0.000000000000000000e+00
1.918055653572082520e+00,-0.000000000000000000e+00,-0.000000000000000000e+00,0.000000000000000000e+00
1.921527862548828125e+00,-0.000000000000000000e+00,-0.000000000000000000e+00,0.000000000000000000e+00
1.925000071525573730e+00,-0.000000000000000000e+00,-0.000000000000000000e+00,0.000000000000000000e+00
1.928472399711608887e+00,-0.000000000000000000e+00,-0.000000000000000000e+00,0.000000000000000000e+00
1.931944489479064941e+00,-0.000000000000000000e+00,-0.000000000000000000e+00,0.000000000000000000e+00
1.935416817665100098e+00,-0.000000000000000000e+00,-0.000000000000000000e+00,0.000000000000000000e+00
1.938889026641845703e+00,-0.000000000000000000e+00,-0.000000000000000000e+00,0.000000000000000000e+00
1.942361235618591309e+00,-0.000000000000000000e+00,-0.000000000000000000e+00,0.000000000000000000e+00
1.945833563804626465e+00,-0.000000000000000000e+00,-0.000000000000000000e+00,0.000000000000000000e+00
1.949305653572082520e+00,-0.000000000000000000e+00,-0.000000000000000000e+00,0.000000000000000000e+00
1.952777862548828125e+00,-0.000000000000000000e+00,-0.000000000000000000e+00,0.000000000000000000e+00
1.956250190734863281e+00,-0.000000000000000000e+00,-0.000000000000000000e+00,0.000000000000000000e+00
1.959722399711608887e+00,-0.000000000000000000e+00,-0.000000000000000000e+00,0.000000000000000000e+00
1.963194489479064941e+00,-0.000000000000000000e+00,-0.000000000000000000e+00,0.000000000000000000e+00
1.966666817665100098e+00,-0.000000000000000000e+00,-0.000000000000000000e+00,0.000000000000000000e+00
1.970139026641845703e+00,-0.000000000000000000e+00,-0.000000000000000000e+00,0.000000000000000000e+00
1.973611235618591309e+00,-0.000000000000000000e+00,-0.000000000000000000e+00,0.000000000000000000e+00
1.977083563804626465e+00,-0.000000000000000000e+00,-0.000000000000000000e+00,0.000000000000000000e+00
1.980555653572082520e+00,-0.000000000000000000e+00,-0.000000000000000000e+00,0.000000000000000000e+00
1.984027862548828125e+00,-0.000000000000000000e+00,-0.000000000000000000e+00,0.000000000000000000e+00
1.987500190734863281e+00,-0.000000000000000000e+00,-0.000000000000000000e+00,0.000000000000000000e+00
1.990972399711608887e+00,-0.000000000000000000e+00,-0.000000000000000000e+00,0.000000000000000000e+00
1.994444489479064941e+00,-0.000000000000000000e+00,-0.000000000000000000e+00,0.000000000000000000e+00
1.997916817665100098e+00,-0.000000000000000000e+00,-0.000000000000000000e+00,0.000000000000000000e+00
2.001389026641845703e+00,-0.000000000000000000e+00,-0.000000000000000000e+00,0.000000000000000000e+00
2.004861116409301758e+00,-0.000000000000000000e+00,-0.000000000000000000e+00,0.000000000000000000e+00
2.008333444595336914e+00,-0.000000000000000000e+00,-0.000000000000000000e+00,0.000000000000000000e+00
2.011805772781372070e+00,-0.000000000000000000e+00,-0.000000000000000000e+00,0.000000000000000000e+00
2.015277862548828125e+00,-0.000000000000000000e+00,-0.000000000000000000e+00,0.000000000000000000e+00
2.018750190734863281e+00,-0.000000000000000000e+00,-0.000000000000000000e+00,0.000000000000000000e+00
2.022222280502319336e+00,-0.000000000000000000e+00,-0.000000000000000000e+00,0.000000000000000000e+00
2.025694608688354492e+00,-0.000000000000000000e+00,-0.000000000000000000e+00,0.000000000000000000e+00
2.029166936874389648e+00,-0.000000000000000000e+00,-0.000000000000000000e+00,0.000000000000000000e+00
2.032639026641845703e+00,-0.000000000000000000e+00,-0.000000000000000000e+00,0.000000000000000000e+00
2.036111116409301758e+00,-0.000000000000000000e+00,-0.000000000000000000e+00,0.000000000000000000e+00
2.039583444595336914e+00,-0.000000000000000000e+00,-0.000000000000000000e+00,0.000000000000000000e+00
2.043055772781372070e+00,-0.000000000000000000e+00,-0.000000000000000000e+00,0.000000000000000000e+00
2.046527862548828125e+00,-0.000000000000000000e+00,-0.000000000000000000e+00,0.000000000000000000e+00
2.050000190734863281e+00,-0.000000000000000000e+00,-0.000000000000000000e+00,0.000000000000000000e+00
2.053472280502319336e+00,-0.000000000000000000e+00,-0.000000000000000000e+00,0.000000000000000000e+00
2.056944608688354492e+00,-0.000000000000000000e+00,-0.000000000000000000e+00,0.000000000000000000e+00
2.060416936874389648e+00,-0.000000000000000000e+00,-0.000000000000000000e+00,0.000000000000000000e+00
2.063889026641845703e+00,-0.000000000000000000e+00,-0.000000000000000000e+00,0.000000000000000000e+00
2.067361116409301758e+00,-0.000000000000000000e+00,-0.000000000000000000e+00,0.000000000000000000e+00
2.070833444595336914e+00,-0.000000000000000000e+00,-0.000000000000000000e+00,0.000000000000000000e+00
2.074305772781372070e+00,-0.000000000000000000e+00,-0.000000000000000000e+00,0.000000000000000000e+00
2.077777862548828125e+00,-0.000000000000000000e+00,-0.000000000000000000e+00,0.000000000000000000e+00
2.081250190734863281e+00,-0.000000000000000000e+00,-0.000000000000000000e+00,0.000000000000000000e+00
2.084722280502319336e+00,-0.000000000000000000e+00,-0.000000000000000000e+00,0.000000000000000000e+00
2.088194608688354492e+00,-0.000000000000000000e+00,-0.000000000000000000e+00,0.000000000000000000e+00
2.091666936874389648e+00,-0.000000000000000000e+00,-0.000000000000000000e+00,0.000000000000000000e+00
2.095139026641845703e+00,-0.000000000000000000e+00,-0.000000000000000000e+00,0.000000000000000000e+00
2.098611116409301758e+00,-0.000000000000000000e+00,-0.000000000000000000e+00,0.000000000000000000e+00
2.102083444595336914e+00,-0.000000000000000000e+00,-0.000000000000000000e+00,0.000000000000000000e+00
2.105555772781372070e+00,-0.000000000000000000e+00,-0.000000000000000000e+00,0.000000000000000000e+00
2.109027862548828125e+00,-0.000000000000000000e+00,-0.000000000000000000e+00,0.000000000000000000e+00
2.112500190734863281e+00,-0.000000000000000000e+00,-0.000000000000000000e+00,0.000000000000000000e+00
2.115972280502319336e+00,-0.000000000000000000e+00,-0.000000000000000000e+00,0.000000000000000000e+00
2.119444608688354492e+00,-0.000000000000000000e+00,-0.000000000000000000e+00,0.000000000000000000e+00
2.122916936874389648e+00,-0.000000000000000000e+00,-0.000000000000000000e+00,0.000000000000000000e+00
2.126389026641845703e+00,-0.000000000000000000e+00,-0.000000000000000000e+00,0.000000000000000000e+00
2.129861116409301758e+00,-0.000000000000000000e+00,-0.000000000000000000e+00,0.000000000000000000e+00
2.133333683013916016e+00,-0.000000000000000000e+00,-0.000000000000000000e+00,0.000000000000000000e+00
2.136805772781372070e+00,-0.000000000000000000e+00,-0.000000000000000000e+00,0.000000000000000000e+00
2.140277862548828125e+00,-0.000000000000000000e+00,-0.000000000000000000e+00,0.000000000000000000e+00
2.143750429153442383e+00,-0.000000000000000000e+00,-0.000000000000000000e+00,0.000000000000000000e+00
2.147222280502319336e+00,-0.000000000000000000e+00,-0.000000000000000000e+00,0.000000000000000000e+00
2.150694608688354492e+00,-0.000000000000000000e+00,-0.000000000000000000e+00,0.000000000000000000e+00
2.154166936874389648e+00,-0.000000000000000000e+00,-0.000000000000000000e+00,0.000000000000000000e+00
2.157639026641845703e+00,-0.000000000000000000e+00,-0.000000000000000000e+00,0.000000000000000000e+00
2.161111116409301758e+00,-0.000000000000000000e+00,-0.000000000000000000e+00,0.000000000000000000e+00
2.164583683013916016e+00,-0.000000000000000000e+00,-0.000000000000000000e+00,0.000000000000000000e+00
2.168055772781372070e+00,-0.000000000000000000e+00,-0.000000000000000000e+00,0.000000000000000000e+00
2.171527862548828125e+00,-0.000000000000000000e+00,-0.000000000000000000e+00,0.000000000000000000e+00
2.175000429153442383e+00,-0.000000000000000000e+00,-0.000000000000000000e+00,0.000000000000000000e+00
2.178472280502319336e+00,-0.000000000000000000e+00,-0.000000000000000000e+00,0.000000000000000000e+00
2.181944608688354492e+00,-0.000000000000000000e+00,-0.000000000000000000e+00,0.000000000000000000e+00
2.185416936874389648e+00,-0.000000000000000000e+00,-0.000000000000000000e+00,0.000000000000000000e+00
2.188889026641845703e+00,-0.000000000000000000e+00,-0.000000000000000000e+00,0.000000000000000000e+00
2.192361116409301758e+00,-0.000000000000000000e+00,-0.000000000000000000e+00,0.000000000000000000e+00
2.195833683013916016e+00,-0.000000000000000000e+00,-0.000000000000000000e+00,0.000000000000000000e+00
2.199305772781372070e+00,-0.000000000000000000e+00,-0.000000000000000000e+00,0.000000000000000000e+00
2.202777862548828125e+00,-0.000000000000000000e+00,-0.000000000000000000e+00,0.000000000000000000e+00
2.206250429153442383e+00,-0.000000000000000000e+00,-0.000000000000000000e+00,0.000000000000000000e+00
2.209722280502319336e+00,-0.000000000000000000e+00,-0.000000000000000000e+00,0.000000000000000000e+00
2.213194608688354492e+00,-0.000000000000000000e+00,-0.000000000000000000e+00,0.000000000000000000e+00
2.216666936874389648e+00,-0.000000000000000000e+00,-0.000000000000000000e+00,0.000000000000000000e+00
2.220139026641845703e+00,-0.000000000000000000e+00,-0.000000000000000000e+00,0.000000000000000000e+00
2.223611116409301758e+00,-0.000000000000000000e+00,-0.000000000000000000e+00,0.000000000000000000e+00
2.227083683013916016e+00,-0.000000000000000000e+00,-0.000000000000000000e+00,0.000000000000000000e+00
2.230555772781372070e+00,-0.000000000000000000e+00,-0.000000000000000000e+00,0.000000000000000000e+00
2.234027862548828125e+00,-0.000000000000000000e+00,-0.000000000000000000e+00,0.000000000000000000e+00
2.237500429153442383e+00,-0.000000000000000000e+00,-0.000000000000000000e+00,0.000000000000000000e+00
2.240972280502319336e+00,-0.000000000000000000e+00,-0.000000000000000000e+00,0.000000000000000000e+00
2.244444608688354492e+00,-0.000000000000000000e+00,-0.000000000000000000e+00,0.000000000000000000e+00
2.247916936874389648e+00,-0.000000000000000000e+00,-0.000000000000000000e+00,0.000000000000000000e+00
2.251389026641845703e+00,-0.000000000000000000e+00,-0.000000000000000000e+00,0.000000000000000000e+00
2.254861116409301758e+00,-0.000000000000000000e+00,-0.000000000000000000e+00,0.000000000000000000e+00
2.258333683013916016e+00,-0.000000000000000000e+00,-0.000000000000000000e+00,0.000000000000000000e+00
2.261805772781372070e+00,-0.000000000000000000e+00,-0.000000000000000000e+00,0.000000000000000000e+00
2.265277862548828125e+00,-0.000000000000000000e+00,-0.000000000000000000e+00,0.000000000000000000e+00
2.268750429153442383e+00,-0.000000000000000000e+00,-0.000000000000000000e+00,0.000000000000000000e+00
2.272222280502319336e+00,-0.000000000000000000e+00,-0.000000000000000000e+00,0.000000000000000000e+00
2.275694608688354492e+00,-0.000000000000000000e+00,-0.000000000000000000e+00,0.000000000000000000e+00
2.279166936874389648e+00,-0.000000000000000000e+00,-0.000000000000000000e+00,0.000000000000000000e+00
2.282639026641845703e+00,-0.000000000000000000e+00,-0.000000000000000000e+00,0.000000000000000000e+00
2.286111116409301758e+00,-0.000000000000000000e+00,-0.000000000000000000e+00,0.000000000000000000e+00
2.289583683013916016e+00,-0.000000000000000000e+00,-0.000000000000000000e+00,0.000000000000000000e+00
2.293055772781372070e+00,-0.000000000000000000e+00,-0.000000000000000000e+00,0.000000000000000000e+00
2.296527862548828125e+00,-0.000000000000000000e+00,-0.000000000000000000e+00,0.000000000000000000e+00
2.300000429153442383e+00,-0.000000000000000000e+00,-0.000000000000000000e+00,0.000000000000000000e+00
2.303472280502319336e+00,-0.000000000000000000e+00,-0.000000000000000000e+00,0.000000000000000000e+00
2.306944608688354492e+00,-0.000000000000000000e+00,-0.000000000000000000e+00,0.000000000000000000e+00
2.310416936874389648e+00,-0.000000000000000000e+00,-0.000000000000000000e+00,0.000000000000000000e+00
2.313889026641845703e+00,-0.000000000000000000e+00,-0.000000000000000000e+00,0.000000000000000000e+00
2.317361116409301758e+00,-0.000000000000000000e+00,-0.000000000000000000e+00,0.000000000000000000e+00
2.320833683013916016e+00,-0.000000000000000000e+00,-0.000000000000000000e+00,0.000000000000000000e+00
2.324305772781372070e+00,-0.000000000000000000e+00,-0.000000000000000000e+00,0.000000000000000000e+00
2.327777862548828125e+00,-0.000000000000000000e+00,-0.000000000000000000e+00,0.000000000000000000e+00
2.331250429153442383e+00,-0.000000000000000000e+00,-0.000000000000000000e+00,0.000000000000000000e+00
2.334722280502319336e+00,-0.000000000000000000e+00,-0.000000000000000000e+00,0.000000000000000000e+00
2.338194608688354492e+00,-0.000000000000000000e+00,-0.000000000000000000e+00,0.000000000000000000e+00
2.341666936874389648e+00,-0.000000000000000000e+00,-0.000000000000000000e+00,0.000000000000000000e+00
2.345139026641845703e+00,-0.000000000000000000e+00,-0.000000000000000000e+00,0.000000000000000000e+00
2.348611116409301758e+00,-0.000000000000000000e+00,-0.000000000000000000e+00,0.000000000000000000e+00
2.352083683013916016e+00,-0.000000000000000000e+00,-0.000000000000000000e+00,0.000000000000000000e+00
2.355555772781372070e+00,-0.000000000000000000e+00,-0.000000000000000000e+00,0.000000000000000000e+00
2.359027862548828125e+00,-0.000000000000000000e+00,-0.000000000000000000e+00,0.000000000000000000e+00
2.362500429153442383e+00,-0.000000000000000000e+00,-0.000000000000000000e+00,0.000000000000000000e+00
2.365972280502319336e+00,-0.000000000000000000e+00,-0.000000000000000000e+00,0.000000000000000000e+00
2.369444608688354492e+00,-0.000000000000000000e+00,-0.000000000000000000e+00,0.000000000000000000e+00
2.372916936874389648e+00,-0.000000000000000000e+00,-0.000000000000000000e+00,0.000000000000000000e+00
2.376389026641845703e+00,-0.000000000000000000e+00,-0.000000000000000000e+00,0.000000000000000000e+00
2.379861116409301758e+00,-0.000000000000000000e+00,-0.000000000000000000e+00,0.000000000000000000e+00
2.383333683013916016e+00,-0.000000000000000000e+00,-0.000000000000000000e+00,0.000000000000000000e+00
2.386805772781372070e+00,-0.000000000000000000e+00,-0.000000000000000000e+00,0.000000000000000000e+00
2.390277862548828125e+00,-0.000000000000000000e+00,-0.000000000000000000e+00,0.000000000000000000e+00
2.393750429153442383e+00,-0.000000000000000000e+00,-0.000000000000000000e+00,0.000000000000000000e+00
2.397222280502319336e+00,-0.000000000000000000e+00,-0.000000000000000000e+00,0.000000000000000000e+00
2.400694608688354492e+00,-0.000000000000000000e+00,-0.000000000000000000e+00,0.000000000000000000e+00
2.404166936874389648e+00,-0.000000000000000000e+00,-0.000000000000000000e+00,0.000000000000000000e+00
2.407639026641845703e+00,-4.000000059604644775e-01,-2.871148347854614258e+00,-3.600000143051147461e+00
2.411111116409301758e+00,-1.000000000000000000e+00,-7.177870750427246094e+00,-9.000000000000000000e+00
2.414583683013916016e+00,-1.000000000000000000e+00,-7.177870750427246094e+00,-9.000000000000000000e+00
2.418055772781372070e+00,-1.000000000000000000e+00,-7.177870750427246094e+00,-9.000000000000000000e+00
2.421527862548828125e+00,-1.000000000000000000e+00,-7.177870750427246094e+00,-9.000000000000000000e+00
2.425000429153442383e+00,-1.000000000000000000e+00,-7.177870750427246094e+00,-9.000000000000000000e+00
2.428472280502319336e+00,-1.000000000000000000e+00,-7.177870750427246094e+00,-9.000000000000000000e+00
2.431944608688354492e+00,-1.000000000000000000e+00,-7.177870750427246094e+00,-9.000000000000000000e+00
2.435416936874389648e+00,-1.000000000000000000e+00,-7.177870750427246094e+00,-9.000000000000000000e+00
2.438889026641845703e+00,-1.000000000000000000e+00,-7.177870750427246094e+00,-9.000000000000000000e+00
2.442361116409301758e+00,-1.000000000000000000e+00,-7.177870750427246094e+00,-9.000000000000000000e+00
2.445833683013916016e+00,-1.000000000000000000e+00,-7.177870750427246094e+00,-9.000000000000000000e+00
2.449305772781372070e+00,-1.000000000000000000e+00,-7.177870750427246094e+00,-9.000000000000000000e+00
2.452777862548828125e+00,-1.000000000000000000e+00,-7.177870750427246094e+00,-9.000000000000000000e+00
2.456250429153442383e+00,-1.000000000000000000e+00,-7.177870750427246094e+00,-9.000000000000000000e+00
2.459722280502319336e+00,-1.000000000000000000e+00,-7.177870750427246094e+00,-9.000000000000000000e+00
2.463194608688354492e+00,-1.000000000000000000e+00,-7.177870750427246094e+00,-9.000000000000000000e+00
2.466666936874389648e+00,-1.000000000000000000e+00,-7.177870750427246094e+00,-9.000000000000000000e+00
2.470139026641845703e+00,-1.000000000000000000e+00,-7.177870750427246094e+00,-9.000000000000000000e+00
2.473611116409301758e+00,-1.000000000000000000e+00,-7.177870750427246094e+00,-9.000000000000000000e+00
2.477083683013916016e+00,-4.000000059604644775e-01,-2.871148347854614258e+00,-3.600000143051147461e+00
2.480555772781372070e+00,-0.000000000000000000e+00,-0.000000000000000000e+00,0.000000000000000000e+00
2.484027862548828125e+00,-0.000000000000000000e+00,-0.000000000000000000e+00,0.000000000000000000e+00
2.487500429153442383e+00,-0.000000000000000000e+00,-0.000000000000000000e+00,0.000000000000000000e+00
2.490972280502319336e+00,-0.000000000000000000e+00,-0.000000000000000000e+00,0.000000000000000000e+00
2.494444608688354492e+00,-0.000000000000000000e+00,-0.000000000000000000e+00,0.000000000000000000e+00
2.497916936874389648e+00,-0.000000000000000000e+00,-0.000000000000000000e+00,0.000000000000000000e+00
2.501389026641845703e+00,-0.000000000000000000e+00,-0.000000000000000000e+00,0.000000000000000000e+00
2.504861116409301758e+00,-0.000000000000000000e+00,-0.000000000000000000e+00,0.000000000000000000e+00
2.508333683013916016e+00,-0.000000000000000000e+00,-0.000000000000000000e+00,0.000000000000000000e+00
2.511805772781372070e+00,-0.000000000000000000e+00,-0.000000000000000000e+00,0.000000000000000000e+00
2.515277862548828125e+00,-0.000000000000000000e+00,-0.000000000000000000e+00,0.000000000000000000e+00
2.518750429153442383e+00,-0.000000000000000000e+00,-0.000000000000000000e+00,0.000000000000000000e+00
2.522222280502319336e+00,-0.000000000000000000e+00,-0.000000000000000000e+00,0.000000000000000000e+00
2.525694608688354492e+00,-0.000000000000000000e+00,-0.000000000000000000e+00,0.000000000000000000e+00
2.529166936874389648e+00,-0.000000000000000000e+00,-0.000000000000000000e+00,0.000000000000000000e+00
2.532639026641845703e+00,-0.000000000000000000e+00,-0.000000000000000000e+00,0.000000000000000000e+00
2.536111116409301758e+00,-0.000000000000000000e+00,-0.000000000000000000e+00,0.000000000000000000e+00
2.539583683013916016e+00,-0.000000000000000000e+00,-0.000000000000000000e+00,0.000000000000000000e+00
2.543055772781372070e+00,-0.000000000000000000e+00,-0.000000000000000000e+00,0.000000000000000000e+00
2.546527862548828125e+00,-0.000000000000000000e+00,-0.000000000000000000e+00,0.000000000000000000e+00
2.550000429153442383e+00,-0.000000000000000000e+00,-0.000000000000000000e+00,0.000000000000000000e+00
2.553472280502319336e+00,-4.000000059604644775e-01,-2.871148347854614258e+00,-3.600000143051147461e+00
2.556944608688354492e+00,-1.000000000000000000e+00,-7.177870750427246094e+00,-9.000000000000000000e+00
2.560416936874389648e+00,-1.000000000000000000e+00,-7.177870750427246094e+00,-9.000000000000000000e+00
2.563889026641845703e+00,-1.000000000000000000e+00,-7.177870750427246094e+00,-9.000000000000000000e+00
2.567361116409301758e+00,-1.000000000000000000e+00,-7.177870750427246094e+00,-9.000000000000000000e+00
2.570833683013916016e+00,-1.000000000000000000e+00,-7.177870750427246094e+00,-9.000000000000000000e+00
2.574305772781372070e+00,-1.000000000000000000e+00,-7.177870750427246094e+00,-9.000000000000000000e+00
2.577777862548828125e+00,-1.000000000000000000e+00,-7.177870750427246094e+00,-9.000000000000000000e+00
2.581250429153442383e+00,-1.000000000000000000e+00,-7.177870750427246094e+00,-9.000000000000000000e+00
2.584722280502319336e+00,-1.000000000000000000e+00,-7.177870750427246094e+00,-9.000000000000000000e+00
2.588194608688354492e+00,-1.000000000000000000e+00,-7.177870750427246094e+00,-9.000000000000000000e+00
2.591666936874389648e+00,-1.000000000000000000e+00,-7.177870750427246094e+00,-9.000000000000000000e+00
2.595139026641845703e+00,-1.000000000000000000e+00,-7.177870750427246094e+00,-9.000000000000000000e+00
2.598611116409301758e+00,-1.000000000000000000e+00,-7.177870750427246094e+00,-9.000000000000000000e+00
2.602083683013916016e+00,-1.000000000000000000e+00,-7.177870750427246094e+00,-9.000000000000000000e+00
2.605555772781372070e+00,-1.000000000000000000e+00,-7.177870750427246094e+00,-9.000000000000000000e+00
2.609027862548828125e+00,-1.000000000000000000e+00,-7.177870750427246094e+00,-9.000000000000000000e+00
2.612500429153442383e+00,-1.000000000000000000e+00,-7.177870750427246094e+00,-9.000000000000000000e+00
2.615972280502319336e+00,-1.000000000000000000e+00,-7.177870750427246094e+00,-9.000000000000000000e+00
2.619444608688354492e+00,-1.000000000000000000e+00,-7.177870750427246094e+00,-9.000000000000000000e+00
2.622916936874389648e+00,-1.000000000000000000e+00,-7.177870750427246094e+00,-9.000000000000000000e+00
2.626389026641845703e+00,-1.000000000000000000e+00,-7.177870750427246094e+00,-9.000000000000000000e+00
2.629861116409301758e+00,-1.000000000000000000e+00,-7.177870750427246094e+00,-9.000000000000000000e+00
2.633333683013916016e+00,-1.000000000000000000e+00,-7.177870750427246094e+00,-9.000000000000000000e+00
2.636805772781372070e+00,-1.000000000000000000e+00,-7.177870750427246094e+00,-9.000000000000000000e+00
2.640277862548828125e+00,-6.000000238418579102e-01,-4.306722640991210938e+00,-5.400000095367431641e+00
2.643750429153442383e+00,-0.000000000000000000e+00,-0.000000000000000000e+00,0.000000000000000000e+00
2.647222280502319336e+00,-0.000000000000000000e+00,-0.000000000000000000e+00,0.000000000000000000e+00
2.650694608688354492e+00,-0.000000000000000000e+00,-0.000000000000000000e+00,0.000000000000000000e+00
2.654166936874389648e+00,-0.000000000000000000e+00,-0.000000000000000000e+00,0.000000000000000000e+00
2.657639026641845703e+00,-0.000000000000000000e+00,-0.000000000000000000e+00,0.000000000000000000e+00
2.661111116409301758e+00,-0.000000000000000000e+00,-0.000000000000000000e+00,0.000000000000000000e+00
2.664583683013916016e+00,-0.000000000000000000e+00,-0.000000000000000000e+00,0.000000000000000000e+00
2.668055772781372070e+00,-0.000000000000000000e+00,-0.000000000000000000e+00,0.000000000000000000e+00
2.671527862548828125e+00,-0.000000000000000000e+00,-0.000000000000000000e+00,0.000000000000000000e+00
2.675000190734863281e+00,-0.000000000000000000e+00,-0.000000000000000000e+00,0.000000000000000000e+00
2.678472518920898438e+00,-0.000000000000000000e+00,-0.000000000000000000e+00,0.000000000000000000e+00
2.681944608688354492e+00,-0.000000000000000000e+00,-0.000000000000000000e+00,0.000000000000000000e+00
2.685416936874389648e+00,-0.000000000000000000e+00,-0.000000000000000000e+00,0.000000000000000000e+00
2.688889265060424805e+00,-0.000000000000000000e+00,-0.000000000000000000e+00,0.000000000000000000e+00
2.692361116409301758e+00,-0.000000000000000000e+00,-0.000000000000000000e+00,0.000000000000000000e+00
2.695833444595336914e+00,-0.000000000000000000e+00,-0.000000000000000000e+00,0.000000000000000000e+00
2.699305772781372070e+00,-0.000000000000000000e+00,-0.000000000000000000e+00,0.000000000000000000e+00
2.702777862548828125e+00,-0.000000000000000000e+00,-0.000000000000000000e+00,0.000000000000000000e+00
2.706250190734863281e+00,-0.000000000000000000e+00,-0.000000000000000000e+00,0.000000000000000000e+00
2.709722518920898438e+00,-0.000000000000000000e+00,-0.000000000000000000e+00,0.000000000000000000e+00
2.713194608688354492e+00,-1.000000000000000000e+00,-7.177870750427246094e+00,-9.000000000000000000e+00
2.716666936874389648e+00,-1.000000000000000000e+00,-7.177870750427246094e+00,-9.000000000000000000e+00
2.720139265060424805e+00,-1.000000000000000000e+00,-7.177870750427246094e+00,-9.000000000000000000e+00
2.723611116409301758e+00,-1.000000000000000000e+00,-7.177870750427246094e+00,-9.000000000000000000e+00
2.727083444595336914e+00,-1.000000000000000000e+00,-7.177870750427246094e+00,-9.000000000000000000e+00
2.730555772781372070e+00,-1.000000000000000000e+00,-7.177870750427246094e+00,-9.000000000000000000e+00
2.734027862548828125e+00,-1.000000000000000000e+00,-7.177870750427246094e+00,-9.000000000000000000e+00
2.737500190734863281e+00,-1.000000000000000000e+00,-7.177870750427246094e+00,-9.000000000000000000e+00
2.740972518920898438e+00,-1.000000000000000000e+00,-7.177870750427246094e+00,-9.000000000000000000e+00
2.744444608688354492e+00,-1.000000000000000000e+00,-7.177870750427246094e+00,-9.000000000000000000e+00
2.747916936874389648e+00,-1.000000000000000000e+00,-7.177870750427246094e+00,-9.000000000000000000e+00
2.751389265060424805e+00,-1.000000000000000000e+00,-7.177870750427246094e+00,-9.000000000000000000e+00
2.754861116409301758e+00,-1.000000000000000000e+00,-7.177870750427246094e+00,-9.000000000000000000e+00
2.758333444595336914e+00,-1.000000000000000000e+00,-7.177870750427246094e+00,-9.000000000000000000e+00
2.761805772781372070e+00,-1.000000000000000000e+00,-7.177870750427246094e+00,-9.000000000000000000e+00
2.765277862548828125e+00,-1.000000000000000000e+00,-7.177870750427246094e+00,-9.000000000000000000e+00
2.768750190734863281e+00,-1.000000000000000000e+00,-7.177870750427246094e+00,-9.000000000000000000e+00
2.772222518920898438e+00,-1.000000000000000000e+00,-7.177870750427246094e+00,-9.000000000000000000e+00
2.775694608688354492e+00,-1.000000000000000000e+00,-7.177870750427246094e+00,-9.000000000000000000e+00
2.779166936874389648e+00,-4.000000059604644775e-01,-2.871148347854614258e+00,-3.600000143051147461e+00
2.782639265060424805e+00,-0.000000000000000000e+00,-0.000000000000000000e+00,0.000000000000000000e+00
2.786111116409301758e+00,-0.000000000000000000e+00,-0.000000000000000000e+00,0.000000000000000000e+00
2.789583444595336914e+00,-0.000000000000000000e+00,-0.000000000000000000e+00,0.000000000000000000e+00
2.793055772781372070e+00,-0.000000000000000000e+00,-0.000000000000000000e+00,0.000000000000000000e+00
2.796527862548828125e+00,-0.000000000000000000e+00,-0.000000000000000000e+00,0.000000000000000000e+00
2.800000190734863281e+00,-0.000000000000000000e+00,-0.000000000000000000e+00,0.000000000000000000e+00
2.803472518920898438e+00,-0.000000000000000000e+00,-0.000000000000000000e+00,0.000000000000000000e+00
2.806944608688354492e+00,-0.000000000000000000e+00,-0.000000000000000000e+00,0.000000000000000000e+00
2.810416936874389648e+00,-0.000000000000000000e+00,-0.000000000000000000e+00,0.000000000000000000e+00
2.813889265060424805e+00,-0.000000000000000000e+00,-0.000000000000000000e+00,0.000000000000000000e+00
2.817361116409301758e+00,-0.000000000000000000e+00,-0.000000000000000000e+00,0.000000000000000000e+00
2.820833444595336914e+00,-0.000000000000000000e+00,-0.000000000000000000e+00,0.000000000000000000e+00
2.824305772781372070e+00,-0.000000000000000000e+00,-0.000000000000000000e+00,0.000000000000000000e+00
2.827777862548828125e+00,-0.000000000000000000e+00,-0.000000000000000000e+00,0.000000000000000000e+00
2.831250190734863281e+00,-0.000000000000000000e+00,-0.000000000000000000e+00,0.000000000000000000e+00
2.834722518920898438e+00,-0.000000000000000000e+00,-0.000000000000000000e+00,0.000000000000000000e+00
2.838194608688354492e+00,-0.000000000000000000e+00,-0.000000000000000000e+00,0.000000000000000000e+00
2.841666936874389648e+00,-0.000000000000000000e+00,-0.000000000000000000e+00,0.000000000000000000e+00
2.845139265060424805e+00,-0.000000000000000000e+00,-0.000000000000000000e+00,0.000000000000000000e+00
2.848611116409301758e+00,-0.000000000000000000e+00,-0.000000000000000000e+00,0.000000000000000000e+00
2.852083444595336914e+00,-0.000000000000000000e+00,-0.000000000000000000e+00,0.000000000000000000e+00
2.855555772781372070e+00,-0.000000000000000000e+00,-0.000000000000000000e+00,0.000000000000000000e+00
2.859027862548828125e+00,-0.000000000000000000e+00,-0.000000000000000000e+00,0.000000000000000000e+00
2.862500190734863281e+00,-0.000000000000000000e+00,-0.000000000000000000e+00,0.000000000000000000e+00
2.865972518920898438e+00,-0.000000000000000000e+00,-0.000000000000000000e+00,0.000000000000000000e+00
2.869444608688354492e+00,-0.000000000000000000e+00,-0.000000000000000000e+00,0.000000000000000000e+00
2.872916936874389648e+00,-0.000000000000000000e+00,-0.000000000000000000e+00,0.000000000000000000e+00
2.876389265060424805e+00,-0.000000000000000000e+00,-0.000000000000000000e+00,0.000000000000000000e+00
2.879861116409301758e+00,-0.000000000000000000e+00,-0.000000000000000000e+00,0.000000000000000000e+00
2.883333444595336914e+00,-0.000000000000000000e+00,-0.000000000000000000e+00,0.000000000000000000e+00
2.886805772781372070e+00,-0.000000000000000000e+00,-0.000000000000000000e+00,0.000000000000000000e+00
2.890277862548828125e+00,-0.000000000000000000e+00,-0.000000000000000000e+00,0.000000000000000000e+00
2.893750190734863281e+00,-0.000000000000000000e+00,-0.000000000000000000e+00,0.000000000000000000e+00
2.897222518920898438e+00,-0.000000000000000000e+00,-0.000000000000000000e+00,0.000000000000000000e+00
2.900694608688354492e+00,-0.000000000000000000e+00,-0.000000000000000000e+00,0.000000000000000000e+00
2.904166936874389648e+00,-0.000000000000000000e+00,-0.000000000000000000e+00,0.000000000000000000e+00
2.907639265060424805e+00,-0.000000000000000000e+00,-0.000000000000000000e+00,0.000000000000000000e+00
2.911111116409301758e+00,-0.000000000000000000e+00,-0.000000000000000000e+00,0.000000000000000000e+00
2.914583444595336914e+00,-0.000000000000000000e+00,-0.000000000000000000e+00,0.000000000000000000e+00
2.918055772781372070e+00,-0.000000000000000000e+00,-0.000000000000000000e+00,0.000000000000000000e+00
2.921527862548828125e+00,-0.000000000000000000e+00,-0.000000000000000000e+00,0.000000000000000000e+00
2.925000190734863281e+00,-0.000000000000000000e+00,-0.000000000000000000e+00,0.000000000000000000e+00
2.928472518920898438e+00,-0.000000000000000000e+00,-0.000000000000000000e+00,0.000000000000000000e+00
2.931944608688354492e+00,-0.000000000000000000e+00,-0.000000000000000000e+00,0.000000000000000000e+00
2.935416936874389648e+00,-0.000000000000000000e+00,-0.000000000000000000e+00,0.000000000000000000e+00
2.938889265060424805e+00,-0.000000000000000000e+00,-0.000000000000000000e+00,0.000000000000000000e+00
2.942361116409301758e+00,-0.000000000000000000e+00,-0.000000000000000000e+00,0.000000000000000000e+00
2.945833444595336914e+00,-0.000000000000000000e+00,-0.000000000000000000e+00,0.000000000000000000e+00
2.949305772781372070e+00,-0.000000000000000000e+00,-0.000000000000000000e+00,0.000000000000000000e+00
2.952777862548828125e+00,-0.000000000000000000e+00,-0.000000000000000000e+00,0.000000000000000000e+00
2.956250190734863281e+00,-0.000000000000000000e+00,-0.000000000000000000e+00,0.000000000000000000e+00
2.959722518920898438e+00,-0.000000000000000000e+00,-0.000000000000000000e+00,0.000000000000000000e+00
2.963194608688354492e+00,-0.000000000000000000e+00,-0.000000000000000000e+00,0.000000000000000000e+00
2.966666936874389648e+00,-0.000000000000000000e+00,-0.000000000000000000e+00,0.000000000000000000e+00
2.970139265060424805e+00,-0.000000000000000000e+00,-0.000000000000000000e+00,0.000000000000000000e+00
2.973611116409301758e+00,-0.000000000000000000e+00,-0.000000000000000000e+00,0.000000000000000000e+00
2.977083444595336914e+00,-0.000000000000000000e+00,-0.000000000000000000e+00,0.000000000000000000e+00
2.980555772781372070e+00,-0.000000000000000000e+00,-0.000000000000000000e+00,0.000000000000000000e+00
2.984027862548828125e+00,-0.000000000000000000e+00,-0.000000000000000000e+00,0.000000000000000000e+00
2.987500190734863281e+00,-0.000000000000000000e+00,-0.000000000000000000e+00,0.000000000000000000e+00
2.990972518920898438e+00,-0.000000000000000000e+00,-0.000000000000000000e+00,0.000000000000000000e+00
2.994444608688354492e+00,-0.000000000000000000e+00,-0.000000000000000000e+00,0.000000000000000000e+00
2.997916936874389648e+00,-0.000000000000000000e+00,-0.000000000000000000e+00,0.000000000000000000e+00
3.001389265060424805e+00,-0.000000000000000000e+00,-0.000000000000000000e+00,0.000000000000000000e+00
3.004861116409301758e+00,-0.000000000000000000e+00,-0.000000000000000000e+00,0.000000000000000000e+00
3.008333444595336914e+00,-0.000000000000000000e+00,-0.000000000000000000e+00,0.000000000000000000e+00
3.011805772781372070e+00,-0.000000000000000000e+00,-0.000000000000000000e+00,0.000000000000000000e+00
3.015277862548828125e+00,-0.000000000000000000e+00,-0.000000000000000000e+00,0.000000000000000000e+00
3.018750190734863281e+00,-0.000000000000000000e+00,-0.000000000000000000e+00,0.000000000000000000e+00
3.022222518920898438e+00,-0.000000000000000000e+00,-0.000000000000000000e+00,0.000000000000000000e+00
3.025694608688354492e+00,-0.000000000000000000e+00,-0.000000000000000000e+00,0.000000000000000000e+00
3.029166936874389648e+00,-0.000000000000000000e+00,-0.000000000000000000e+00,0.000000000000000000e+00
3.032639265060424805e+00,-0.000000000000000000e+00,-0.000000000000000000e+00,0.000000000000000000e+00
3.036111116409301758e+00,-0.000000000000000000e+00,-0.000000000000000000e+00,0.000000000000000000e+00
3.039583444595336914e+00,-0.000000000000000000e+00,-0.000000000000000000e+00,0.000000000000000000e+00
3.043055772781372070e+00,-0.000000000000000000e+00,-0.000000000000000000e+00,0.000000000000000000e+00
3.046527862548828125e+00,-0.000000000000000000e+00,-0.000000000000000000e+00,0.000000000000000000e+00
3.050000190734863281e+00,-0.000000000000000000e+00,-0.000000000000000000e+00,0.000000000000000000e+00
3.053472757339477539e+00,-0.000000000000000000e+00,-0.000000000000000000e+00,0.000000000000000000e+00
3.056944608688354492e+00,-0.000000000000000000e+00,-0.000000000000000000e+00,0.000000000000000000e+00
3.060416936874389648e+00,-0.000000000000000000e+00,-0.000000000000000000e+00,0.000000000000000000e+00
3.063889503479003906e+00,-0.000000000000000000e+00,-0.000000000000000000e+00,0.000000000000000000e+00
3.067361116409301758e+00,-0.000000000000000000e+00,-0.000000000000000000e+00,0.000000000000000000e+00
3.070833444595336914e+00,-0.000000000000000000e+00,-0.000000000000000000e+00,0.000000000000000000e+00
3.074306249618530273e+00,-0.000000000000000000e+00,-0.000000000000000000e+00,0.000000000000000000e+00
3.077777862548828125e+00,-0.000000000000000000e+00,-0.000000000000000000e+00,0.000000000000000000e+00
3.081250190734863281e+00,-0.000000000000000000e+00,-0.000000000000000000e+00,0.000000000000000000e+00
3.084722757339477539e+00,-0.000000000000000000e+00,-0.000000000000000000e+00,0.000000000000000000e+00
3.088194608688354492e+00,-0.000000000000000000e+00,-0.000000000000000000e+00,0.000000000000000000e+00
3.091666936874389648e+00,-0.000000000000000000e+00,-0.000000000000000000e+00,0.000000000000000000e+00
3.095139503479003906e+00,-0.000000000000000000e+00,-0.000000000000000000e+00,0.000000000000000000e+00
3.098611116409301758e+00,-0.000000000000000000e+00,-0.000000000000000000e+00,0.000000000000000000e+00
3.102083444595336914e+00,-0.000000000000000000e+00,-0.000000000000000000e+00,0.000000000000000000e+00
3.105556249618530273e+00,-0.000000000000000000e+00,-0.000000000000000000e+00,0.000000000000000000e+00
3.109027862548828125e+00,-0.000000000000000000e+00,-0.000000000000000000e+00,0.000000000000000000e+00
3.112500190734863281e+00,-0.000000000000000000e+00,-0.000000000000000000e+00,0.000000000000000000e+00
3.115972757339477539e+00,-0.000000000000000000e+00,-0.000000000000000000e+00,0.000000000000000000e+00
3.119444608688354492e+00,-0.000000000000000000e+00,-0.000000000000000000e+00,0.000000000000000000e+00
3.122916936874389648e+00,-0.000000000000000000e+00,-0.000000000000000000e+00,0.000000000000000000e+00
3.126389503479003906e+00,-0.000000000000000000e+00,-0.000000000000000000e+00,0.000000000000000000e+00
3.129861116409301758e+00,-0.000000000000000000e+00,-0.000000000000000000e+00,0.000000000000000000e+00
3.133333444595336914e+00,-0.000000000000000000e+00,-0.000000000000000000e+00,0.000000000000000000e+00
3.136806249618530273e+00,-0.000000000000000000e+00,-0.000000000000000000e+00,0.000000000000000000e+00
3.140277862548828125e+00,-0.000000000000000000e+00,-0.000000000000000000e+00,0.000000000000000000e+00
3.143750190734863281e+00,-0.000000000000000000e+00,-0.000000000000000000e+00,0.000000000000000000e+00
3.147222757339477539e+00,-0.000000000000000000e+00,-0.000000000000000000e+00,0.000000000000000000e+00
3.150694608688354492e+00,-0.000000000000000000e+00,-0.000000000000000000e+00,0.000000000000000000e+00
3.154166936874389648e+00,-0.000000000000000000e+00,-0.000000000000000000e+00,0.000000000000000000e+00
3.157639503479003906e+00,-0.000000000000000000e+00,-0.000000000000000000e+00,0.000000000000000000e+00
3.161111116409301758e+00,-0.000000000000000000e+00,-0.000000000000000000e+00,0.000000000000000000e+00
3.164583444595336914e+00,-0.000000000000000000e+00,-0.000000000000000000e+00,0.000000000000000000e+00
3.168056249618530273e+00,-0.000000000000000000e+00,-0.000000000000000000e+00,0.000000000000000000e+00
3.171527862548828125e+00,-0.000000000000000000e+00,-0.000000000000000000e+00,0.000000000000000000e+00
3.175000190734863281e+00,-0.000000000000000000e+00,-0.000000000000000000e+00,0.000000000000000000e+00
3.178472757339477539e+00,-0.000000000000000000e+00,-0.000000000000000000e+00,0.000000000000000000e+00
3.181944608688354492e+00,-0.000000000000000000e+00,-0.000000000000000000e+00,0.000000000000000000e+00
3.185416936874389648e+00,-0.000000000000000000e+00,-0.000000000000000000e+00,0.000000000000000000e+00
3.188889503479003906e+00,-0.000000000000000000e+00,-0.000000000000000000e+00,0.000000000000000000e+00
3.192361116409301758e+00,-0.000000000000000000e+00,-0.000000000000000000e+00,0.000000000000000000e+00
3.195833444595336914e+00,-0.000000000000000000e+00,-0.000000000000000000e+00,0.000000000000000000e+00
3.199306249618530273e+00,-0.000000000000000000e+00,-0.000000000000000000e+00,0.000000000000000000e+00
3.202777862548828125e+00,-0.000000000000000000e+00,-0.000000000000000000e+00,0.000000000000000000e+00
3.206250190734863281e+00,-0.000000000000000000e+00,-0.000000000000000000e+00,0.000000000000000000e+00
3.209722757339477539e+00,-0.000000000000000000e+00,-0.000000000000000000e+00,0.000000000000000000e+00
3.213194608688354492e+00,-0.000000000000000000e+00,-0.000000000000000000e+00,0.000000000000000000e+00
3.216666936874389648e+00,-0.000000000000000000e+00,-0.000000000000000000e+00,0.000000000000000000e+00
3.220139503479003906e+00,-0.000000000000000000e+00,-0.000000000000000000e+00,0.000000000000000000e+00
3.223611116409301758e+00,-0.000000000000000000e+00,-0.000000000000000000e+00,0.000000000000000000e+00
3.227083444595336914e+00,-0.000000000000000000e+00,-0.000000000000000000e+00,0.000000000000000000e+00
3.230556249618530273e+00,-0.000000000000000000e+00,-0.000000000000000000e+00,0.000000000000000000e+00
3.234027862548828125e+00,-0.000000000000000000e+00,-0.000000000000000000e+00,0.000000000000000000e+00
3.237500190734863281e+00,-0.000000000000000000e+00,-0.000000000000000000e+00,0.000000000000000000e+00
3.240972757339477539e+00,-0.000000000000000000e+00,-0.000000000000000000e+00,0.000000000000000000e+00
3.244444608688354492e+00,-0.000000000000000000e+00,-0.000000000000000000e+00,0.000000000000000000e+00
3.247916936874389648e+00,-0.000000000000000000e+00,-0.000000000000000000e+00,0.000000000000000000e+00
3.251389503479003906e+00,-0.000000000000000000e+00,-0.000000000000000000e+00,0.000000000000000000e+00
3.254861116409301758e+00,-0.000000000000000000e+00,-0.000000000000000000e+00,0.000000000000000000e+00
3.258333444595336914e+00,-0.000000000000000000e+00,-0.000000000000000000e+00,0.000000000000000000e+00
3.261806249618530273e+00,-0.000000000000000000e+00,-0.000000000000000000e+00,0.000000000000000000e+00
3.265277862548828125e+00,-0.000000000000000000e+00,-0.000000000000000000e+00,0.000000000000000000e+00
3.268750190734863281e+00,-0.000000000000000000e+00,-0.000000000000000000e+00,0.000000000000000000e+00
3.272222757339477539e+00,-0.000000000000000000e+00,-0.000000000000000000e+00,0.000000000000000000e+00
3.275694608688354492e+00,-0.000000000000000000e+00,-0.000000000000000000e+00,0.000000000000000000e+00
3.279166936874389648e+00,-0.000000000000000000e+00,-0.000000000000000000e+00,0.000000000000000000e+00
3.282639503479003906e+00,-0.000000000000000000e+00,-0.000000000000000000e+00,0.000000000000000000e+00
3.286111116409301758e+00,-0.000000000000000000e+00,-0.000000000000000000e+00,0.000000000000000000e+00
3.289583444595336914e+00,-0.000000000000000000e+00,-0.000000000000000000e+00,0.000000000000000000e+00
3.293056249618530273e+00,-1.000000000000000000e+00,-7.177870750427246094e+00,-9.000000000000000000e+00
3.296527862548828125e+00,-1.000000000000000000e+00,-7.177870750427246094e+00,-9.000000000000000000e+00
3.300000190734863281e+00,-1.000000000000000000e+00,-7.177870750427246094e+00,-9.000000000000000000e+00
3.303472757339477539e+00,-1.000000000000000000e+00,-7.177870750427246094e+00,-9.000000000000000000e+00
3.306944608688354492e+00,-1.000000000000000000e+00,-7.177870750427246094e+00,-9.000000000000000000e+00
3.310416936874389648e+00,-1.000000000000000000e+00,-7.177870750427246094e+00,-9.000000000000000000e+00
3.313889503479003906e+00,-1.000000000000000000e+00,-7.177870750427246094e+00,-9.000000000000000000e+00
3.317361116409301758e+00,-1.000000000000000000e+00,-7.177870750427246094e+00,-9.000000000000000000e+00
3.320833444595336914e+00,-1.000000000000000000e+00,-7.177870750427246094e+00,-9.000000000000000000e+00
3.324306249618530273e+00,-1.000000000000000000e+00,-7.177870750427246094e+00,-9.000000000000000000e+00
3.327777862548828125e+00,-1.000000000000000000e+00,-7.177870750427246094e+00,-9.000000000000000000e+00
3.331250190734863281e+00,-1.000000000000000000e+00,-7.177870750427246094e+00,-9.000000000000000000e+00
3.334722757339477539e+00,-1.000000000000000000e+00,-7.177870750427246094e+00,-9.000000000000000000e+00
3.338194608688354492e+00,-1.000000000000000000e+00,-7.177870750427246094e+00,-9.000000000000000000e+00
3.341666936874389648e+00,-1.000000000000000000e+00,-7.177870750427246094e+00,-9.000000000000000000e+00
3.345139503479003906e+00,-1.000000000000000000e+00,-7.177870750427246094e+00,-9.000000000000000000e+00
3.348611116409301758e+00,-1.000000000000000000e+00,-7.177870750427246094e+00,-9.000000000000000000e+00
3.352083444595336914e+00,-1.000000000000000000e+00,-7.177870750427246094e+00,-9.000000000000000000e+00
3.355556249618530273e+00,-1.000000000000000000e+00,-7.177870750427246094e+00,-9.000000000000000000e+00
3.359027862548828125e+00,-1.000000000000000000e+00,-7.177870750427246094e+00,-9.000000000000000000e+00
3.362500190734863281e+00,-1.000000000000000000e+00,-7.177870750427246094e+00,-9.000000000000000000e+00
3.365972757339477539e+00,-1.000000000000000000e+00,-7.177870750427246094e+00,-9.000000000000000000e+00
3.369444608688354492e+00,-1.000000000000000000e+00,-7.177870750427246094e+00,-9.000000000000000000e+00
3.372916936874389648e+00,-1.000000000000000000e+00,-7.177870750427246094e+00,-9.000000000000000000e+00
3.376389503479003906e+00,-1.000000000000000000e+00,-7.177870750427246094e+00,-9.000000000000000000e+00
3.379861116409301758e+00,-1.000000000000000000e+00,-7.177870750427246094e+00,-9.000000000000000000e+00
3.383333444595336914e+00,-1.000000000000000000e+00,-7.177870750427246094e+00,-9.000000000000000000e+00
3.386806249618530273e+00,-1.000000000000000000e+00,-7.177870750427246094e+00,-9.000000000000000000e+00
3.390277862548828125e+00,-1.000000000000000000e+00,-7.177870750427246094e+00,-9.000000000000000000e+00
3.393750190734863281e+00,-1.000000000000000000e+00,-7.177870750427246094e+00,-9.000000000000000000e+00
3.397222757339477539e+00,-1.000000000000000000e+00,-7.177870750427246094e+00,-9.000000000000000000e+00
3.400694608688354492e+00,-1.000000000000000000e+00,-7.177870750427246094e+00,-9.000000000000000000e+00
3.404166936874389648e+00,-1.000000000000000000e+00,-7.177870750427246094e+00,-9.000000000000000000e+00
3.407639503479003906e+00,-1.000000000000000000e+00,-7.177870750427246094e+00,-9.000000000000000000e+00
3.411111116409301758e+00,-1.000000000000000000e+00,-7.177870750427246094e+00,-9.000000000000000000e+00
3.414583444595336914e+00,-1.000000000000000000e+00,-7.177870750427246094e+00,-9.000000000000000000e+00
3.418056249618530273e+00,-1.000000000000000000e+00,-7.177870750427246094e+00,-9.000000000000000000e+00
3.421527862548828125e+00,-1.000000000000000000e+00,-7.177870750427246094e+00,-9.000000000000000000e+00
3.425000190734863281e+00,-1.000000000000000000e+00,-7.177870750427246094e+00,-9.000000000000000000e+00
3.428472757339477539e+00,-1.000000000000000000e+00,-7.177870750427246094e+00,-9.000000000000000000e+00
3.431944608688354492e+00,-1.000000000000000000e+00,-7.177870750427246094e+00,-9.000000000000000000e+00
3.435416936874389648e+00,-1.000000000000000000e+00,-7.177870750427246094e+00,-9.000000000000000000e+00
3.438889503479003906e+00,-1.000000000000000000e+00,-7.177870750427246094e+00,-9.000000000000000000e+00
3.442361116409301758e+00,-1.000000000000000000e+00,-7.177870750427246094e+00,-9.000000000000000000e+00
3.445833444595336914e+00,-1.000000000000000000e+00,-7.177870750427246094e+00,-9.000000000000000000e+00
3.449306249618530273e+00,-1.000000000000000000e+00,-7.177870750427246094e+00,-9.000000000000000000e+00
3.452777862548828125e+00,-1.000000000000000000e+00,-7.177870750427246094e+00,-9.000000000000000000e+00
3.456250190734863281e+00,-1.000000000000000000e+00,-7.177870750427246094e+00,-9.000000000000000000e+00
3.459722757339477539e+00,-1.000000000000000000e+00,-7.177870750427246094e+00,-9.000000000000000000e+00
3.463194608688354492e+00,-1.000000000000000000e+00,-7.177870750427246094e+00,-9.000000000000000000e+00
3.466666936874389648e+00,-1.000000000000000000e+00,-7.177870750427246094e+00,-9.000000000000000000e+00
3.470139503479003906e+00,-1.000000000000000000e+00,-7.177870750427246094e+00,-9.000000000000000000e+00
3.473611116409301758e+00,-1.000000000000000000e+00,-7.177870750427246094e+00,-9.000000000000000000e+00
3.477083444595336914e+00,-1.000000000000000000e+00,-7.177870750427246094e+00,-9.000000000000000000e+00
3.480556249618530273e+00,-1.000000000000000000e+00,-7.177870750427246094e+00,-9.000000000000000000e+00
3.484027862548828125e+00,-1.000000000000000000e+00,-7.177870750427246094e+00,-9.000000000000000000e+00
3.487500190734863281e+00,-1.000000000000000000e+00,-7.177870750427246094e+00,-9.000000000000000000e+00
3.490972757339477539e+00,-1.000000000000000000e+00,-7.177870750427246094e+00,-9.000000000000000000e+00
3.494444608688354492e+00,-1.000000000000000000e+00,-7.177870750427246094e+00,-9.000000000000000000e+00
3.497916936874389648e+00,-1.000000000000000000e+00,-7.177870750427246094e+00,-9.000000000000000000e+00
3.501389503479003906e+00,-1.000000000000000000e+00,-7.177870750427246094e+00,-9.000000000000000000e+00
3.504861116409301758e+00,-1.000000000000000000e+00,-7.177870750427246094e+00,-9.000000000000000000e+00
3.508333444595336914e+00,-1.000000000000000000e+00,-7.177870750427246094e+00,-9.000000000000000000e+00
3.511806249618530273e+00,-1.000000000000000000e+00,-7.177870750427246094e+00,-9.000000000000000000e+00
3.515277862548828125e+00,-1.000000000000000000e+00,-7.177870750427246094e+00,-9.000000000000000000e+00
3.518750190734863281e+00,-1.000000000000000000e+00,-7.177870750427246094e+00,-9.000000000000000000e+00
3.522222757339477539e+00,-1.000000000000000000e+00,-7.177870750427246094e+00,-9.000000000000000000e+00
3.525694608688354492e+00,-1.000000000000000000e+00,-7.177870750427246094e+00,-9.000000000000000000e+00
3.529166936874389648e+00,-1.000000000000000000e+00,-7.177870750427246094e+00,-9.000000000000000000e+00
3.532639503479003906e+00,-1.000000000000000000e+00,-7.177870750427246094e+00,-9.000000000000000000e+00
3.536111116409301758e+00,-1.000000000000000000e+00,-7.177870750427246094e+00,-9.000000000000000000e+00
3.539583444595336914e+00,-1.000000000000000000e+00,-7.177870750427246094e+00,-9.000000000000000000e+00
3.543056249618530273e+00,-1.000000000000000000e+00,-7.177870750427246094e+00,-9.000000000000000000e+00
3.546527862548828125e+00,-1.000000000000000000e+00,-7.177870750427246094e+00,-9.000000000000000000e+00
3.550000190734863281e+00,-1.000000000000000000e+00,-7.177870750427246094e+00,-9.000000000000000000e+00
3.553472757339477539e+00,-1.000000000000000000e+00,-7.177870750427246094e+00,-9.000000000000000000e+00
3.556944608688354492e+00,-1.000000000000000000e+00,-7.177870750427246094e+00,-9.000000000000000000e+00
3.560416936874389648e+00,-1.000000000000000000e+00,-7.177870750427246094e+00,-9.000000000000000000e+00
3.563889503479003906e+00,-1.000000000000000000e+00,-7.177870750427246094e+00,-9.000000000000000000e+00
3.567361116409301758e+00,-1.000000000000000000e+00,-7.177870750427246094e+00,-9.000000000000000000e+00
3.570833444595336914e+00,-1.000000000000000000e+00,-7.177870750427246094e+00,-9.000000000000000000e+00
3.574306249618530273e+00,-1.000000000000000000e+00,-7.177870750427246094e+00,-9.000000000000000000e+00
3.577777862548828125e+00,-1.000000000000000000e+00,-7.177870750427246094e+00,-9.000000000000000000e+00
3.581250190734863281e+00,-1.000000000000000000e+00,-7.177870750427246094e+00,-9.000000000000000000e+00
3.584722757339477539e+00,-1.000000000000000000e+00,-7.177870750427246094e+00,-9.000000000000000000e+00
3.588194608688354492e+00,-1.000000000000000000e+00,-7.177870750427246094e+00,-9.000000000000000000e+00
3.591666936874389648e+00,-1.000000000000000000e+00,-7.177870750427246094e+00,-9.000000000000000000e+00
3.595139503479003906e+00,-1.000000000000000000e+00,-7.177870750427246094e+00,-9.000000000000000000e+00
3.598611116409301758e+00,-1.000000000000000000e+00,-7.177870750427246094e+00,-9.000000000000000000e+00
3.602083444595336914e+00,-1.000000000000000000e+00,-7.177870750427246094e+00,-9.000000000000000000e+00
3.605556249618530273e+00,-4.000000059604644775e-01,-2.871148347854614258e+00,-3.600000143051147461e+00
3.609027862548828125e+00,-0.000000000000000000e+00,-0.000000000000000000e+00,0.000000000000000000e+00
3.612500190734863281e+00,-0.000000000000000000e+00,-0.000000000000000000e+00,0.000000000000000000e+00
3.615972757339477539e+00,-0.000000000000000000e+00,-0.000000000000000000e+00,0.000000000000000000e+00
3.619444608688354492e+00,-0.000000000000000000e+00,-0.000000000000000000e+00,0.000000000000000000e+00
3.622916936874389648e+00,-0.000000000000000000e+00,-0.000000000000000000e+00,0.000000000000000000e+00
3.626389503479003906e+00,-0.000000000000000000e+00,-0.000000000000000000e+00,0.000000000000000000e+00
3.629861116409301758e+00,-0.000000000000000000e+00,-0.000000000000000000e+00,0.000000000000000000e+00
3.633333444595336914e+00,-0.000000000000000000e+00,-0.000000000000000000e+00,0.000000000000000000e+00
3.636806249618530273e+00,-0.000000000000000000e+00,-0.000000000000000000e+00,0.000000000000000000e+00
3.640277862548828125e+00,-0.000000000000000000e+00,-0.000000000000000000e+00,0.000000000000000000e+00
3.643750190734863281e+00,-0.000000000000000000e+00,-0.000000000000000000e+00,0.000000000000000000e+00
3.647222757339477539e+00,-0.000000000000000000e+00,-0.000000000000000000e+00,0.000000000000000000e+00
3.650694608688354492e+00,-0.000000000000000000e+00,-0.000000000000000000e+00,0.000000000000000000e+00
3.654166936874389648e+00,-0.000000000000000000e+00,-0.000000000000000000e+00,0.000000000000000000e+00
3.657639503479003906e+00,-0.000000000000000000e+00,-0.000000000000000000e+00,0.000000000000000000e+00
3.661111116409301758e+00,-2.000000029802322388e-01,-1.435574173927307129e+00,-1.800000071525573730e+00
3.664583444595336914e+00,-1.000000000000000000e+00,-7.177870750427246094e+00,-9.000000000000000000e+00
3.668056249618530273e+00,-1.000000000000000000e+00,-7.177870750427246094e+00,-9.000000000000000000e+00
3.671527862548828125e+00,-1.000000000000000000e+00,-7.177870750427246094e+00,-9.000000000000000000e+00
3.675000190734863281e+00,-1.000000000000000000e+00,-7.177870750427246094e+00,-9.000000000000000000e+00
3.678472757339477539e+00,-1.000000000000000000e+00,-7.177870750427246094e+00,-9.000000000000000000e+00
3.681944608688354492e+00,-1.000000000000000000e+00,-7.177870750427246094e+00,-9.000000000000000000e+00
3.685416936874389648e+00,-1.000000000000000000e+00,-7.177870750427246094e+00,-9.000000000000000000e+00
3.688889503479003906e+00,-1.000000000000000000e+00,-7.177870750427246094e+00,-9.000000000000000000e+00
3.692361116409301758e+00,-1.000000000000000000e+00,-7.177870750427246094e+00,-9.000000000000000000e+00
3.695833444595336914e+00,-1.000000000000000000e+00,-7.177870750427246094e+00,-9.000000000000000000e+00
3.699306249618530273e+00,-1.000000000000000000e+00,-7.177870750427246094e+00,-9.000000000000000000e+00
3.702777862548828125e+00,-1.000000000000000000e+00,-7.177870750427246094e+00,-9.000000000000000000e+00
3.706250190734863281e+00,-1.000000000000000000e+00,-7.177870750427246094e+00,-9.000000000000000000e+00
3.709722757339477539e+00,-1.000000000000000000e+00,-7.177870750427246094e+00,-9.000000000000000000e+00
3.713194608688354492e+00,-1.000000000000000000e+00,-7.177870750427246094e+00,-9.000000000000000000e+00
3.716666936874389648e+00,-1.000000000000000000e+00,-7.177870750427246094e+00,-9.000000000000000000e+00
3.720139503479003906e+00,-1.000000000000000000e+00,-7.177870750427246094e+00,-9.000000000000000000e+00
3.723611116409301758e+00,-1.000000000000000000e+00,-7.177870750427246094e+00,-9.000000000000000000e+00
3.727083444595336914e+00,-1.000000000000000000e+00,-7.177870750427246094e+00,-9.000000000000000000e+00
3.730556249618530273e+00,-1.000000000000000000e+00,-7.177870750427246094e+00,-9.000000000000000000e+00
3.734027862548828125e+00,-1.000000000000000000e+00,-7.177870750427246094e+00,-9.000000000000000000e+00
3.737500190734863281e+00,-1.000000000000000000e+00,-7.177870750427246094e+00,-9.000000000000000000e+00
3.740972757339477539e+00,-1.000000000000000000e+00,-7.177870750427246094e+00,-9.000000000000000000e+00
3.744444608688354492e+00,-1.000000000000000000e+00,-7.177870750427246094e+00,-9.000000000000000000e+00
3.747916936874389648e+00,-1.000000000000000000e+00,-7.177870750427246094e+00,-9.000000000000000000e+00
3.751389503479003906e+00,-1.000000000000000000e+00,-7.177870750427246094e+00,-9.000000000000000000e+00
3.754861116409301758e+00,-1.000000000000000000e+00,-7.177870750427246094e+00,-9.000000000000000000e+00
3.758333444595336914e+00,-6.000000238418579102e-01,-4.306722640991210938e+00,-5.400000095367431641e+00
3.761806249618530273e+00,-0.000000000000000000e+00,-0.000000000000000000e+00,0.000000000000000000e+00
3.765277862548828125e+00,-0.000000000000000000e+00,-0.000000000000000000e+00,0.000000000000000000e+00
3.768750190734863281e+00,-0.000000000000000000e+00,-0.000000000000000000e+00,0.000000000000000000e+00
3.772222757339477539e+00,-0.000000000000000000e+00,-0.000000000000000000e+00,0.000000000000000000e+00
3.775694608688354492e+00,-0.000000000000000000e+00,-0.000000000000000000e+00,0.000000000000000000e+00
3.779166936874389648e+00,-0.000000000000000000e+00,-0.000000000000000000e+00,0.000000000000000000e+00
3.782639503479003906e+00,-0.000000000000000000e+00,-0.000000000000000000e+00,0.000000000000000000e+00
3.786111116409301758e+00,-0.000000000000000000e+00,-0.000000000000000000e+00,0.000000000000000000e+00
3.789583444595336914e+00,-0.000000000000000000e+00,-0.000000000000000000e+00,0.000000000000000000e+00
3.793056249618530273e+00,-0.000000000000000000e+00,-0.000000000000000000e+00,0.000000000000000000e+00
3.796527862548828125e+00,-0.000000000000000000e+00,-0.000000000000000000e+00,0.000000000000000000e+00
3.800000190734863281e+00,-0.000000000000000000e+00,-0.000000000000000000e+00,0.000000000000000000e+00
3.803472757339477539e+00,-0.000000000000000000e+00,-0.000000000000000000e+00,0.000000000000000000e+00
3.806944608688354492e+00,-0.000000000000000000e+00,-0.000000000000000000e+00,0.000000000000000000e+00
3.810416936874389648e+00,-0.000000000000000000e+00,-0.000000000000000000e+00,0.000000000000000000e+00
3.813889503479003906e+00,-0.000000000000000000e+00,-0.000000000000000000e+00,0.000000000000000000e+00
3.817361116409301758e+00,-0.000000000000000000e+00,-0.000000000000000000e+00,0.000000000000000000e+00
3.820833444595336914e+00,-0.000000000000000000e+00,-0.000000000000000000e+00,0.000000000000000000e+00
3.824306249618530273e+00,-0.000000000000000000e+00,-0.000000000000000000e+00,0.000000000000000000e+00
3.827777862548828125e+00,-0.000000000000000000e+00,-0.000000000000000000e+00,0.000000000000000000e+00
3.831250190734863281e+00,-0.000000000000000000e+00,-0.000000000000000000e+00,0.000000000000000000e+00
3.834722757339477539e+00,-0.000000000000000000e+00,-0.000000000000000000e+00,0.000000000000000000e+00
3.838194608688354492e+00,-0.000000000000000000e+00,-0.000000000000000000e+00,0.000000000000000000e+00
3.841666936874389648e+00,-0.000000000000000000e+00,-0.000000000000000000e+00,0.000000000000000000e+00
3.845139503479003906e+00,-0.000000000000000000e+00,-0.000000000000000000e+00,0.000000000000000000e+00
3.848611116409301758e+00,-0.000000000000000000e+00,-0.000000000000000000e+00,0.000000000000000000e+00
3.852083444595336914e+00,-0.000000000000000000e+00,-0.000000000000000000e+00,0.000000000000000000e+00
3.855556249618530273e+00,-0.000000000000000000e+00,-0.000000000000000000e+00,0.000000000000000000e+00
3.859027862548828125e+00,-0.000000000000000000e+00,-0.000000000000000000e+00,0.000000000000000000e+00
3.862500190734863281e+00,-0.000000000000000000e+00,-0.000000000000000000e+00,0.000000000000000000e+00
3.865972757339477539e+00,-0.000000000000000000e+00,-0.000000000000000000e+00,0.000000000000000000e+00
3.869444608688354492e+00,-0.000000000000000000e+00,-0.000000000000000000e+00,0.000000000000000000e+00
3.872916936874389648e+00,-0.000000000000000000e+00,-0.000000000000000000e+00,0.000000000000000000e+00
3.876389503479003906e+00,-0.000000000000000000e+00,-0.000000000000000000e+00,0.000000000000000000e+00
3.879861116409301758e+00,-0.000000000000000000e+00,-0.000000000000000000e+00,0.000000000000000000e+00
3.883333444595336914e+00,-0.000000000000000000e+00,-0.000000000000000000e+00,0.000000000000000000e+00
3.886806249618530273e+00,-4.000000059604644775e-01,-2.871148347854614258e+00,-3.600000143051147461e+00
3.890277862548828125e+00,-1.000000000000000000e+00,-7.177870750427246094e+00,-9.000000000000000000e+00
3.893750190734863281e+00,-1.000000000000000000e+00,-7.177870750427246094e+00,-9.000000000000000000e+00
3.897222757339477539e+00,-1.000000000000000000e+00,-7.177870750427246094e+00,-9.000000000000000000e+00
3.900694608688354492e+00,-1.000000000000000000e+00,-7.177870750427246094e+00,-9.000000000000000000e+00
3.904166936874389648e+00,-1.000000000000000000e+00,-7.177870750427246094e+00,-9.000000000000000000e+00
3.907639503479003906e+00,-1.000000000000000000e+00,-7.177870750427246094e+00,-9.000000000000000000e+00
3.911111116409301758e+00,-1.000000000000000000e+00,-7.177870750427246094e+00,-9.000000000000000000e+00
3.914583444595336914e+00,-1.000000000000000000e+00,-7.177870750427246094e+00,-9.000000000000000000e+00
3.918056249618530273e+00,-0.000000000000000000e+00,-0.000000000000000000e+00,0.000000000000000000e+00
3.921527862548828125e+00,-0.000000000000000000e+00,-0.000000000000000000e+00,0.000000000000000000e+00
3.925000190734863281e+00,-0.000000000000000000e+00,-0.000000000000000000e+00,0.000000000000000000e+00
3.928472757339477539e+00,-0.000000000000000000e+00,-0.000000000000000000e+00,0.000000000000000000e+00
3.931944608688354492e+00,-0.000000000000000000e+00,-0.000000000000000000e+00,0.000000000000000000e+00
3.935416936874389648e+00,-0.000000000000000000e+00,-0.000000000000000000e+00,0.000000000000000000e+00
3.938889503479003906e+00,-0.000000000000000000e+00,-0.000000000000000000e+00,0.000000000000000000e+00
3.942361116409301758e+00,-0.000000000000000000e+00,-0.000000000000000000e+00,0.000000000000000000e+00
3.945833444595336914e+00,-0.000000000000000000e+00,-0.000000000000000000e+00,0.000000000000000000e+00
3.949306249618530273e+00,-0.000000000000000000e+00,-0.000000000000000000e+00,0.000000000000000000e+00
3.952777862548828125e+00,-0.000000000000000000e+00,-0.000000000000000000e+00,0.000000000000000000e+00
3.956250190734863281e+00,-0.000000000000000000e+00,-0.000000000000000000e+00,0.000000000000000000e+00
3.959722757339477539e+00,-0.000000000000000000e+00,-0.000000000000000000e+00,0.000000000000000000e+00
3.963194608688354492e+00,-0.000000000000000000e+00,-0.000000000000000000e+00,0.000000000000000000e+00
3.966666936874389648e+00,-0.000000000000000000e+00,-0.000000000000000000e+00,0.000000000000000000e+00
3.970139503479003906e+00,-0.000000000000000000e+00,-0.000000000000000000e+00,0.000000000000000000e+00
3.973611116409301758e+00,-0.000000000000000000e+00,-0.000000000000000000e+00,0.000000000000000000e+00
3.977083444595336914e+00,-0.000000000000000000e+00,-0.000000000000000000e+00,0.000000000000000000e+00
3.980556249618530273e+00,-0.000000000000000000e+00,-0.000000000000000000e+00,0.000000000000000000e+00
3.984027862548828125e+00,-0.000000000000000000e+00,-0.000000000000000000e+00,0.000000000000000000e+00
3.987500190734863281e+00,-0.000000000000000000e+00,-0.000000000000000000e+00,0.000000000000000000e+00
3.990972757339477539e+00,-0.000000000000000000e+00,-0.000000000000000000e+00,0.000000000000000000e+00
3.994444608688354492e+00,-0.000000000000000000e+00,-0.000000000000000000e+00,0.000000000000000000e+00
3.997916936874389648e+00,-0.000000000000000000e+00,-0.000000000000000000e+00,0.000000000000000000e+00
4.001389503479003906e+00,-0.000000000000000000e+00,-0.000000000000000000e+00,0.000000000000000000e+00
4.004861354827880859e+00,-0.000000000000000000e+00,-0.000000000000000000e+00,0.000000000000000000e+00
4.008333683013916016e+00,-0.000000000000000000e+00,-0.000000000000000000e+00,0.000000000000000000e+00
4.011806011199951172e+00,-0.000000000000000000e+00,-0.000000000000000000e+00,0.000000000000000000e+00
4.015277862548828125e+00,-0.000000000000000000e+00,-0.000000000000000000e+00,0.000000000000000000e+00
4.018750190734863281e+00,-0.000000000000000000e+00,-0.000000000000000000e+00,0.000000000000000000e+00
4.022222995758056641e+00,-0.000000000000000000e+00,-0.000000000000000000e+00,0.000000000000000000e+00
4.025694370269775391e+00,-0.000000000000000000e+00,-0.000000000000000000e+00,0.000000000000000000e+00
4.029166698455810547e+00,-0.000000000000000000e+00,-0.000000000000000000e+00,0.000000000000000000e+00
4.032639503479003906e+00,-0.000000000000000000e+00,-0.000000000000000000e+00,0.000000000000000000e+00
4.036111354827880859e+00,-0.000000000000000000e+00,-0.000000000000000000e+00,0.000000000000000000e+00
4.039583683013916016e+00,-0.000000000000000000e+00,-0.000000000000000000e+00,0.000000000000000000e+00
4.043056011199951172e+00,-0.000000000000000000e+00,-0.000000000000000000e+00,0.000000000000000000e+00
4.046527862548828125e+00,-0.000000000000000000e+00,-0.000000000000000000e+00,0.000000000000000000e+00
4.050000190734863281e+00,-0.000000000000000000e+00,-0.000000000000000000e+00,0.000000000000000000e+00
4.053472995758056641e+00,-0.000000000000000000e+00,-0.000000000000000000e+00,0.000000000000000000e+00
4.056944370269775391e+00,-0.000000000000000000e+00,-0.000000000000000000e+00,0.000000000000000000e+00
4.060416698455810547e+00,-0.000000000000000000e+00,-0.000000000000000000e+00,0.000000000000000000e+00
4.063889503479003906e+00,-0.000000000000000000e+00,-0.000000000000000000e+00,0.000000000000000000e+00
4.067361354827880859e+00,-0.000000000000000000e+00,-0.000000000000000000e+00,0.000000000000000000e+00
4.070833683013916016e+00,-0.000000000000000000e+00,-0.000000000000000000e+00,0.000000000000000000e+00
4.074306011199951172e+00,-0.000000000000000000e+00,-0.000000000000000000e+00,0.000000000000000000e+00
4.077777862548828125e+00,-0.000000000000000000e+00,-0.000000000000000000e+00,0.000000000000000000e+00
4.081250190734863281e+00,-0.000000000000000000e+00,-0.000000000000000000e+00,0.000000000000000000e+00
4.084722995758056641e+00,-0.000000000000000000e+00,-0.000000000000000000e+00,0.000000000000000000e+00
4.088194370269775391e+00,-0.000000000000000000e+00,-0.000000000000000000e+00,0.000000000000000000e+00
4.091666698455810547e+00,-0.000000000000000000e+00,-0.000000000000000000e+00,0.000000000000000000e+00
4.095139503479003906e+00,-0.000000000000000000e+00,-0.000000000000000000e+00,0.000000000000000000e+00
4.098611354827880859e+00,-0.000000000000000000e+00,-0.000000000000000000e+00,0.000000000000000000e+00
4.102083683013916016e+00,-0.000000000000000000e+00,-0.000000000000000000e+00,0.000000000000000000e+00
4.105556011199951172e+00,-0.000000000000000000e+00,-0.000000000000000000e+00,0.000000000000000000e+00
4.109027862548828125e+00,-0.000000000000000000e+00,-0.000000000000000000e+00,0.000000000000000000e+00
4.112500190734863281e+00,-0.000000000000000000e+00,-0.000000000000000000e+00,0.000000000000000000e+00
4.115972995758056641e+00,-0.000000000000000000e+00,-0.000000000000000000e+00,0.000000000000000000e+00
4.119444370269775391e+00,-0.000000000000000000e+00,-0.000000000000000000e+00,0.000000000000000000e+00
4.122916698455810547e+00,-0.000000000000000000e+00,-0.000000000000000000e+00,0.000000000000000000e+00
4.126389503479003906e+00,-0.000000000000000000e+00,-0.000000000000000000e+00,0.000000000000000000e+00
4.129861354827880859e+00,-0.000000000000000000e+00,-0.000000000000000000e+00,0.000000000000000000e+00
4.133333683013916016e+00,-0.000000000000000000e+00,-0.000000000000000000e+00,0.000000000000000000e+00
4.136806011199951172e+00,-0.000000000000000000e+00,-0.000000000000000000e+00,0.000000000000000000e+00
4.140277862548828125e+00,-0.000000000000000000e+00,-0.000000000000000000e+00,0.000000000000000000e+00
4.143750190734863281e+00,-0.000000000000000000e+00,-0.000000000000000000e+00,0.000000000000000000e+00
4.147222995758056641e+00,-0.000000000000000000e+00,-0.000000000000000000e+00,0.000000000000000000e+00
4.150694370269775391e+00,-0.000000000000000000e+00,-0.000000000000000000e+00,0.000000000000000000e+00
4.154166698455810547e+00,-0.000000000000000000e+00,-0.000000000000000000e+00,0.000000000000000000e+00
4.157639503479003906e+00,-0.000000000000000000e+00,-0.000000000000000000e+00,0.000000000000000000e+00
4.161111354827880859e+00,-0.000000000000000000e+00,-0.000000000000000000e+00,0.000000000000000000e+00
4.164583683013916016e+00,-0.000000000000000000e+00,-0.000000000000000000e+00,0.000000000000000000e+00
4.168056011199951172e+00,-0.000000000000000000e+00,-0.000000000000000000e+00,0.000000000000000000e+00
4.171527862548828125e+00,-0.000000000000000000e+00,-0.000000000000000000e+00,0.000000000000000000e+00
4.175000190734863281e+00,-0.000000000000000000e+00,-0.000000000000000000e+00,0.000000000000000000e+00
4.178472995758056641e+00,-0.000000000000000000e+00,-0.000000000000000000e+00,0.000000000000000000e+00
4.181944370269775391e+00,-0.000000000000000000e+00,-0.000000000000000000e+00,0.000000000000000000e+00
4.185416698455810547e+00,-0.000000000000000000e+00,-0.000000000000000000e+00,0.000000000000000000e+00
4.188889503479003906e+00,-0.000000000000000000e+00,-0.000000000000000000e+00,0.000000000000000000e+00
4.192361354827880859e+00,-0.000000000000000000e+00,-0.000000000000000000e+00,0.000000000000000000e+00
4.195833683013916016e+00,-0.000000000000000000e+00,-0.000000000000000000e+00,0.000000000000000000e+00
4.199306011199951172e+00,-0.000000000000000000e+00,-0.000000000000000000e+00,0.000000000000000000e+00
4.202777862548828125e+00,-0.000000000000000000e+00,-0.000000000000000000e+00,0.000000000000000000e+00
4.206250190734863281e+00,-0.000000000000000000e+00,-0.000000000000000000e+00,0.000000000000000000e+00
4.209722995758056641e+00,-0.000000000000000000e+00,-0.000000000000000000e+00,0.000000000000000000e+00
4.213194370269775391e+00,-0.000000000000000000e+00,-0.000000000000000000e+00,0.000000000000000000e+00
4.216666698455810547e+00,-0.000000000000000000e+00,-0.000000000000000000e+00,0.000000000000000000e+00
4.220139503479003906e+00,-0.000000000000000000e+00,-0.000000000000000000e+00,0.000000000000000000e+00
4.223611354827880859e+00,-0.000000000000000000e+00,-0.000000000000000000e+00,0.000000000000000000e+00
4.227083683013916016e+00,-0.000000000000000000e+00,-0.000000000000000000e+00,0.000000000000000000e+00
4.230556011199951172e+00,-0.000000000000000000e+00,-0.000000000000000000e+00,0.000000000000000000e+00
4.234027862548828125e+00,-0.000000000000000000e+00,-0.000000000000000000e+00,0.000000000000000000e+00
4.237500190734863281e+00,-0.000000000000000000e+00,-0.000000000000000000e+00,0.000000000000000000e+00
4.240972995758056641e+00,-0.000000000000000000e+00,-0.000000000000000000e+00,0.000000000000000000e+00
4.244444370269775391e+00,-0.000000000000000000e+00,-0.000000000000000000e+00,0.000000000000000000e+00
4.247916698455810547e+00,-0.000000000000000000e+00,-0.000000000000000000e+00,0.000000000000000000e+00
4.251389503479003906e+00,-0.000000000000000000e+00,-0.000000000000000000e+00,0.000000000000000000e+00
4.254861354827880859e+00,-0.000000000000000000e+00,-0.000000000000000000e+00,0.000000000000000000e+00
4.258333683013916016e+00,-0.000000000000000000e+00,-0.000000000000000000e+00,0.000000000000000000e+00
4.261806011199951172e+00,-0.000000000000000000e+00,-0.000000000000000000e+00,0.000000000000000000e+00
4.265278339385986328e+00,-0.000000000000000000e+00,-0.000000000000000000e+00,0.000000000000000000e+00
4.268750190734863281e+00,-0.000000000000000000e+00,-0.000000000000000000e+00,0.000000000000000000e+00
4.272222518920898438e+00,-0.000000000000000000e+00,-0.000000000000000000e+00,0.000000000000000000e+00
4.275694847106933594e+00,-0.000000000000000000e+00,-0.000000000000000000e+00,0.000000000000000000e+00
4.279166698455810547e+00,-0.000000000000000000e+00,-0.000000000000000000e+00,0.000000000000000000e+00
4.282639026641845703e+00,-0.000000000000000000e+00,-0.000000000000000000e+00,0.000000000000000000e+00
4.286111354827880859e+00,-0.000000000000000000e+00,-0.000000000000000000e+00,0.000000000000000000e+00
4.289583683013916016e+00,-0.000000000000000000e+00,-0.000000000000000000e+00,0.000000000000000000e+00
4.293056011199951172e+00,-0.000000000000000000e+00,-0.000000000000000000e+00,0.000000000000000000e+00
4.296528339385986328e+00,-0.000000000000000000e+00,-0.000000000000000000e+00,0.000000000000000000e+00
4.300000190734863281e+00,-0.000000000000000000e+00,-0.000000000000000000e+00,0.000000000000000000e+00
4.303472518920898438e+00,-0.000000000000000000e+00,-0.000000000000000000e+00,0.000000000000000000e+00
4.306944847106933594e+00,-0.000000000000000000e+00,-0.000000000000000000e+00,0.000000000000000000e+00
4.310416698455810547e+00,-0.000000000000000000e+00,-0.000000000000000000e+00,0.000000000000000000e+00
4.313889026641845703e+00,-0.000000000000000000e+00,-0.000000000000000000e+00,0.000000000000000000e+00
4.317361354827880859e+00,-0.000000000000000000e+00,-0.000000000000000000e+00,0.000000000000000000e+00
4.320833683013916016e+00,-0.000000000000000000e+00,-0.000000000000000000e+00,0.000000000000000000e+00
4.324306011199951172e+00,-0.000000000000000000e+00,-0.000000000000000000e+00,0.000000000000000000e+00
4.327778339385986328e+00,-0.000000000000000000e+00,-0.000000000000000000e+00,0.000000000000000000e+00
4.331250190734863281e+00,-2.000000029802322388e-01,-1.435574173927307129e+00,-1.800000071525573730e+00
4.334722518920898438e+00,-1.000000000000000000e+00,-7.177870750427246094e+00,-9.000000000000000000e+00
4.338194847106933594e+00,-1.000000000000000000e+00,-7.177870750427246094e+00,-9.000000000000000000e+00
4.341666698455810547e+00,-1.000000000000000000e+00,-7.177870750427246094e+00,-9.000000000000000000e+00
4.345139026641845703e+00,-1.000000000000000000e+00,-7.177870750427246094e+00,-9.000000000000000000e+00
4.348611354827880859e+00,-1.000000000000000000e+00,-7.177870750427246094e+00,-9.000000000000000000e+00
4.352083683013916016e+00,-1.000000000000000000e+00,-7.177870750427246094e+00,-9.000000000000000000e+00
4.355556011199951172e+00,-1.000000000000000000e+00,-7.177870750427246094e+00,-9.000000000000000000e+00
4.359028339385986328e+00,-1.000000000000000000e+00,-7.177870750427246094e+00,-9.000000000000000000e+00
4.362500190734863281e+00,-1.000000000000000000e+00,-7.177870750427246094e+00,-9.000000000000000000e+00
4.365972518920898438e+00,-1.000000000000000000e+00,-7.177870750427246094e+00,-9.000000000000000000e+00
4.369444847106933594e+00,-1.000000000000000000e+00,-7.177870750427246094e+00,-9.000000000000000000e+00
4.372916698455810547e+00,-1.000000000000000000e+00,-7.177870750427246094e+00,-9.000000000000000000e+00
4.376389026641845703e+00,-1.000000000000000000e+00,-7.177870750427246094e+00,-9.000000000000000000e+00
4.379861354827880859e+00,-1.000000000000000000e+00,-7.177870750427246094e+00,-9.000000000000000000e+00
4.383333683013916016e+00,-1.000000000000000000e+00,-7.177870750427246094e+00,-9.000000000000000000e+00
4.386806011199951172e+00,-1.000000000000000000e+00,-7.177870750427246094e+00,-9.000000000000000000e+00
4.390278339385986328e+00,-8.000000119209289551e-01,-5.742296695709228516e+00,-7.200000286102294922e+00
4.393750190734863281e+00,-0.000000000000000000e+00,-0.000000000000000000e+00,0.000000000000000000e+00
4.397222518920898438e+00,-0.000000000000000000e+00,-0.000000000000000000e+00,0.000000000000000000e+00
4.400694847106933594e+00,-0.000000000000000000e+00,-0.000000000000000000e+00,0.000000000000000000e+00
4.404166698455810547e+00,-0.000000000000000000e+00,-0.000000000000000000e+00,0.000000000000000000e+00
4.407639026641845703e+00,-0.000000000000000000e+00,-0.000000000000000000e+00,0.000000000000000000e+00
4.411111354827880859e+00,-0.000000000000000000e+00,-0.000000000000000000e+00,0.000000000000000000e+00
4.414583683013916016e+00,-0.000000000000000000e+00,-0.000000000000000000e+00,0.000000000000000000e+00
4.418056011199951172e+00,-0.000000000000000000e+00,-0.000000000000000000e+00,0.000000000000000000e+00
4.421528339385986328e+00,-0.000000000000000000e+00,-0.000000000000000000e+00,0.000000000000000000e+00
4.425000190734863281e+00,-0.000000000000000000e+00,-0.000000000000000000e+00,0.000000000000000000e+00
4.428472518920898438e+00,-0.000000000000000000e+00,-0.000000000000000000e+00,0.000000000000000000e+00
4.431944847106933594e+00,-0.000000000000000000e+00,-0.000000000000000000e+00,0.000000000000000000e+00
4.435416698455810547e+00,-0.000000000000000000e+00,-0.000000000000000000e+00,0.000000000000000000e+00
4.438889026641845703e+00,-0.000000000000000000e+00,-0.000000000000000000e+00,0.000000000000000000e+00
4.442361354827880859e+00,-0.000000000000000000e+00,-0.000000000000000000e+00,0.000000000000000000e+00
4.445833683013916016e+00,-0.000000000000000000e+00,-0.000000000000000000e+00,0.000000000000000000e+00
4.449306011199951172e+00,-0.000000000000000000e+00,-0.000000000000000000e+00,0.000000000000000000e+00
4.452778339385986328e+00,-0.000000000000000000e+00,-0.000000000000000000e+00,0.000000000000000000e+00
4.456250190734863281e+00,-0.000000000000000000e+00,-0.000000000000000000e+00,0.000000000000000000e+00
4.459722518920898438e+00,-0.000000000000000000e+00,-0.000000000000000000e+00,0.000000000000000000e+00
4.463194847106933594e+00,-0.000000000000000000e+00,-0.000000000000000000e+00,0.000000000000000000e+00
4.466666698455810547e+00,-0.000000000000000000e+00,-0.000000000000000000e+00,0.000000000000000000e+00
4.470139026641845703e+00,-0.000000000000000000e+00,-0.000000000000000000e+00,0.000000000000000000e+00
4.473611354827880859e+00,-1.000000000000000000e+00,-7.177870750427246094e+00,-9.000000000000000000e+00
4.477083683013916016e+00,-1.000000000000000000e+00,-7.177870750427246094e+00,-9.000000000000000000e+00
4.480556011199951172e+00,-1.000000000000000000e+00,-7.177870750427246094e+00,-9.000000000000000000e+00
4.484028339385986328e+00,-1.000000000000000000e+00,-7.177870750427246094e+00,-9.000000000000000000e+00
4.487500190734863281e+00,-1.000000000000000000e+00,-7.177870750427246094e+00,-9.000000000000000000e+00
4.490972518920898438e+00,-1.000000000000000000e+00,-7.177870750427246094e+00,-9.000000000000000000e+00
4.494444847106933594e+00,-1.000000000000000000e+00,-7.177870750427246094e+00,-9.000000000000000000e+00
4.497916698455810547e+00,-1.000000000000000000e+00,-7.177870750427246094e+00,-9.000000000000000000e+00
4.501389026641845703e+00,-1.000000000000000000e+00,-7.177870750427246094e+00,-9.000000000000000000e+00
4.504861354827880859e+00,-1.000000000000000000e+00,-7.177870750427246094e+00,-9.000000000000000000e+00
4.508333683013916016e+00,-1.000000000000000000e+00,-7.177870750427246094e+00,-9.000000000000000000e+00
4.511806011199951172e+00,-1.000000000000000000e+00,-7.177870750427246094e+00,-9.000000000000000000e+00
4.515278339385986328e+00,-1.000000000000000000e+00,-7.177870750427246094e+00,-9.000000000000000000e+00
4.518750190734863281e+00,-1.000000000000000000e+00,-7.177870750427246094e+00,-9.000000000000000000e+00
4.522222518920898438e+00,-1.000000000000000000e+00,-7.177870750427246094e+00,-9.000000000000000000e+00
4.525694847106933594e+00,-1.000000000000000000e+00,-7.177870750427246094e+00,-9.000000000000000000e+00
4.529166698455810547e+00,-1.000000000000000000e+00,-7.177870750427246094e+00,-9.000000000000000000e+00
4.532639026641845703e+00,-1.000000000000000000e+00,-7.177870750427246094e+00,-9.000000000000000000e+00
4.536111354827880859e+00,-1.000000000000000000e+00,-7.177870750427246094e+00,-9.000000000000000000e+00
4.539583683013916016e+00,-1.000000000000000000e+00,-7.177870750427246094e+00,-9.000000000000000000e+00
4.543056011199951172e+00,-1.000000000000000000e+00,-7.177870750427246094e+00,-9.000000000000000000e+00
4.546528339385986328e+00,-1.000000000000000000e+00,-7.177870750427246094e+00,-9.000000000000000000e+00
4.550000190734863281e+00,-1.000000000000000000e+00,-7.177870750427246094e+00,-9.000000000000000000e+00
4.553472518920898438e+00,-1.000000000000000000e+00,-7.177870750427246094e+00,-9.000000000000000000e+00
4.556944847106933594e+00,-1.000000000000000000e+00,-7.177870750427246094e+00,-9.000000000000000000e+00
4.560416698455810547e+00,-1.000000000000000000e+00,-7.177870750427246094e+00,-9.000000000000000000e+00
4.563889026641845703e+00,-1.000000000000000000e+00,-7.177870750427246094e+00,-9.000000000000000000e+00
4.567361354827880859e+00,-1.000000000000000000e+00,-7.177870750427246094e+00,-9.000000000000000000e+00
4.570833683013916016e+00,-8.000000119209289551e-01,-5.742296695709228516e+00,-7.200000286102294922e+00
4.574306011199951172e+00,-0.000000000000000000e+00,-0.000000000000000000e+00,0.000000000000000000e+00
4.577778339385986328e+00,-0.000000000000000000e+00,-0.000000000000000000e+00,0.000000000000000000e+00
4.581250190734863281e+00,-0.000000000000000000e+00,-0.000000000000000000e+00,0.000000000000000000e+00
4.584722518920898438e+00,-0.000000000000000000e+00,-0.000000000000000000e+00,0.000000000000000000e+00
4.588194847106933594e+00,-0.000000000000000000e+00,-0.000000000000000000e+00,0.000000000000000000e+00
4.591666698455810547e+00,-0.000000000000000000e+00,-0.000000000000000000e+00,0.000000000000000000e+00
4.595139026641845703e+00,-0.000000000000000000e+00,-0.000000000000000000e+00,0.000000000000000000e+00
4.598611354827880859e+00,-0.000000000000000000e+00,-0.000000000000000000e+00,0.000000000000000000e+00
4.602083683013916016e+00,-0.000000000000000000e+00,-0.000000000000000000e+00,0.000000000000000000e+00
4.605556011199951172e+00,-0.000000000000000000e+00,-0.000000000000000000e+00,0.000000000000000000e+00
4.609028339385986328e+00,-0.000000000000000000e+00,-0.000000000000000000e+00,0.000000000000000000e+00
4.612500190734863281e+00,-0.000000000000000000e+00,-0.000000000000000000e+00,0.000000000000000000e+00
4.615972518920898438e+00,-0.000000000000000000e+00,-0.000000000000000000e+00,0.000000000000000000e+00
4.619444847106933594e+00,-0.000000000000000000e+00,-0.000000000000000000e+00,0.000000000000000000e+00
4.622916698455810547e+00,-0.000000000000000000e+00,-0.000000000000000000e+00,0.000000000000000000e+00
4.626389026641845703e+00,-0.000000000000000000e+00,-0.000000000000000000e+00,0.000000000000000000e+00
4.629861354827880859e+00,-0.000000000000000000e+00,-0.000000000000000000e+00,0.000000000000000000e+00
4.633333683013916016e+00,-0.000000000000000000e+00,-0.000000000000000000e+00,0.000000000000000000e+00
4.636806011199951172e+00,-0.000000000000000000e+00,-0.000000000000000000e+00,0.000000000000000000e+00
4.640278339385986328e+00,-0.000000000000000000e+00,-0.000000000000000000e+00,0.000000000000000000e+00
4.643750190734863281e+00,-0.000000000000000000e+00,-0.000000000000000000e+00,0.000000000000000000e+00
4.647222518920898438e+00,-6.000000238418579102e-01,-4.306722640991210938e+00,-5.400000095367431641e+00
4.650694847106933594e+00,-1.000000000000000000e+00,-7.177870750427246094e+00,-9.000000000000000000e+00
4.654166698455810547e+00,-1.000000000000000000e+00,-7.177870750427246094e+00,-9.000000000000000000e+00
4.657639026641845703e+00,-1.000000000000000000e+00,-7.177870750427246094e+00,-9.000000000000000000e+00
4.661111354827880859e+00,-1.000000000000000000e+00,-7.177870750427246094e+00,-9.000000000000000000e+00
4.664583683013916016e+00,-1.000000000000000000e+00,-7.177870750427246094e+00,-9.000000000000000000e+00
4.668056011199951172e+00,-1.000000000000000000e+00,-7.177870750427246094e+00,-9.000000000000000000e+00
4.671528339385986328e+00,-1.000000000000000000e+00,-7.177870750427246094e+00,-9.000000000000000000e+00
4.675000190734863281e+00,-1.000000000000000000e+00,-7.177870750427246094e+00,-9.000000000000000000e+00
4.678472518920898438e+00,-1.000000000000000000e+00,-7.177870750427246094e+00,-9.000000000000000000e+00
4.681944847106933594e+00,-1.000000000000000000e+00,-7.177870750427246094e+00,-9.000000000000000000e+00
4.685416698455810547e+00,-1.000000000000000000e+00,-7.177870750427246094e+00,-9.000000000000000000e+00
4.688889026641845703e+00,-1.000000000000000000e+00,-7.177870750427246094e+00,-9.000000000000000000e+00
4.692361354827880859e+00,-1.000000000000000000e+00,-7.177870750427246094e+00,-9.000000000000000000e+00
4.695833683013916016e+00,-1.000000000000000000e+00,-7.177870750427246094e+00,-9.000000000000000000e+00
4.699306011199951172e+00,-1.000000000000000000e+00,-7.177870750427246094e+00,-9.000000000000000000e+00
4.702778339385986328e+00,-1.000000000000000000e+00,-7.177870750427246094e+00,-9.000000000000000000e+00
4.706250190734863281e+00,-1.000000000000000000e+00,-7.177870750427246094e+00,-9.000000000000000000e+00
4.709722518920898438e+00,-1.000000000000000000e+00,-7.177870750427246094e+00,-9.000000000000000000e+00
4.713194847106933594e+00,-4.000000059604644775e-01,-2.871148347854614258e+00,-3.600000143051147461e+00
4.716666698455810547e+00,-0.000000000000000000e+00,-0.000000000000000000e+00,0.000000000000000000e+00
4.720139026641845703e+00,-0.000000000000000000e+00,-0.000000000000000000e+00,0.000000000000000000e+00
4.723611354827880859e+00,-0.000000000000000000e+00,-0.000000000000000000e+00,0.000000000000000000e+00
4.727083683013916016e+00,-0.000000000000000000e+00,-0.000000000000000000e+00,0.000000000000000000e+00
4.730556011199951172e+00,-0.000000000000000000e+00,-0.000000000000000000e+00,0.000000000000000000e+00
4.734028339385986328e+00,-0.000000000000000000e+00,-0.000000000000000000e+00,0.000000000000000000e+00
4.737500190734863281e+00,-0.000000000000000000e+00,-0.000000000000000000e+00,0.000000000000000000e+00
4.740972518920898438e+00,-0.000000000000000000e+00,-0.000000000000000000e+00,0.000000000000000000e+00
4.744444847106933594e+00,-0.000000000000000000e+00,-0.000000000000000000e+00,0.000000000000000000e+00
4.747916698455810547e+00,-0.000000000000000000e+00,-0.000000000000000000e+00,0.000000000000000000e+00
4.751389026641845703e+00,-0.000000000000000000e+00,-0.000000000000000000e+00,0.000000000000000000e+00
4.754861354827880859e+00,-0.000000000000000000e+00,-0.000000000000000000e+00,0.000000000000000000e+00
4.758333683013916016e+00,-0.000000000000000000e+00,-0.000000000000000000e+00,0.000000000000000000e+00
4.761806011199951172e+00,-0.000000000000000000e+00,-0.000000000000000000e+00,0.000000000000000000e+00
4.765278339385986328e+00,-0.000000000000000000e+00,-0.000000000000000000e+00,0.000000000000000000e+00
4.768750190734863281e+00,-0.000000000000000000e+00,-0.000000000000000000e+00,0.000000000000000000e+00
4.772222518920898438e+00,-0.000000000000000000e+00,-0.000000000000000000e+00,0.000000000000000000e+00
4.775694847106933594e+00,-0.000000000000000000e+00,-0.000000000000000000e+00,0.000000000000000000e+00
4.779166698455810547e+00,-0.000000000000000000e+00,-0.000000000000000000e+00,0.000000000000000000e+00
4.782639026641845703e+00,-0.000000000000000000e+00,-0.000000000000000000e+00,0.000000000000000000e+00
4.786111354827880859e+00,-0.000000000000000000e+00,-0.000000000000000000e+00,0.000000000000000000e+00
4.789583683013916016e+00,-0.000000000000000000e+00,-0.000000000000000000e+00,0.000000000000000000e+00
4.793056011199951172e+00,-0.000000000000000000e+00,-0.000000000000000000e+00,0.000000000000000000e+00
4.796528339385986328e+00,-0.000000000000000000e+00,-0.000000000000000000e+00,0.000000000000000000e+00
4.800000190734863281e+00,-0.000000000000000000e+00,-0.000000000000000000e+00,0.000000000000000000e+00
4.803472518920898438e+00,-0.000000000000000000e+00,-0.000000000000000000e+00,0.000000000000000000e+00
4.806944847106933594e+00,-0.000000000000000000e+00,-0.000000000000000000e+00,0.000000000000000000e+00
4.810416698455810547e+00,-0.000000000000000000e+00,-0.000000000000000000e+00,0.000000000000000000e+00
4.813889026641845703e+00,-0.000000000000000000e+00,-0.000000000000000000e+00,0.000000000000000000e+00
4.817361354827880859e+00,-0.000000000000000000e+00,-0.000000000000000000e+00,0.000000000000000000e+00
4.820833683013916016e+00,-4.000000059604644775e-01,-2.871148347854614258e+00,-3.600000143051147461e+00
4.824306011199951172e+00,-1.000000000000000000e+00,-7.177870750427246094e+00,-9.000000000000000000e+00
4.827778339385986328e+00,-1.000000000000000000e+00,-7.177870750427246094e+00,-9.000000000000000000e+00
4.831250190734863281e+00,-1.000000000000000000e+00,-7.177870750427246094e+00,-9.000000000000000000e+00
4.834722518920898438e+00,-1.000000000000000000e+00,-7.177870750427246094e+00,-9.000000000000000000e+00
4.838194847106933594e+00,-1.000000000000000000e+00,-7.177870750427246094e+00,-9.000000000000000000e+00
4.841666698455810547e+00,-1.000000000000000000e+00,-7.177870750427246094e+00,-9.000000000000000000e+00
4.845139026641845703e+00,-1.000000000000000000e+00,-7.177870750427246094e+00,-9.000000000000000000e+00
4.848611354827880859e+00,-1.000000000000000000e+00,-7.177870750427246094e+00,-9.000000000000000000e+00
4.852083683013916016e+00,-1.000000000000000000e+00,-7.177870750427246094e+00,-9.000000000000000000e+00
4.855556011199951172e+00,-1.000000000000000000e+00,-7.177870750427246094e+00,-9.000000000000000000e+00
4.859028339385986328e+00,-1.000000000000000000e+00,-7.177870750427246094e+00,-9.000000000000000000e+00
4.862500190734863281e+00,-1.000000000000000000e+00,-7.177870750427246094e+00,-9.000000000000000000e+00
4.865972518920898438e+00,-1.000000000000000000e+00,-7.177870750427246094e+00,-9.000000000000000000e+00
4.869444847106933594e+00,-1.000000000000000000e+00,-7.177870750427246094e+00,-9.000000000000000000e+00
4.872916698455810547e+00,-4.000000059604644775e-01,-2.871148347854614258e+00,-3.600000143051147461e+00
4.876389026641845703e+00,-0.000000000000000000e+00,-0.000000000000000000e+00,0.000000000000000000e+00
4.879861354827880859e+00,-0.000000000000000000e+00,-0.000000000000000000e+00,0.000000000000000000e+00
4.883333683013916016e+00,-0.000000000000000000e+00,-0.000000000000000000e+00,0.000000000000000000e+00
4.886806011199951172e+00,-0.000000000000000000e+00,-0.000000000000000000e+00,0.000000000000000000e+00
4.890278339385986328e+00,-0.000000000000000000e+00,-0.000000000000000000e+00,0.000000000000000000e+00
4.893750190734863281e+00,-0.000000000000000000e+00,-0.000000000000000000e+00,0.000000000000000000e+00
4.897222518920898438e+00,-0.000000000000000000e+00,-0.000000000000000000e+00,0.000000000000000000e+00
4.900694847106933594e+00,-0.000000000000000000e+00,-0.000000000000000000e+00,0.000000000000000000e+00
4.904166698455810547e+00,-0.000000000000000000e+00,-0.000000000000000000e+00,0.000000000000000000e+00
4.907639026641845703e+00,-0.000000000000000000e+00,-0.000000000000000000e+00,0.000000000000000000e+00
4.911111354827880859e+00,-0.000000000000000000e+00,-0.000000000000000000e+00,0.000000000000000000e+00
4.914583683013916016e+00,-0.000000000000000000e+00,-0.000000000000000000e+00,0.000000000000000000e+00
4.918056011199951172e+00,-0.000000000000000000e+00,-0.000000000000000000e+00,0.000000000000000000e+00
4.921528339385986328e+00,-0.000000000000000000e+00,-0.000000000000000000e+00,0.000000000000000000e+00
4.925000190734863281e+00,-0.000000000000000000e+00,-0.000000000000000000e+00,0.000000000000000000e+00
4.928472518920898438e+00,-0.000000000000000000e+00,-0.000000000000000000e+00,0.000000000000000000e+00
4.931944847106933594e+00,-0.000000000000000000e+00,-0.000000000000000000e+00,0.000000000000000000e+00
4.935416698455810547e+00,-0.000000000000000000e+00,-0.000000000000000000e+00,0.000000000000000000e+00
4.938889026641845703e+00,-0.000000000000000000e+00,-0.000000000000000000e+00,0.000000000000000000e+00
4.942361354827880859e+00,-0.000000000000000000e+00,-0.000000000000000000e+00,0.000000000000000000e+00
4.945833683013916016e+00,-0.000000000000000000e+00,-0.000000000000000000e+00,0.000000000000000000e+00
4.949306011199951172e+00,-0.000000000000000000e+00,-0.000000000000000000e+00,0.000000000000000000e+00
4.952778339385986328e+00,-0.000000000000000000e+00,-0.000000000000000000e+00,0.000000000000000000e+00
4.956250190734863281e+00,-0.000000000000000000e+00,-0.000000000000000000e+00,0.000000000000000000e+00
4.959722518920898438e+00,-0.000000000000000000e+00,-0.000000000000000000e+00,0.000000000000000000e+00
4.963194847106933594e+00,-0.000000000000000000e+00,-0.000000000000000000e+00,0.000000000000000000e+00
4.966666698455810547e+00,-0.000000000000000000e+00,-0.000000000000000000e+00,0.000000000000000000e+00
4.970139026641845703e+00,-0.000000000000000000e+00,-0.000000000000000000e+00,0.000000000000000000e+00
4.973611354827880859e+00,-0.000000000000000000e+00,-0.000000000000000000e+00,0.000000000000000000e+00
4.977083683013916016e+00,-0.000000000000000000e+00,-0.000000000000000000e+00,0.000000000000000000e+00
4.980556011199951172e+00,-0.000000000000000000e+00,-0.000000000000000000e+00,0.000000000000000000e+00
4.984028339385986328e+00,-0.000000000000000000e+00,-0.000000000000000000e+00,0.000000000000000000e+00
4.987500190734863281e+00,-0.000000000000000000e+00,-0.000000000000000000e+00,0.000000000000000000e+00
4.990972518920898438e+00,-0.000000000000000000e+00,-0.000000000000000000e+00,0.000000000000000000e+00
4.994444847106933594e+00,-0.000000000000000000e+00,-0.000000000000000000e+00,0.000000000000000000e+00
4.997916698455810547e+00,-0.000000000000000000e+00,-0.000000000000000000e+00,0.000000000000000000e+00
5.001389026641845703e+00,-0.000000000000000000e+00,-0.000000000000000000e+00,0.000000000000000000e+00
5.004861354827880859e+00,-0.000000000000000000e+00,-0.000000000000000000e+00,0.000000000000000000e+00
5.008333683013916016e+00,-0.000000000000000000e+00,-0.000000000000000000e+00,0.000000000000000000e+00
5.011806011199951172e+00,-0.000000000000000000e+00,-0.000000000000000000e+00,0.000000000000000000e+00
5.015278339385986328e+00,-0.000000000000000000e+00,-0.000000000000000000e+00,0.000000000000000000e+00
5.018750190734863281e+00,-0.000000000000000000e+00,-0.000000000000000000e+00,0.000000000000000000e+00
5.022222518920898438e+00,-0.000000000000000000e+00,-0.000000000000000000e+00,0.000000000000000000e+00
5.025694847106933594e+00,-0.000000000000000000e+00,-0.000000000000000000e+00,0.000000000000000000e+00
5.029166698455810547e+00,-0.000000000000000000e+00,-0.000000000000000000e+00,0.000000000000000000e+00
5.032639026641845703e+00,-0.000000000000000000e+00,-0.000000000000000000e+00,0.000000000000000000e+00
5.036111354827880859e+00,-0.000000000000000000e+00,-0.000000000000000000e+00,0.000000000000000000e+00
5.039583683013916016e+00,-0.000000000000000000e+00,-0.000000000000000000e+00,0.000000000000000000e+00
5.043056011199951172e+00,-0.000000000000000000e+00,-0.000000000000000000e+00,0.000000000000000000e+00
5.046528339385986328e+00,-0.000000000000000000e+00,-0.000000000000000000e+00,0.000000000000000000e+00
5.050000190734863281e+00,-0.000000000000000000e+00,-0.000000000000000000e+00,0.000000000000000000e+00
5.053472518920898438e+00,-0.000000000000000000e+00,-0.000000000000000000e+00,0.000000000000000000e+00
5.056944847106933594e+00,-0.000000000000000000e+00,-0.000000000000000000e+00,0.000000000000000000e+00
5.060416698455810547e+00,-0.000000000000000000e+00,-0.000000000000000000e+00,0.000000000000000000e+00
5.063889026641845703e+00,-0.000000000000000000e+00,-0.000000000000000000e+00,0.000000000000000000e+00
5.067361354827880859e+00,-0.000000000000000000e+00,-0.000000000000000000e+00,0.000000000000000000e+00
5.070833683013916016e+00,-0.000000000000000000e+00,-0.000000000000000000e+00,0.000000000000000000e+00
5.074306011199951172e+00,-0.000000000000000000e+00,-0.000000000000000000e+00,0.000000000000000000e+00
5.077778339385986328e+00,-0.000000000000000000e+00,-0.000000000000000000e+00,0.000000000000000000e+00
5.081250190734863281e+00,-0.000000000000000000e+00,-0.000000000000000000e+00,0.000000000000000000e+00
5.084722518920898438e+00,-0.000000000000000000e+00,-0.000000000000000000e+00,0.000000000000000000e+00
5.088194847106933594e+00,-0.000000000000000000e+00,-0.000000000000000000e+00,0.000000000000000000e+00
5.091666698455810547e+00,-0.000000000000000000e+00,-0.000000000000000000e+00,0.000000000000000000e+00
5.095139026641845703e+00,-0.000000000000000000e+00,-0.000000000000000000e+00,0.000000000000000000e+00
5.098611354827880859e+00,-0.000000000000000000e+00,-0.000000000000000000e+00,0.000000000000000000e+00
5.102083683013916016e+00,-0.000000000000000000e+00,-0.000000000000000000e+00,0.000000000000000000e+00
5.105556011199951172e+00,-0.000000000000000000e+00,-0.000000000000000000e+00,0.000000000000000000e+00
5.109028339385986328e+00,-0.000000000000000000e+00,-0.000000000000000000e+00,0.000000000000000000e+00
5.112500190734863281e+00,-0.000000000000000000e+00,-0.000000000000000000e+00,0.000000000000000000e+00
5.115972518920898438e+00,-0.000000000000000000e+00,-0.000000000000000000e+00,0.000000000000000000e+00
5.119444847106933594e+00,-0.000000000000000000e+00,-0.000000000000000000e+00,0.000000000000000000e+00
5.122916698455810547e+00,-0.000000000000000000e+00,-0.000000000000000000e+00,0.000000000000000000e+00
5.126389026641845703e+00,-0.000000000000000000e+00,-0.000000000000000000e+00,0.000000000000000000e+00
5.129861354827880859e+00,-0.000000000000000000e+00,-0.000000000000000000e+00,0.000000000000000000e+00
5.133333683013916016e+00,-0.000000000000000000e+00,-0.000000000000000000e+00,0.000000000000000000e+00
5.136806011199951172e+00,-0.000000000000000000e+00,-0.000000000000000000e+00,0.000000000000000000e+00
5.140278339385986328e+00,-0.000000000000000000e+00,-0.000000000000000000e+00,0.000000000000000000e+00
5.143750190734863281e+00,-0.000000000000000000e+00,-0.000000000000000000e+00,0.000000000000000000e+00
5.147222518920898438e+00,-0.000000000000000000e+00,-0.000000000000000000e+00,0.000000000000000000e+00
5.150694847106933594e+00,-0.000000000000000000e+00,-0.000000000000000000e+00,0.000000000000000000e+00
5.154166698455810547e+00,-0.000000000000000000e+00,-0.000000000000000000e+00,0.000000000000000000e+00
5.157639026641845703e+00,-0.000000000000000000e+00,-0.000000000000000000e+00,0.000000000000000000e+00
5.161111354827880859e+00,-0.000000000000000000e+00,-0.000000000000000000e+00,0.000000000000000000e+00
5.164583683013916016e+00,-0.000000000000000000e+00,-0.000000000000000000e+00,0.000000000000000000e+00
5.168056011199951172e+00,-0.000000000000000000e+00,-0.000000000000000000e+00,0.000000000000000000e+00
5.171528339385986328e+00,-0.000000000000000000e+00,-0.000000000000000000e+00,0.000000000000000000e+00
5.175000190734863281e+00,-0.000000000000000000e+00,-0.000000000000000000e+00,0.000000000000000000e+00
5.178472518920898438e+00,-0.000000000000000000e+00,-0.000000000000000000e+00,0.000000000000000000e+00
5.181944847106933594e+00,-0.000000000000000000e+00,-0.000000000000000000e+00,0.000000000000000000e+00
5.185416698455810547e+00,-0.000000000000000000e+00,-0.000000000000000000e+00,0.000000000000000000e+00
5.188889026641845703e+00,-0.000000000000000000e+00,-0.000000000000000000e+00,0.000000000000000000e+00
5.192361354827880859e+00,-0.000000000000000000e+00,-0.000000000000000000e+00,0.000000000000000000e+00
5.195833683013916016e+00,-0.000000000000000000e+00,-0.000000000000000000e+00,0.000000000000000000e+00
5.199306011199951172e+00,-0.000000000000000000e+00,-0.000000000000000000e+00,0.000000000000000000e+00
5.202778339385986328e+00,-0.000000000000000000e+00,-0.000000000000000000e+00,0.000000000000000000e+00
5.206250190734863281e+00,-0.000000000000000000e+00,-0.000000000000000000e+00,0.000000000000000000e+00
5.209722518920898438e+00,-0.000000000000000000e+00,-0.000000000000000000e+00,0.000000000000000000e+00
5.213194847106933594e+00,-0.000000000000000000e+00,-0.000000000000000000e+00,0.000000000000000000e+00
5.216666698455810547e+00,-0.000000000000000000e+00,-0.000000000000000000e+00,0.000000000000000000e+00
5.220139026641845703e+00,-0.000000000000000000e+00,-0.000000000000000000e+00,0.000000000000000000e+00
5.223611354827880859e+00,-0.000000000000000000e+00,-0.000000000000000000e+00,0.000000000000000000e+00
5.227083683013916016e+00,-0.000000000000000000e+00,-0.000000000000000000e+00,0.000000000000000000e+00
5.230556011199951172e+00,-0.000000000000000000e+00,-0.000000000000000000e+00,0.000000000000000000e+00
5.234028339385986328e+00,-0.000000000000000000e+00,-0.000000000000000000e+00,0.000000000000000000e+00
5.237500190734863281e+00,-0.000000000000000000e+00,-0.000000000000000000e+00,0.000000000000000000e+00
5.240972518920898438e+00,-0.000000000000000000e+00,-0.000000000000000000e+00,0.000000000000000000e+00
5.244444847106933594e+00,-0.000000000000000000e+00,-0.000000000000000000e+00,0.000000000000000000e+00
5.247916698455810547e+00,-0.000000000000000000e+00,-0.000000000000000000e+00,0.000000000000000000e+00
5.251389026641845703e+00,-0.000000000000000000e+00,-0.000000000000000000e+00,0.000000000000000000e+00
5.254861354827880859e+00,-0.000000000000000000e+00,-0.000000000000000000e+00,0.000000000000000000e+00
5.258333683013916016e+00,-0.000000000000000000e+00,-0.000000000000000000e+00,0.000000000000000000e+00
5.261806011199951172e+00,-0.000000000000000000e+00,-0.000000000000000000e+00,0.000000000000000000e+00
5.265278339385986328e+00,-0.000000000000000000e+00,-0.000000000000000000e+00,0.000000000000000000e+00
5.268750190734863281e+00,-0.000000000000000000e+00,-0.000000000000000000e+00,0.000000000000000000e+00
5.272222518920898438e+00,-0.000000000000000000e+00,-0.000000000000000000e+00,0.000000000000000000e+00
5.275694847106933594e+00,-0.000000000000000000e+00,-0.000000000000000000e+00,0.000000000000000000e+00
5.279166698455810547e+00,-0.000000000000000000e+00,-0.000000000000000000e+00,0.000000000000000000e+00
5.282639026641845703e+00,-0.000000000000000000e+00,-0.000000000000000000e+00,0.000000000000000000e+00
5.286111354827880859e+00,-0.000000000000000000e+00,-0.000000000000000000e+00,0.000000000000000000e+00
5.289583683013916016e+00,-0.000000000000000000e+00,-0.000000000000000000e+00,0.000000000000000000e+00
5.293056011199951172e+00,-0.000000000000000000e+00,-0.000000000000000000e+00,0.000000000000000000e+00
5.296528339385986328e+00,-0.000000000000000000e+00,-0.000000000000000000e+00,0.000000000000000000e+00
5.300000190734863281e+00,-0.000000000000000000e+00,-0.000000000000000000e+00,0.000000000000000000e+00
5.303472518920898438e+00,-0.000000000000000000e+00,-0.000000000000000000e+00,0.000000000000000000e+00
5.306944847106933594e+00,-0.000000000000000000e+00,-0.000000000000000000e+00,0.000000000000000000e+00
5.310416698455810547e+00,-0.000000000000000000e+00,-0.000000000000000000e+00,0.000000000000000000e+00
5.313889026641845703e+00,-0.000000000000000000e+00,-0.000000000000000000e+00,0.000000000000000000e+00
5.317361354827880859e+00,-0.000000000000000000e+00,-0.000000000000000000e+00,0.000000000000000000e+00
5.320833683013916016e+00,-0.000000000000000000e+00,-0.000000000000000000e+00,0.000000000000000000e+00
5.324306011199951172e+00,-0.000000000000000000e+00,-0.000000000000000000e+00,0.000000000000000000e+00
5.327778339385986328e+00,-0.000000000000000000e+00,-0.000000000000000000e+00,0.000000000000000000e+00
5.331250190734863281e+00,-0.000000000000000000e+00,-0.000000000000000000e+00,0.000000000000000000e+00
5.334722042083740234e+00,-0.000000000000000000e+00,-0.000000000000000000e+00,0.000000000000000000e+00
5.338195323944091797e+00,-0.000000000000000000e+00,-0.000000000000000000e+00,0.000000000000000000e+00
5.341667175292968750e+00,-0.000000000000000000e+00,-0.000000000000000000e+00,0.000000000000000000e+00
5.345138549804687500e+00,-0.000000000000000000e+00,-0.000000000000000000e+00,0.000000000000000000e+00
5.348611831665039062e+00,-0.000000000000000000e+00,-0.000000000000000000e+00,0.000000000000000000e+00
5.352083683013916016e+00,-0.000000000000000000e+00,-0.000000000000000000e+00,0.000000000000000000e+00
5.355555057525634766e+00,-0.000000000000000000e+00,-0.000000000000000000e+00,0.000000000000000000e+00
5.359028339385986328e+00,-0.000000000000000000e+00,-0.000000000000000000e+00,0.000000000000000000e+00
5.362500667572021484e+00,-0.000000000000000000e+00,-0.000000000000000000e+00,0.000000000000000000e+00
5.365972042083740234e+00,-0.000000000000000000e+00,-0.000000000000000000e+00,0.000000000000000000e+00
5.369445323944091797e+00,-0.000000000000000000e+00,-0.000000000000000000e+00,0.000000000000000000e+00
5.372917175292968750e+00,-0.000000000000000000e+00,-0.000000000000000000e+00,0.000000000000000000e+00
5.376388549804687500e+00,-0.000000000000000000e+00,-0.000000000000000000e+00,0.000000000000000000e+00
5.379861831665039062e+00,-0.000000000000000000e+00,-0.000000000000000000e+00,0.000000000000000000e+00
5.383333683013916016e+00,-0.000000000000000000e+00,-0.000000000000000000e+00,0.000000000000000000e+00
5.386805057525634766e+00,-0.000000000000000000e+00,-0.000000000000000000e+00,0.000000000000000000e+00
5.390278339385986328e+00,-0.000000000000000000e+00,-0.000000000000000000e+00,0.000000000000000000e+00
5.393750667572021484e+00,-0.000000000000000000e+00,-0.000000000000000000e+00,0.000000000000000000e+00
5.397222042083740234e+00,-0.000000000000000000e+00,-0.000000000000000000e+00,0.000000000000000000e+00
5.400695323944091797e+00,-0.000000000000000000e+00,-0.000000000000000000e+00,0.000000000000000000e+00
5.404167175292968750e+00,-0.000000000000000000e+00,-0.000000000000000000e+00,0.000000000000000000e+00
5.407638549804687500e+00,-0.000000000000000000e+00,-0.000000000000000000e+00,0.000000000000000000e+00
5.411111831665039062e+00,-0.000000000000000000e+00,-0.000000000000000000e+00,0.000000000000000000e+00
5.414583683013916016e+00,-0.000000000000000000e+00,-0.000000000000000000e+00,0.000000000000000000e+00
5.418055057525634766e+00,-0.000000000000000000e+00,-0.000000000000000000e+00,0.000000000000000000e+00
5.421528339385986328e+00,-0.000000000000000000e+00,-0.000000000000000000e+00,0.000000000000000000e+00
5.425000667572021484e+00,-0.000000000000000000e+00,-0.000000000000000000e+00,0.000000000000000000e+00
5.428472042083740234e+00,-0.000000000000000000e+00,-0.000000000000000000e+00,0.000000000000000000e+00
5.431945323944091797e+00,-0.000000000000000000e+00,-0.000000000000000000e+00,0.000000000000000000e+00
5.435417175292968750e+00,-0.000000000000000000e+00,-0.000000000000000000e+00,0.000000000000000000e+00
5.438888549804687500e+00,-0.000000000000000000e+00,-0.000000000000000000e+00,0.000000000000000000e+00
5.442361831665039062e+00,-0.000000000000000000e+00,-0.000000000000000000e+00,0.000000000000000000e+00
5.445833683013916016e+00,-0.000000000000000000e+00,-0.000000000000000000e+00,0.000000000000000000e+00
5.449305057525634766e+00,-0.000000000000000000e+00,-0.000000000000000000e+00,0.000000000000000000e+00
5.452778339385986328e+00,-0.000000000000000000e+00,-0.000000000000000000e+00,0.000000000000000000e+00
5.456250667572021484e+00,-0.000000000000000000e+00,-0.000000000000000000e+00,0.000000000000000000e+00
5.459722042083740234e+00,-0.000000000000000000e+00,-0.000000000000000000e+00,0.000000000000000000e+00
5.463195323944091797e+00,-0.000000000000000000e+00,-0.000000000000000000e+00,0.000000000000000000e+00
5.466667175292968750e+00,-0.000000000000000000e+00,-0.000000000000000000e+00,0.000000000000000000e+00
5.470138549804687500e+00,-0.000000000000000000e+00,-0.000000000000000000e+00,0.000000000000000000e+00
5.473611831665039062e+00,-6.000000238418579102e-01,-4.306722640991210938e+00,-5.400000095367431641e+00
5.477083683013916016e+00,-1.000000000000000000e+00,-7.177870750427246094e+00,-9.000000000000000000e+00
5.480555057525634766e+00,-1.000000000000000000e+00,-7.177870750427246094e+00,-9.000000000000000000e+00
5.484028339385986328e+00,-1.000000000000000000e+00,-7.177870750427246094e+00,-9.000000000000000000e+00
5.487500667572021484e+00,-1.000000000000000000e+00,-7.177870750427246094e+00,-9.000000000000000000e+00
5.490972042083740234e+00,-1.000000000000000000e+00,-7.177870750427246094e+00,-9.000000000000000000e+00
5.494445323944091797e+00,-1.000000000000000000e+00,-7.177870750427246094e+00,-9.000000000000000000e+00
5.497917175292968750e+00,-1.000000000000000000e+00,-7.177870750427246094e+00,-9.000000000000000000e+00
5.501388549804687500e+00,-1.000000000000000000e+00,-7.177870750427246094e+00,-9.000000000000000000e+00
5.504861831665039062e+00,-1.000000000000000000e+00,-7.177870750427246094e+00,-9.000000000000000000e+00
5.508333683013916016e+00,-1.000000000000000000e+00,-7.177870750427246094e+00,-9.000000000000000000e+00
5.511805057525634766e+00,-1.000000000000000000e+00,-7.177870750427246094e+00,-9.000000000000000000e+00
5.515278339385986328e+00,-1.000000000000000000e+00,-7.177870750427246094e+00,-9.000000000000000000e+00
5.518750667572021484e+00,-1.000000000000000000e+00,-7.177870750427246094e+00,-9.000000000000000000e+00
5.522222042083740234e+00,-1.000000000000000000e+00,-7.177870750427246094e+00,-9.000000000000000000e+00
5.525695323944091797e+00,-1.000000000000000000e+00,-7.177870750427246094e+00,-9.000000000000000000e+00
5.529167175292968750e+00,-1.000000000000000000e+00,-7.177870750427246094e+00,-9.000000000000000000e+00
5.532638549804687500e+00,-1.000000000000000000e+00,-7.177870750427246094e+00,-9.000000000000000000e+00
5.536111831665039062e+00,-1.000000000000000000e+00,-7.177870750427246094e+00,-9.000000000000000000e+00
5.539583683013916016e+00,-1.000000000000000000e+00,-7.177870750427246094e+00,-9.000000000000000000e+00
5.543055057525634766e+00,-0.000000000000000000e+00,-0.000000000000000000e+00,0.000000000000000000e+00
5.546528339385986328e+00,-0.000000000000000000e+00,-0.000000000000000000e+00,0.000000000000000000e+00
5.550000667572021484e+00,-0.000000000000000000e+00,-0.000000000000000000e+00,0.000000000000000000e+00
5.553472042083740234e+00,-0.000000000000000000e+00,-0.000000000000000000e+00,0.000000000000000000e+00
5.556945323944091797e+00,-0.000000000000000000e+00,-0.000000000000000000e+00,0.000000000000000000e+00
5.560417175292968750e+00,-0.000000000000000000e+00,-0.000000000000000000e+00,0.000000000000000000e+00
5.563888549804687500e+00,-0.000000000000000000e+00,-0.000000000000000000e+00,0.000000000000000000e+00
5.567361831665039062e+00,-0.000000000000000000e+00,-0.000000000000000000e+00,0.000000000000000000e+00
5.570833683013916016e+00,-0.000000000000000000e+00,-0.000000000000000000e+00,0.000000000000000000e+00
5.574305057525634766e+00,-0.000000000000000000e+00,-0.000000000000000000e+00,0.000000000000000000e+00
5.577778339385986328e+00,-0.000000000000000000e+00,-0.000000000000000000e+00,0.000000000000000000e+00
5.581250667572021484e+00,-0.000000000000000000e+00,-0.000000000000000000e+00,0.000000000000000000e+00
5.584722042083740234e+00,-0.000000000000000000e+00,-0.000000000000000000e+00,0.000000000000000000e+00
5.588195323944091797e+00,-0.000000000000000000e+00,-0.000000000000000000e+00,0.000000000000000000e+00
5.591667175292968750e+00,-0.000000000000000000e+00,-0.000000000000000000e+00,0.000000000000000000e+00
5.595138549804687500e+00,-0.000000000000000000e+00,-0.000000000000000000e+00,0.000000000000000000e+00
5.598611831665039062e+00,-0.000000000000000000e+00,-0.000000000000000000e+00,0.000000000000000000e+00
5.602083683013916016e+00,-0.000000000000000000e+00,-0.000000000000000000e+00,0.000000000000000000e+00
5.605555057525634766e+00,-0.000000000000000000e+00,-0.000000000000000000e+00,0.000000000000000000e+00
5.609028339385986328e+00,-0.000000000000000000e+00,-0.000000000000000000e+00,0.000000000000000000e+00
5.612500667572021484e+00,-8.000000119209289551e-01,-5.742296695709228516e+00,-7.200000286102294922e+00
5.615972042083740234e+00,-1.000000000000000000e+00,-7.177870750427246094e+00,-9.000000000000000000e+00
5.619445323944091797e+00,-1.000000000000000000e+00,-7.177870750427246094e+00,-9.000000000000000000e+00
5.622917175292968750e+00,-1.000000000000000000e+00,-7.177870750427246094e+00,-9.000000000000000000e+00
5.626388549804687500e+00,-1.000000000000000000e+00,-7.177870750427246094e+00,-9.000000000000000000e+00
5.629861831665039062e+00,-1.000000000000000000e+00,-7.177870750427246094e+00,-9.000000000000000000e+00
5.633333683013916016e+00,-1.000000000000000000e+00,-7.177870750427246094e+00,-9.000000000000000000e+00
5.636805057525634766e+00,-1.000000000000000000e+00,-7.177870750427246094e+00,-9.000000000000000000e+00
5.640278339385986328e+00,-1.000000000000000000e+00,-7.177870750427246094e+00,-9.000000000000000000e+00
5.643750667572021484e+00,-1.000000000000000000e+00,-7.177870750427246094e+00,-9.000000000000000000e+00
5.647222042083740234e+00,-1.000000000000000000e+00,-7.177870750427246094e+00,-9.000000000000000000e+00
5.650695323944091797e+00,-1.000000000000000000e+00,-7.177870750427246094e+00,-9.000000000000000000e+00
5.654167175292968750e+00,-1.000000000000000000e+00,-7.177870750427246094e+00,-9.000000000000000000e+00
5.657638549804687500e+00,-1.000000000000000000e+00,-7.177870750427246094e+00,-9.000000000000000000e+00
5.661111831665039062e+00,-1.000000000000000000e+00,-7.177870750427246094e+00,-9.000000000000000000e+00
5.664583683013916016e+00,-1.000000000000000000e+00,-7.177870750427246094e+00,-9.000000000000000000e+00
5.668055057525634766e+00,-1.000000000000000000e+00,-7.177870750427246094e+00,-9.000000000000000000e+00
5.671528339385986328e+00,-1.000000000000000000e+00,-7.177870750427246094e+00,-9.000000000000000000e+00
5.675000667572021484e+00,-1.000000000000000000e+00,-7.177870750427246094e+00,-9.000000000000000000e+00
5.678472042083740234e+00,-1.000000000000000000e+00,-7.177870750427246094e+00,-9.000000000000000000e+00
5.681945323944091797e+00,-1.000000000000000000e+00,-7.177870750427246094e+00,-9.000000000000000000e+00
5.685417175292968750e+00,-1.000000000000000000e+00,-7.177870750427246094e+00,-9.000000000000000000e+00
5.688888549804687500e+00,-6.000000238418579102e-01,-4.306722640991210938e+00,-5.400000095367431641e+00
5.692361831665039062e+00,-0.000000000000000000e+00,-0.000000000000000000e+00,0.000000000000000000e+00
5.695833683013916016e+00,-0.000000000000000000e+00,-0.000000000000000000e+00,0.000000000000000000e+00
5.699305057525634766e+00,-0.000000000000000000e+00,-0.000000000000000000e+00,0.000000000000000000e+00
5.702778339385986328e+00,-0.000000000000000000e+00,-0.000000000000000000e+00,0.000000000000000000e+00
5.706250667572021484e+00,-0.000000000000000000e+00,-0.000000000000000000e+00,0.000000000000000000e+00
5.709722042083740234e+00,-0.000000000000000000e+00,-0.000000000000000000e+00,0.000000000000000000e+00
5.713195323944091797e+00,-0.000000000000000000e+00,-0.000000000000000000e+00,0.000000000000000000e+00
5.716667175292968750e+00,-0.000000000000000000e+00,-0.000000000000000000e+00,0.000000000000000000e+00
5.720138549804687500e+00,-0.000000000000000000e+00,-0.000000000000000000e+00,0.000000000000000000e+00
5.723611831665039062e+00,-0.000000000000000000e+00,-0.000000000000000000e+00,0.000000000000000000e+00
5.727083683013916016e+00,-0.000000000000000000e+00,-0.000000000000000000e+00,0.000000000000000000e+00
5.730555057525634766e+00,-0.000000000000000000e+00,-0.000000000000000000e+00,0.000000000000000000e+00
5.734028339385986328e+00,-0.000000000000000000e+00,-0.000000000000000000e+00,0.000000000000000000e+00
5.737500667572021484e+00,-0.000000000000000000e+00,-0.000000000000000000e+00,0.000000000000000000e+00
5.740972042083740234e+00,-0.000000000000000000e+00,-0.000000000000000000e+00,0.000000000000000000e+00
5.744445323944091797e+00,-0.000000000000000000e+00,-0.000000000000000000e+00,0.000000000000000000e+00
5.747917175292968750e+00,-0.000000000000000000e+00,-0.000000000000000000e+00,0.000000000000000000e+00
5.751388549804687500e+00,-0.000000000000000000e+00,-0.000000000000000000e+00,0.000000000000000000e+00
5.754861831665039062e+00,-0.000000000000000000e+00,-0.000000000000000000e+00,0.000000000000000000e+00
5.758333683013916016e+00,-0.000000000000000000e+00,-0.000000000000000000e+00,0.000000000000000000e+00
5.761805057525634766e+00,-0.000000000000000000e+00,-0.000000000000000000e+00,0.000000000000000000e+00
5.765278339385986328e+00,-0.000000000000000000e+00,-0.000000000000000000e+00,0.000000000000000000e+00
5.768750667572021484e+00,-0.000000000000000000e+00,-0.000000000000000000e+00,0.000000000000000000e+00
5.772222042083740234e+00,-0.000000000000000000e+00,-0.000000000000000000e+00,0.000000000000000000e+00
5.775695323944091797e+00,-0.000000000000000000e+00,-0.000000000000000000e+00,0.000000000000000000e+00
5.779167175292968750e+00,-0.000000000000000000e+00,-0.000000000000000000e+00,0.000000000000000000e+00
5.782638549804687500e+00,-0.000000000000000000e+00,-0.000000000000000000e+00,0.000000000000000000e+00
5.786111831665039062e+00,-0.000000000000000000e+00,-0.000000000000000000e+00,0.000000000000000000e+00
5.789583683013916016e+00,-0.000000000000000000e+00,-0.000000000000000000e+00,0.000000000000000000e+00
5.793055057525634766e+00,-0.000000000000000000e+00,-0.000000000000000000e+00,0.000000000000000000e+00
5.796528339385986328e+00,-0.000000000000000000e+00,-0.000000000000000000e+00,0.000000000000000000e+00
5.800000667572021484e+00,-0.000000000000000000e+00,-0.000000000000000000e+00,0.000000000000000000e+00
5.803472042083740234e+00,-0.000000000000000000e+00,-0.000000000000000000e+00,0.000000000000000000e+00
5.806945323944091797e+00,-0.000000000000000000e+00,-0.000000000000000000e+00,0.000000000000000000e+00
5.810417175292968750e+00,-0.000000000000000000e+00,-0.000000000000000000e+00,0.000000000000000000e+00
5.813888549804687500e+00,-0.000000000000000000e+00,-0.000000000000000000e+00,0.000000000000000000e+00
5.817361831665039062e+00,-0.000000000000000000e+00,-0.000000000000000000e+00,0.000000000000000000e+00
5.820833683013916016e+00,-0.000000000000000000e+00,-0.000000000000000000e+00,0.000000000000000000e+00
5.824305057525634766e+00,-0.000000000000000000e+00,-0.000000000000000000e+00,0.000000000000000000e+00
5.827778339385986328e+00,-6.000000238418579102e-01,-4.306722640991210938e+00,-5.400000095367431641e+00
5.831250667572021484e+00,-1.000000000000000000e+00,-7.177870750427246094e+00,-9.000000000000000000e+00
5.834722042083740234e+00,-1.000000000000000000e+00,-7.177870750427246094e+00,-9.000000000000000000e+00
5.838195323944091797e+00,-1.000000000000000000e+00,-7.177870750427246094e+00,-9.000000000000000000e+00
5.841667175292968750e+00,-1.000000000000000000e+00,-7.177870750427246094e+00,-9.000000000000000000e+00
5.845138549804687500e+00,-1.000000000000000000e+00,-7.177870750427246094e+00,-9.000000000000000000e+00
5.848611831665039062e+00,-1.000000000000000000e+00,-7.177870750427246094e+00,-9.000000000000000000e+00
5.852083683013916016e+00,-1.000000000000000000e+00,-7.177870750427246094e+00,-9.000000000000000000e+00
5.855555057525634766e+00,-1.000000000000000000e+00,-7.177870750427246094e+00,-9.000000000000000000e+00
5.859028339385986328e+00,-1.000000000000000000e+00,-7.177870750427246094e+00,-9.000000000000000000e+00
5.862500667572021484e+00,-1.000000000000000000e+00,-7.177870750427246094e+00,-9.000000000000000000e+00
5.865972042083740234e+00,-1.000000000000000000e+00,-7.177870750427246094e+00,-9.000000000000000000e+00
5.869445323944091797e+00,-1.000000000000000000e+00,-7.177870750427246094e+00,-9.000000000000000000e+00
5.872917175292968750e+00,-1.000000000000000000e+00,-7.177870750427246094e+00,-9.000000000000000000e+00
5.876388549804687500e+00,-8.000000119209289551e-01,-5.742296695709228516e+00,-7.200000286102294922e+00
5.879861831665039062e+00,-0.000000000000000000e+00,-0.000000000000000000e+00,0.000000000000000000e+00
5.883333683013916016e+00,-0.000000000000000000e+00,-0.000000000000000000e+00,0.000000000000000000e+00
5.886805057525634766e+00,-0.000000000000000000e+00,-0.000000000000000000e+00,0.000000000000000000e+00
5.890278339385986328e+00,-0.000000000000000000e+00,-0.000000000000000000e+00,0.000000000000000000e+00
5.893750667572021484e+00,-0.000000000000000000e+00,-0.000000000000000000e+00,0.000000000000000000e+00
5.897222042083740234e+00,-0.000000000000000000e+00,-0.000000000000000000e+00,0.000000000000000000e+00
5.900695323944091797e+00,-0.000000000000000000e+00,-0.000000000000000000e+00,0.000000000000000000e+00
5.904167175292968750e+00,-0.000000000000000000e+00,-0.000000000000000000e+00,0.000000000000000000e+00
5.907638549804687500e+00,-0.000000000000000000e+00,-0.000000000000000000e+00,0.000000000000000000e+00
5.911111831665039062e+00,-0.000000000000000000e+00,-0.000000000000000000e+00,0.000000000000000000e+00
5.914583683013916016e+00,-0.000000000000000000e+00,-0.000000000000000000e+00,0.000000000000000000e+00
5.918055057525634766e+00,-0.000000000000000000e+00,-0.000000000000000000e+00,0.000000000000000000e+00
5.921528339385986328e+00,-0.000000000000000000e+00,-0.000000000000000000e+00,0.000000000000000000e+00
5.925000667572021484e+00,-0.000000000000000000e+00,-0.000000000000000000e+00,0.000000000000000000e+00
5.928472042083740234e+00,-0.000000000000000000e+00,-0.000000000000000000e+00,0.000000000000000000e+00
5.931945323944091797e+00,-0.000000000000000000e+00,-0.000000000000000000e+00,0.000000000000000000e+00
5.935417175292968750e+00,-0.000000000000000000e+00,-0.000000000000000000e+00,0.000000000000000000e+00
5.938888549804687500e+00,-0.000000000000000000e+00,-0.000000000000000000e+00,0.000000000000000000e+00
5.942361831665039062e+00,-0.000000000000000000e+00,-0.000000000000000000e+00,0.000000000000000000e+00
5.945833683013916016e+00,-0.000000000000000000e+00,-0.000000000000000000e+00,0.000000000000000000e+00
5.949305057525634766e+00,-0.000000000000000000e+00,-0.000000000000000000e+00,0.000000000000000000e+00
5.952778339385986328e+00,-0.000000000000000000e+00,-0.000000000000000000e+00,0.000000000000000000e+00
5.956250667572021484e+00,-0.000000000000000000e+00,-0.000000000000000000e+00,0.000000000000000000e+00
5.959722042083740234e+00,-0.000000000000000000e+00,-0.000000000000000000e+00,0.000000000000000000e+00
5.963195323944091797e+00,-0.000000000000000000e+00,-0.000000000000000000e+00,0.000000000000000000e+00
5.966667175292968750e+00,-0.000000000000000000e+00,-0.000000000000000000e+00,0.000000000000000000e+00
5.970138549804687500e+00,-0.000000000000000000e+00,-0.000000000000000000e+00,0.000000000000000000e+00
5.973611831665039062e+00,-0.000000000000000000e+00,-0.000000000000000000e+00,0.000000000000000000e+00
5.977083683013916016e+00,-0.000000000000000000e+00,-0.000000000000000000e+00,0.000000000000000000e+00
5.980555057525634766e+00,-0.000000000000000000e+00,-0.000000000000000000e+00,0.000000000000000000e+00
5.984028339385986328e+00,-0.000000000000000000e+00,-0.000000000000000000e+00,0.000000000000000000e+00
5.987500667572021484e+00,-0.000000000000000000e+00,-0.000000000000000000e+00,0.000000000000000000e+00
5.990972042083740234e+00,-0.000000000000000000e+00,-0.000000000000000000e+00,0.000000000000000000e+00
5.994445323944091797e+00,-0.000000000000000000e+00,-0.000000000000000000e+00,0.000000000000000000e+00
5.997917175292968750e+00,-0.000000000000000000e+00,-0.000000000000000000e+00,0.000000000000000000e+00
6.001388549804687500e+00,-0.000000000000000000e+00,-0.000000000000000000e+00,0.000000000000000000e+00
6.004861831665039062e+00,-0.000000000000000000e+00,-0.000000000000000000e+00,0.000000000000000000e+00
6.008333683013916016e+00,-0.000000000000000000e+00,-0.000000000000000000e+00,0.000000000000000000e+00
6.011805057525634766e+00,-0.000000000000000000e+00,-0.000000000000000000e+00,0.000000000000000000e+00
6.015278339385986328e+00,-0.000000000000000000e+00,-0.000000000000000000e+00,0.000000000000000000e+00
6.018750667572021484e+00,-0.000000000000000000e+00,-0.000000000000000000e+00,0.000000000000000000e+00
6.022222042083740234e+00,-0.000000000000000000e+00,-0.000000000000000000e+00,0.000000000000000000e+00
6.025695323944091797e+00,-0.000000000000000000e+00,-0.000000000000000000e+00,0.000000000000000000e+00
6.029167175292968750e+00,-0.000000000000000000e+00,-0.000000000000000000e+00,0.000000000000000000e+00
6.032638549804687500e+00,-0.000000000000000000e+00,-0.000000000000000000e+00,0.000000000000000000e+00
6.036111831665039062e+00,-0.000000000000000000e+00,-0.000000000000000000e+00,0.000000000000000000e+00
6.039583683013916016e+00,-0.000000000000000000e+00,-0.000000000000000000e+00,0.000000000000000000e+00
6.043055057525634766e+00,-0.000000000000000000e+00,-0.000000000000000000e+00,0.000000000000000000e+00
6.046528339385986328e+00,-0.000000000000000000e+00,-0.000000000000000000e+00,0.000000000000000000e+00
6.050000667572021484e+00,-0.000000000000000000e+00,-0.000000000000000000e+00,0.000000000000000000e+00
6.053472042083740234e+00,-0.000000000000000000e+00,-0.000000000000000000e+00,0.000000000000000000e+00
6.056945323944091797e+00,-0.000000000000000000e+00,-0.000000000000000000e+00,0.000000000000000000e+00
6.060417175292968750e+00,-0.000000000000000000e+00,-0.000000000000000000e+00,0.000000000000000000e+00
6.063888549804687500e+00,-0.000000000000000000e+00,-0.000000000000000000e+00,0.000000000000000000e+00
6.067361831665039062e+00,-0.000000000000000000e+00,-0.000000000000000000e+00,0.000000000000000000e+00
6.070833683013916016e+00,-0.000000000000000000e+00,-0.000000000000000000e+00,0.000000000000000000e+00
6.074305057525634766e+00,-0.000000000000000000e+00,-0.000000000000000000e+00,0.000000000000000000e+00
6.077778339385986328e+00,-0.000000000000000000e+00,-0.000000000000000000e+00,0.000000000000000000e+00
6.081250667572021484e+00,-0.000000000000000000e+00,-0.000000000000000000e+00,0.000000000000000000e+00
6.084722042083740234e+00,-0.000000000000000000e+00,-0.000000000000000000e+00,0.000000000000000000e+00
6.088195323944091797e+00,-0.000000000000000000e+00,-0.000000000000000000e+00,0.000000000000000000e+00
6.091667175292968750e+00,-0.000000000000000000e+00,-0.000000000000000000e+00,0.000000000000000000e+00
6.095138549804687500e+00,-0.000000000000000000e+00,-0.000000000000000000e+00,0.000000000000000000e+00
6.098611831665039062e+00,-0.000000000000000000e+00,-0.000000000000000000e+00,0.000000000000000000e+00
6.102083683013916016e+00,-0.000000000000000000e+00,-0.000000000000000000e+00,0.000000000000000000e+00
6.105556488037109375e+00,-0.000000000000000000e+00,-0.000000000000000000e+00,0.000000000000000000e+00
6.109028339385986328e+00,-0.000000000000000000e+00,-0.000000000000000000e+00,0.000000000000000000e+00
6.112500667572021484e+00,-0.000000000000000000e+00,-0.000000000000000000e+00,0.000000000000000000e+00
6.115972995758056641e+00,-0.000000000000000000e+00,-0.000000000000000000e+00,0.000000000000000000e+00
6.119445323944091797e+00,-0.000000000000000000e+00,-0.000000000000000000e+00,0.000000000000000000e+00
6.122917175292968750e+00,-0.000000000000000000e+00,-0.000000000000000000e+00,0.000000000000000000e+00
6.126389980316162109e+00,-0.000000000000000000e+00,-0.000000000000000000e+00,0.000000000000000000e+00
6.129861831665039062e+00,-0.000000000000000000e+00,-0.000000000000000000e+00,0.000000000000000000e+00
6.133333683013916016e+00,-0.000000000000000000e+00,-0.000000000000000000e+00,0.000000000000000000e+00
6.136806488037109375e+00,-0.000000000000000000e+00,-0.000000000000000000e+00,0.000000000000000000e+00
6.140278339385986328e+00,-0.000000000000000000e+00,-0.000000000000000000e+00,0.000000000000000000e+00
6.143750667572021484e+00,-0.000000000000000000e+00,-0.000000000000000000e+00,0.000000000000000000e+00
6.147222995758056641e+00,-0.000000000000000000e+00,-0.000000000000000000e+00,0.000000000000000000e+00
6.150695323944091797e+00,-0.000000000000000000e+00,-0.000000000000000000e+00,0.000000000000000000e+00
6.154167175292968750e+00,-0.000000000000000000e+00,-0.000000000000000000e+00,0.000000000000000000e+00
6.157639980316162109e+00,-0.000000000000000000e+00,-0.000000000000000000e+00,0.000000000000000000e+00
6.161111831665039062e+00,-0.000000000000000000e+00,-0.000000000000000000e+00,0.000000000000000000e+00
6.164583683013916016e+00,-0.000000000000000000e+00,-0.000000000000000000e+00,0.000000000000000000e+00
6.168056488037109375e+00,-0.000000000000000000e+00,-0.000000000000000000e+00,0.000000000000000000e+00
6.171528339385986328e+00,-0.000000000000000000e+00,-0.000000000000000000e+00,0.000000000000000000e+00
6.175000667572021484e+00,-0.000000000000000000e+00,-0.000000000000000000e+00,0.000000000000000000e+00
6.178472995758056641e+00,-0.000000000000000000e+00,-0.000000000000000000e+00,0.000000000000000000e+00
6.181945323944091797e+00,-0.000000000000000000e+00,-0.000000000000000000e+00,0.000000000000000000e+00
6.185417175292968750e+00,-0.000000000000000000e+00,-0.000000000000000000e+00,0.000000000000000000e+00
6.188889980316162109e+00,-0.000000000000000000e+00,-0.000000000000000000e+00,0.000000000000000000e+00
6.192361831665039062e+00,-0.000000000000000000e+00,-0.000000000000000000e+00,0.000000000000000000e+00
6.195833683013916016e+00,-0.000000000000000000e+00,-0.000000000000000000e+00,0.000000000000000000e+00
6.199306488037109375e+00,-0.000000000000000000e+00,-0.000000000000000000e+00,0.000000000000000000e+00
6.202778339385986328e+00,-0.000000000000000000e+00,-0.000000000000000000e+00,0.000000000000000000e+00
6.206250667572021484e+00,-0.000000000000000000e+00,-0.000000000000000000e+00,0.000000000000000000e+00
6.209722995758056641e+00,-0.000000000000000000e+00,-0.000000000000000000e+00,0.000000000000000000e+00
6.213195323944091797e+00,-0.000000000000000000e+00,-0.000000000000000000e+00,0.000000000000000000e+00
6.216667175292968750e+00,-0.000000000000000000e+00,-0.000000000000000000e+00,0.000000000000000000e+00
6.220139980316162109e+00,-0.000000000000000000e+00,-0.000000000000000000e+00,0.000000000000000000e+00
6.223611831665039062e+00,-0.000000000000000000e+00,-0.000000000000000000e+00,0.000000000000000000e+00
6.227083683013916016e+00,-0.000000000000000000e+00,-0.000000000000000000e+00,0.000000000000000000e+00
6.230556488037109375e+00,-0.000000000000000000e+00,-0.000000000000000000e+00,0.000000000000000000e+00
6.234028339385986328e+00,-0.000000000000000000e+00,-0.000000000000000000e+00,0.000000000000000000e+00
6.237500667572021484e+00,-0.000000000000000000e+00,-0.000000000000000000e+00,0.000000000000000000e+00
6.240972995758056641e+00,-0.000000000000000000e+00,-0.000000000000000000e+00,0.000000000000000000e+00
6.244445323944091797e+00,-0.000000000000000000e+00,-0.000000000000000000e+00,0.000000000000000000e+00
6.247917175292968750e+00,-0.000000000000000000e+00,-0.000000000000000000e+00,0.000000000000000000e+00
6.251389980316162109e+00,-0.000000000000000000e+00,-0.000000000000000000e+00,0.000000000000000000e+00
6.254861831665039062e+00,-0.000000000000000000e+00,-0.000000000000000000e+00,0.000000000000000000e+00
6.258333683013916016e+00,-0.000000000000000000e+00,-0.000000000000000000e+00,0.000000000000000000e+00
6.261806488037109375e+00,-0.000000000000000000e+00,-0.000000000000000000e+00,0.000000000000000000e+00
6.265278339385986328e+00,-0.000000000000000000e+00,-0.000000000000000000e+00,0.000000000000000000e+00
6.268750667572021484e+00,-0.000000000000000000e+00,-0.000000000000000000e+00,0.000000000000000000e+00
6.272222995758056641e+00,-0.000000000000000000e+00,-0.000000000000000000e+00,0.000000000000000000e+00
6.275695323944091797e+00,-0.000000000000000000e+00,-0.000000000000000000e+00,0.000000000000000000e+00
6.279167175292968750e+00,-0.000000000000000000e+00,-0.000000000000000000e+00,0.000000000000000000e+00
6.282639980316162109e+00,-0.000000000000000000e+00,-0.000000000000000000e+00,0.000000000000000000e+00
6.286111831665039062e+00,-0.000000000000000000e+00,-0.000000000000000000e+00,0.000000000000000000e+00
6.289583683013916016e+00,-0.000000000000000000e+00,-0.000000000000000000e+00,0.000000000000000000e+00
6.293056488037109375e+00,-0.000000000000000000e+00,-0.000000000000000000e+00,0.000000000000000000e+00
6.296528339385986328e+00,-0.000000000000000000e+00,-0.000000000000000000e+00,0.000000000000000000e+00
6.300000667572021484e+00,-0.000000000000000000e+00,-0.000000000000000000e+00,0.000000000000000000e+00
6.303472995758056641e+00,-0.000000000000000000e+00,-0.000000000000000000e+00,0.000000000000000000e+00
6.306945323944091797e+00,-0.000000000000000000e+00,-0.000000000000000000e+00,0.000000000000000000e+00
6.310417175292968750e+00,-0.000000000000000000e+00,-0.000000000000000000e+00,0.000000000000000000e+00
6.313889980316162109e+00,-0.000000000000000000e+00,-0.000000000000000000e+00,0.000000000000000000e+00
6.317361831665039062e+00,-0.000000000000000000e+00,-0.000000000000000000e+00,0.000000000000000000e+00
6.320833683013916016e+00,-0.000000000000000000e+00,-0.000000000000000000e+00,0.000000000000000000e+00
6.324306488037109375e+00,-0.000000000000000000e+00,-0.000000000000000000e+00,0.000000000000000000e+00
6.327778339385986328e+00,-0.000000000000000000e+00,-0.000000000000000000e+00,0.000000000000000000e+00
6.331250667572021484e+00,-0.000000000000000000e+00,-0.000000000000000000e+00,0.000000000000000000e+00
6.334722995758056641e+00,-0.000000000000000000e+00,-0.000000000000000000e+00,0.000000000000000000e+00
6.338195323944091797e+00,-0.000000000000000000e+00,-0.000000000000000000e+00,0.000000000000000000e+00
6.341667175292968750e+00,-0.000000000000000000e+00,-0.000000000000000000e+00,0.000000000000000000e+00
6.345139980316162109e+00,-0.000000000000000000e+00,-0.000000000000000000e+00,0.000000000000000000e+00
6.348611831665039062e+00,-0.000000000000000000e+00,-0.000000000000000000e+00,0.000000000000000000e+00
6.352083683013916016e+00,-0.000000000000000000e+00,-0.000000000000000000e+00,0.000000000000000000e+00
6.355556488037109375e+00,-0.000000000000000000e+00,-0.000000000000000000e+00,0.000000000000000000e+00
6.359028339385986328e+00,-0.000000000000000000e+00,-0.000000000000000000e+00,0.000000000000000000e+00
6.362500667572021484e+00,-0.000000000000000000e+00,-0.000000000000000000e+00,0.000000000000000000e+00
6.365972995758056641e+00,-0.000000000000000000e+00,-0.000000000000000000e+00,0.000000000000000000e+00
6.369445323944091797e+00,-0.000000000000000000e+00,-0.000000000000000000e+00,0.000000000000000000e+00
6.372917175292968750e+00,-0.000000000000000000e+00,-0.000000000000000000e+00,0.000000000000000000e+00
6.376389980316162109e+00,-6.000000238418579102e-01,-4.306722640991210938e+00,-5.400000095367431641e+00
6.379861831665039062e+00,-1.000000000000000000e+00,-7.177870750427246094e+00,-9.000000000000000000e+00
6.383333683013916016e+00,-1.000000000000000000e+00,-7.177870750427246094e+00,-9.000000000000000000e+00
6.386806488037109375e+00,-1.000000000000000000e+00,-7.177870750427246094e+00,-9.000000000000000000e+00
6.390278339385986328e+00,-1.000000000000000000e+00,-7.177870750427246094e+00,-9.000000000000000000e+00
6.393750667572021484e+00,-1.000000000000000000e+00,-7.177870750427246094e+00,-9.000000000000000000e+00
6.397222995758056641e+00,-1.000000000000000000e+00,-7.177870750427246094e+00,-9.000000000000000000e+00
6.400695323944091797e+00,-1.000000000000000000e+00,-7.177870750427246094e+00,-9.000000000000000000e+00
6.404167175292968750e+00,-1.000000000000000000e+00,-7.177870750427246094e+00,-9.000000000000000000e+00
6.407639980316162109e+00,-1.000000000000000000e+00,-7.177870750427246094e+00,-9.000000000000000000e+00
6.411111831665039062e+00,-1.000000000000000000e+00,-7.177870750427246094e+00,-9.000000000000000000e+00
6.414583683013916016e+00,-1.000000000000000000e+00,-7.177870750427246094e+00,-9.000000000000000000e+00
6.418056488037109375e+00,-1.000000000000000000e+00,-7.177870750427246094e+00,-9.000000000000000000e+00
6.421528339385986328e+00,-1.000000000000000000e+00,-7.177870750427246094e+00,-9.000000000000000000e+00
6.425000667572021484e+00,-1.000000000000000000e+00,-7.177870750427246094e+00,-9.000000000000000000e+00
6.428472995758056641e+00,-1.000000000000000000e+00,-7.177870750427246094e+00,-9.000000000000000000e+00
6.431945323944091797e+00,-1.000000000000000000e+00,-7.177870750427246094e+00,-9.000000000000000000e+00
6.435417175292968750e+00,-1.000000000000000000e+00,-7.177870750427246094e+00,-9.000000000000000000e+00
6.438889980316162109e+00,-2.000000029802322388e-01,-1.435574173927307129e+00,-1.800000071525573730e+00
6.442361831665039062e+00,-0.000000000000000000e+00,-0.000000000000000000e+00,0.000000000000000000e+00
6.445833683013916016e+00,-0.000000000000000000e+00,-0.000000000000000000e+00,0.000000000000000000e+00
6.449306488037109375e+00,-0.000000000000000000e+00,-0.000000000000000000e+00,0.000000000000000000e+00
6.452778339385986328e+00,-0.000000000000000000e+00,-0.000000000000000000e+00,0.000000000000000000e+00
6.456250667572021484e+00,-0.000000000000000000e+00,-0.000000000000000000e+00,0.000000000000000000e+00
6.459722995758056641e+00,-0.000000000000000000e+00,-0.000000000000000000e+00,0.000000000000000000e+00
6.463195323944091797e+00,-0.000000000000000000e+00,-0.000000000000000000e+00,0.000000000000000000e+00
6.466667175292968750e+00,-0.000000000000000000e+00,-0.000000000000000000e+00,0.000000000000000000e+00
6.470139980316162109e+00,-0.000000000000000000e+00,-0.000000000000000000e+00,0.000000000000000000e+00
6.473611831665039062e+00,-0.000000000000000000e+00,-0.000000000000000000e+00,0.000000000000000000e+00
6.477083683013916016e+00,-0.000000000000000000e+00,-0.000000000000000000e+00,0.000000000000000000e+00
6.480556488037109375e+00,-0.000000000000000000e+00,-0.000000000000000000e+00,0.000000000000000000e+00
6.484028339385986328e+00,-0.000000000000000000e+00,-0.000000000000000000e+00,0.000000000000000000e+00
6.487500667572021484e+00,-0.000000000000000000e+00,-0.000000000000000000e+00,0.000000000000000000e+00
6.490972995758056641e+00,-0.000000000000000000e+00,-0.000000000000000000e+00,0.000000000000000000e+00
6.494445323944091797e+00,-0.000000000000000000e+00,-0.000000000000000000e+00,0.000000000000000000e+00
6.497917175292968750e+00,-0.000000000000000000e+00,-0.000000000000000000e+00,0.000000000000000000e+00
6.501389980316162109e+00,-0.000000000000000000e+00,-0.000000000000000000e+00,0.000000000000000000e+00
6.504861831665039062e+00,-1.000000000000000000e+00,-7.177870750427246094e+00,-9.000000000000000000e+00
6.508333683013916016e+00,-1.000000000000000000e+00,-7.177870750427246094e+00,-9.000000000000000000e+00
6.511806488037109375e+00,-1.000000000000000000e+00,-7.177870750427246094e+00,-9.000000000000000000e+00
6.515278339385986328e+00,-1.000000000000000000e+00,-7.177870750427246094e+00,-9.000000000000000000e+00
6.518750667572021484e+00,-1.000000000000000000e+00,-7.177870750427246094e+00,-9.000000000000000000e+00
6.522222995758056641e+00,-1.000000000000000000e+00,-7.177870750427246094e+00,-9.000000000000000000e+00
6.525695323944091797e+00,-1.000000000000000000e+00,-7.177870750427246094e+00,-9.000000000000000000e+00
6.529167175292968750e+00,-1.000000000000000000e+00,-7.177870750427246094e+00,-9.000000000000000000e+00
6.532639980316162109e+00,-1.000000000000000000e+00,-7.177870750427246094e+00,-9.000000000000000000e+00
6.536111831665039062e+00,-1.000000000000000000e+00,-7.177870750427246094e+00,-9.000000000000000000e+00
6.539583683013916016e+00,-1.000000000000000000e+00,-7.177870750427246094e+00,-9.000000000000000000e+00
6.543056488037109375e+00,-1.000000000000000000e+00,-7.177870750427246094e+00,-9.000000000000000000e+00
6.546528339385986328e+00,-1.000000000000000000e+00,-7.177870750427246094e+00,-9.000000000000000000e+00
6.550000667572021484e+00,-1.000000000000000000e+00,-7.177870750427246094e+00,-9.000000000000000000e+00
6.553472995758056641e+00,-1.000000000000000000e+00,-7.177870750427246094e+00,-9.000000000000000000e+00
6.556945323944091797e+00,-1.000000000000000000e+00,-7.177870750427246094e+00,-9.000000000000000000e+00
6.560417175292968750e+00,-1.000000000000000000e+00,-7.177870750427246094e+00,-9.000000000000000000e+00
6.563889980316162109e+00,-1.000000000000000000e+00,-7.177870750427246094e+00,-9.000000000000000000e+00
6.567361831665039062e+00,-1.000000000000000000e+00,-7.177870750427246094e+00,-9.000000000000000000e+00
6.570833683013916016e+00,-1.000000000000000000e+00,-7.177870750427246094e+00,-9.000000000000000000e+00
6.574306488037109375e+00,-1.000000000000000000e+00,-7.177870750427246094e+00,-9.000000000000000000e+00
6.577778339385986328e+00,-1.000000000000000000e+00,-7.177870750427246094e+00,-9.000000000000000000e+00
6.581250667572021484e+00,-1.000000000000000000e+00,-7.177870750427246094e+00,-9.000000000000000000e+00
6.584722995758056641e+00,-1.000000000000000000e+00,-7.177870750427246094e+00,-9.000000000000000000e+00
6.588195323944091797e+00,-1.000000000000000000e+00,-7.177870750427246094e+00,-9.000000000000000000e+00
6.591667175292968750e+00,-2.000000029802322388e-01,-1.435574173927307129e+00,-1.800000071525573730e+00
6.595139980316162109e+00,-0.000000000000000000e+00,-0.000000000000000000e+00,0.000000000000000000e+00
6.598611831665039062e+00,-0.000000000000000000e+00,-0.000000000000000000e+00,0.000000000000000000e+00
6.602083683013916016e+00,-0.000000000000000000e+00,-0.000000000000000000e+00,0.000000000000000000e+00
6.605556488037109375e+00,-0.000000000000000000e+00,-0.000000000000000000e+00,0.000000000000000000e+00
6.609028339385986328e+00,-0.000000000000000000e+00,-0.000000000000000000e+00,0.000000000000000000e+00
6.612500667572021484e+00,-0.000000000000000000e+00,-0.000000000000000000e+00,0.000000000000000000e+00
6.615972995758056641e+00,-0.000000000000000000e+00,-0.000000000000000000e+00,0.000000000000000000e+00
6.619445323944091797e+00,-0.000000000000000000e+00,-0.000000000000000000e+00,0.000000000000000000e+00
6.622917175292968750e+00,-0.000000000000000000e+00,-0.000000000000000000e+00,0.000000000000000000e+00
6.626389980316162109e+00,-0.000000000000000000e+00,-0.000000000000000000e+00,0.000000000000000000e+00
6.629861831665039062e+00,-0.000000000000000000e+00,-0.000000000000000000e+00,0.000000000000000000e+00
6.633333683013916016e+00,-0.000000000000000000e+00,-0.000000000000000000e+00,0.000000000000000000e+00
6.636806488037109375e+00,-0.000000000000000000e+00,-0.000000000000000000e+00,0.000000000000000000e+00
6.640278339385986328e+00,-0.000000000000000000e+00,-0.000000000000000000e+00,0.000000000000000000e+00
6.643750667572021484e+00,-0.000000000000000000e+00,-0.000000000000000000e+00,0.000000000000000000e+00
6.647222995758056641e+00,-0.000000000000000000e+00,-0.000000000000000000e+00,0.000000000000000000e+00
6.650695323944091797e+00,-0.000000000000000000e+00,-0.000000000000000000e+00,0.000000000000000000e+00
6.654167175292968750e+00,-0.000000000000000000e+00,-0.000000000000000000e+00,0.000000000000000000e+00
6.657639980316162109e+00,-0.000000000000000000e+00,-0.000000000000000000e+00,0.000000000000000000e+00
6.661111831665039062e+00,-0.000000000000000000e+00,-0.000000000000000000e+00,0.000000000000000000e+00
6.664583683013916016e+00,-6.000000238418579102e-01,-4.306722640991210938e+00,-5.400000095367431641e+00
6.668056488037109375e+00,-1.000000000000000000e+00,-7.177870750427246094e+00,-9.000000000000000000e+00
6.671528339385986328e+00,-1.000000000000000000e+00,-7.177870750427246094e+00,-9.000000000000000000e+00
6.675000667572021484e+00,-1.000000000000000000e+00,-7.177870750427246094e+00,-9.000000000000000000e+00
6.678472995758056641e+00,-1.000000000000000000e+00,-7.177870750427246094e+00,-9.000000000000000000e+00
6.681945323944091797e+00,-1.000000000000000000e+00,-7.177870750427246094e+00,-9.000000000000000000e+00
6.685417175292968750e+00,-1.000000000000000000e+00,-7.177870750427246094e+00,-9.000000000000000000e+00
6.688889980316162109e+00,-1.000000000000000000e+00,-7.177870750427246094e+00,-9.000000000000000000e+00
6.692361831665039062e+00,-1.000000000000000000e+00,-7.177870750427246094e+00,-9.000000000000000000e+00
6.695833683013916016e+00,-1.000000000000000000e+00,-7.177870750427246094e+00,-9.000000000000000000e+00
6.699306488037109375e+00,-1.000000000000000000e+00,-7.177870750427246094e+00,-9.000000000000000000e+00
6.702778339385986328e+00,-1.000000000000000000e+00,-7.177870750427246094e+00,-9.000000000000000000e+00
6.706250667572021484e+00,-1.000000000000000000e+00,-7.177870750427246094e+00,-9.000000000000000000e+00
6.709722995758056641e+00,-1.000000000000000000e+00,-7.177870750427246094e+00,-9.000000000000000000e+00
6.713195323944091797e+00,-1.000000000000000000e+00,-7.177870750427246094e+00,-9.000000000000000000e+00
6.716667175292968750e+00,-1.000000000000000000e+00,-7.177870750427246094e+00,-9.000000000000000000e+00
6.720139980316162109e+00,-1.000000000000000000e+00,-7.177870750427246094e+00,-9.000000000000000000e+00
6.723611831665039062e+00,-1.000000000000000000e+00,-7.177870750427246094e+00,-9.000000000000000000e+00
6.727083683013916016e+00,-1.000000000000000000e+00,-7.177870750427246094e+00,-9.000000000000000000e+00
6.730556488037109375e+00,-1.000000000000000000e+00,-7.177870750427246094e+00,-9.000000000000000000e+00
6.734028339385986328e+00,-1.000000000000000000e+00,-7.177870750427246094e+00,-9.000000000000000000e+00
6.737500667572021484e+00,-1.000000000000000000e+00,-7.177870750427246094e+00,-9.000000000000000000e+00
6.740972995758056641e+00,-1.000000000000000000e+00,-7.177870750427246094e+00,-9.000000000000000000e+00
6.744445323944091797e+00,-1.000000000000000000e+00,-7.177870750427246094e+00,-9.000000000000000000e+00
6.747917175292968750e+00,-1.000000000000000000e+00,-7.177870750427246094e+00,-9.000000000000000000e+00
6.751389980316162109e+00,-1.000000000000000000e+00,-7.177870750427246094e+00,-9.000000000000000000e+00
6.754861831665039062e+00,-1.000000000000000000e+00,-7.177870750427246094e+00,-9.000000000000000000e+00
6.758333683013916016e+00,-4.000000059604644775e-01,-2.871148347854614258e+00,-3.600000143051147461e+00
6.761806488037109375e+00,-0.000000000000000000e+00,-0.000000000000000000e+00,0.000000000000000000e+00
6.765278339385986328e+00,-0.000000000000000000e+00,-0.000000000000000000e+00,0.000000000000000000e+00
6.768750667572021484e+00,-0.000000000000000000e+00,-0.000000000000000000e+00,0.000000000000000000e+00
6.772222995758056641e+00,-0.000000000000000000e+00,-0.000000000000000000e+00,0.000000000000000000e+00
6.775695323944091797e+00,-0.000000000000000000e+00,-0.000000000000000000e+00,0.000000000000000000e+00
6.779167175292968750e+00,-0.000000000000000000e+00,-0.000000000000000000e+00,0.000000000000000000e+00
6.782639980316162109e+00,-0.000000000000000000e+00,-0.000000000000000000e+00,0.000000000000000000e+00
6.786111831665039062e+00,-0.000000000000000000e+00,-0.000000000000000000e+00,0.000000000000000000e+00
6.789583683013916016e+00,-0.000000000000000000e+00,-0.000000000000000000e+00,0.000000000000000000e+00
6.793056488037109375e+00,-0.000000000000000000e+00,-0.000000000000000000e+00,0.000000000000000000e+00
6.796528339385986328e+00,-0.000000000000000000e+00,-0.000000000000000000e+00,0.000000000000000000e+00
6.800000667572021484e+00,-0.000000000000000000e+00,-0.000000000000000000e+00,0.000000000000000000e+00
6.803472995758056641e+00,-0.000000000000000000e+00,-0.000000000000000000e+00,0.000000000000000000e+00
6.806945323944091797e+00,-0.000000000000000000e+00,-0.000000000000000000e+00,0.000000000000000000e+00
6.810417175292968750e+00,-0.000000000000000000e+00,-0.000000000000000000e+00,0.000000000000000000e+00
6.813889980316162109e+00,-0.000000000000000000e+00,-0.000000000000000000e+00,0.000000000000000000e+00
6.817361831665039062e+00,-0.000000000000000000e+00,-0.000000000000000000e+00,0.000000000000000000e+00
6.820833683013916016e+00,-0.000000000000000000e+00,-0.000000000000000000e+00,0.000000000000000000e+00
6.824306488037109375e+00,-0.000000000000000000e+00,-0.000000000000000000e+00,0.000000000000000000e+00
6.827778339385986328e+00,-0.000000000000000000e+00,-0.000000000000000000e+00,0.000000000000000000e+00
6.831250667572021484e+00,-0.000000000000000000e+00,-0.000000000000000000e+00,0.000000000000000000e+00
6.834722995758056641e+00,-0.000000000000000000e+00,-0.000000000000000000e+00,0.000000000000000000e+00
6.838195323944091797e+00,-0.000000000000000000e+00,-0.000000000000000000e+00,0.000000000000000000e+00
6.841667175292968750e+00,-0.000000000000000000e+00,-0.000000000000000000e+00,0.000000000000000000e+00
6.845139980316162109e+00,-0.000000000000000000e+00,-0.000000000000000000e+00,0.000000000000000000e+00
6.848611831665039062e+00,-0.000000000000000000e+00,-0.000000000000000000e+00,0.000000000000000000e+00
6.852083683013916016e+00,-0.000000000000000000e+00,-0.000000000000000000e+00,0.000000000000000000e+00
6.855556488037109375e+00,-0.000000000000000000e+00,-0.000000000000000000e+00,0.000000000000000000e+00
6.859028339385986328e+00,-0.000000000000000000e+00,-0.000000000000000000e+00,0.000000000000000000e+00
6.862500667572021484e+00,-1.000000000000000000e+00,-7.177870750427246094e+00,-9.000000000000000000e+00
6.865972995758056641e+00,-1.000000000000000000e+00,-7.177870750427246094e+00,-9.000000000000000000e+00
6.869445323944091797e+00,-1.000000000000000000e+00,-7.177870750427246094e+00,-9.000000000000000000e+00
6.872917175292968750e+00,-1.000000000000000000e+00,-7.177870750427246094e+00,-9.000000000000000000e+00
6.876389980316162109e+00,-1.000000000000000000e+00,-7.177870750427246094e+00,-9.000000000000000000e+00
6.879861831665039062e+00,-1.000000000000000000e+00,-7.177870750427246094e+00,-9.000000000000000000e+00
6.883333683013916016e+00,-1.000000000000000000e+00,-7.177870750427246094e+00,-9.000000000000000000e+00
6.886806488037109375e+00,-1.000000000000000000e+00,-7.177870750427246094e+00,-9.000000000000000000e+00
6.890278339385986328e+00,-1.000000000000000000e+00,-7.177870750427246094e+00,-9.000000000000000000e+00
6.893750667572021484e+00,-1.000000000000000000e+00,-7.177870750427246094e+00,-9.000000000000000000e+00
6.897222995758056641e+00,-1.000000000000000000e+00,-7.177870750427246094e+00,-9.000000000000000000e+00
6.900695323944091797e+00,-1.000000000000000000e+00,-7.177870750427246094e+00,-9.000000000000000000e+00
6.904167175292968750e+00,-1.000000000000000000e+00,-7.177870750427246094e+00,-9.000000000000000000e+00
6.907639980316162109e+00,-1.000000000000000000e+00,-7.177870750427246094e+00,-9.000000000000000000e+00
6.911111831665039062e+00,-1.000000000000000000e+00,-7.177870750427246094e+00,-9.000000000000000000e+00
6.914583683013916016e+00,-1.000000000000000000e+00,-7.177870750427246094e+00,-9.000000000000000000e+00
6.918056488037109375e+00,-1.000000000000000000e+00,-7.177870750427246094e+00,-9.000000000000000000e+00
6.921528339385986328e+00,-0.000000000000000000e+00,-0.000000000000000000e+00,0.000000000000000000e+00
6.925000667572021484e+00,-0.000000000000000000e+00,-0.000000000000000000e+00,0.000000000000000000e+00
6.928472995758056641e+00,-0.000000000000000000e+00,-0.000000000000000000e+00,0.000000000000000000e+00
6.931945323944091797e+00,-0.000000000000000000e+00,-0.000000000000000000e+00,0.000000000000000000e+00
6.935417175292968750e+00,-0.000000000000000000e+00,-0.000000000000000000e+00,0.000000000000000000e+00
6.938889980316162109e+00,-0.000000000000000000e+00,-0.000000000000000000e+00,0.000000000000000000e+00
6.942361831665039062e+00,-0.000000000000000000e+00,-0.000000000000000000e+00,0.000000000000000000e+00
6.945833683013916016e+00,-0.000000000000000000e+00,-0.000000000000000000e+00,0.000000000000000000e+00
6.949306488037109375e+00,-0.000000000000000000e+00,-0.000000000000000000e+00,0.000000000000000000e+00
6.952778339385986328e+00,-0.000000000000000000e+00,-0.000000000000000000e+00,0.000000000000000000e+00
6.956250667572021484e+00,-0.000000000000000000e+00,-0.000000000000000000e+00,0.000000000000000000e+00
6.959722995758056641e+00,-0.000000000000000000e+00,-0.000000000000000000e+00,0.000000000000000000e+00
6.963195323944091797e+00,-0.000000000000000000e+00,-0.000000000000000000e+00,0.000000000000000000e+00
6.966667175292968750e+00,-0.000000000000000000e+00,-0.000000000000000000e+00,0.000000000000000000e+00
6.970139980316162109e+00,-0.000000000000000000e+00,-0.000000000000000000e+00,0.000000000000000000e+00
6.973611831665039062e+00,-0.000000000000000000e+00,-0.000000000000000000e+00,0.000000000000000000e+00
6.977083683013916016e+00,-0.000000000000000000e+00,-0.000000000000000000e+00,0.000000000000000000e+00
6.980556488037109375e+00,-0.000000000000000000e+00,-0.000000000000000000e+00,0.000000000000000000e+00
6.984028339385986328e+00,-0.000000000000000000e+00,-0.000000000000000000e+00,0.000000000000000000e+00
6.987500667572021484e+00,-0.000000000000000000e+00,-0.000000000000000000e+00,0.000000000000000000e+00
6.990972995758056641e+00,-0.000000000000000000e+00,-0.000000000000000000e+00,0.000000000000000000e+00
6.994445323944091797e+00,-0.000000000000000000e+00,-0.000000000000000000e+00,0.000000000000000000e+00
6.997917175292968750e+00,-0.000000000000000000e+00,-0.000000000000000000e+00,0.000000000000000000e+00
