timestamp,t_hours,t_out_c,ghi_w_m2,rh_out_frac,wind_m_s,t_in_c,rh_in_frac,heat_setpoint_c,hvac_kw,hvac_on_frac,heating_on_frac,cooling_on_frac,hvac_runtime_s,q_int_kw_hidden,split
2024-07-15 00:02:00.000019669,0.03333334,28.135492,0.0,0.25,3.0666795,25.588177,0.4,26.5,0.0,-0.0,-0.0,0.0,0.0,0.5659346,train
2024-07-15 00:07:00.000028610,0.116666675,27.59232,0.0,0.25,3.1639225,25.467258,0.4,26.5,0.0,-0.0,-0.0,0.0,0.0,0.52780026,train
2024-07-15 00:12:00.000118018,0.20000003,27.527538,0.0,0.25,3.2777956,25.53993,0.4,26.5,0.0,-0.0,-0.0,0.0,0.0,0.54307806,train
2024-07-15 00:17:00.000100136,0.28333336,27.793322,0.0,0.25,3.1719491,25.563124,0.4,26.5,0.0,-0.0,-0.0,0.0,0.0,0.5657504,train
2024-07-15 00:22:00.000135897,0.3666667,27.684765,0.0,0.25,2.9519346,25.55143,0.4,26.5,0.0,-0.0,-0.0,0.0,0.0,0.58923495,train
2024-07-15 00:27:00.000064371,0.45000002,27.86784,0.0,0.25,3.0033002,25.465557,0.4,26.5,0.0,-0.0,-0.0,0.0,0.0,0.62451833,train
2024-07-15 00:31:59.999885558,0.5333333,27.65281,0.0,0.25,2.8918555,25.467274,0.4,26.5,0.0,-0.0,-0.0,0.0,0.0,0.63514394,train
2024-07-15 00:37:00.000243188,0.61666673,27.754904,0.0,0.25,2.6765766,25.617277,0.4,26.5,0.0,-0.0,-0.0,0.0,0.0,0.6036126,train
2024-07-15 00:42:00.000171662,0.70000005,27.46331,0.0,0.25,2.6097686,25.586975,0.4,26.5,0.0,-0.0,-0.0,0.0,0.0,0.5862401,train
2024-07-15 00:47:00.000314710,0.7833334,27.622162,0.0,0.25,2.6161911,25.700747,0.4,26.5,0.0,-0.0,-0.0,0.0,0.0,0.5370254,train
2024-07-15 00:52:00.000243188,0.86666673,27.429974,0.0,0.25,2.4083602,25.586626,0.4,26.5,0.0,-0.0,-0.0,0.0,0.0,0.46642026,train
2024-07-15 00:57:00.000386236,0.9500001,27.370771,0.0,0.25,2.45029,25.611134,0.4,26.5,0.0,-0.0,-0.0,0.0,0.0,0.4408698,train
2024-07-15 01:02:00.000314710,1.0333334,27.043339,0.0,0.25,2.460825,25.666454,0.4,26.5,0.0,-0.0,-0.0,0.0,0.0,0.44164062,train
2024-07-15 01:07:00.000028610,1.1166667,26.93074,0.0,0.25,2.6525776,25.630692,0.4,26.5,0.0,-0.0,-0.0,0.0,0.0,0.41283828,train
2024-07-15 01:12:00.000171662,1.2,26.481783,0.0,0.25,2.431642,25.75561,0.4,26.5,0.0,-0.0,-0.0,0.0,0.0,0.40744004,train
2024-07-15 01:17:00.000314710,1.2833334,26.399492,0.0,0.25,2.4403684,25.615961,0.4,26.5,0.0,-0.0,-0.0,0.0,0.0,0.39864147,train
2024-07-15 01:22:00.000028610,1.3666667,26.278181,0.0,0.25,2.4848213,25.623299,0.4,26.5,0.0,-0.0,-0.0,0.0,0.0,0.3906649,train
2024-07-15 01:27:00.000600814,1.4500002,26.507835,0.0,0.25,2.4108288,25.813627,0.4,26.5,0.0,-0.0,-0.0,0.0,0.0,0.4109964,train
2024-07-15 01:32:00.000314710,1.5333334,26.147272,0.0,0.25,2.8257253,25.715702,0.4,26.5,0.0,-0.0,-0.0,0.0,0.0,0.43083724,train
2024-07-15 01:37:00.000457762,1.6166668,25.728737,0.0,0.25,3.015023,25.767698,0.4,26.5,0.0,-0.0,-0.0,0.0,0.0,0.40285602,train
2024-07-15 01:42:00.000171662,1.7,25.491962,0.0,0.25,3.1274645,25.70849,0.4,26.5,0.0,-0.0,-0.0,0.0,0.0,0.367741,train
2024-07-15 01:47:00.000314710,1.7833334,25.76682,0.0,0.25,3.1630304,25.84991,0.4,26.5,0.0,-0.0,-0.0,0.0,0.0,0.29378358,train
2024-07-15 01:52:00.000457762,1.8666668,25.962698,0.0,0.25,3.2424934,25.778372,0.4,26.5,0.0,-0.0,-0.0,0.0,0.0,0.28786024,train
2024-07-15 01:57:00.000171662,1.95,25.701878,0.0,0.25,3.3113937,25.823484,0.4,26.5,0.0,-0.0,-0.0,0.0,0.0,0.35618624,train
2024-07-15 02:02:00.000743866,2.0333335,25.831285,0.0,0.25,3.178018,25.708485,0.4,26.5,0.0,-0.0,-0.0,0.0,0.0,0.3671728,train
2024-07-15 02:07:00.000457762,2.1166668,25.76802,0.0,0.25,3.4206884,25.735744,0.4,26.5,0.0,-0.0,-0.0,0.0,0.0,0.35119024,train
2024-07-15 02:12:00.000171662,2.2,25.813284,0.0,0.25,3.421782,25.737251,0.4,26.5,0.0,-0.0,-0.0,0.0,0.0,0.39430416,train
2024-07-15 02:17:00.000743866,2.2833335,25.638884,0.0,0.25,3.3156807,25.723925,0.4,26.5,0.0,-0.0,-0.0,0.0,0.0,0.3790798,train
2024-07-15 02:22:00.000457762,2.3666668,25.678782,0.0,0.25,3.2404373,25.693867,0.4,26.5,0.0,-0.0,-0.0,0.0,0.0,0.35128143,train
2024-07-15 02:27:00.000171662,2.45,25.602179,0.0,0.25,3.271114,25.845657,0.4,26.5,0.0,-0.0,-0.0,0.0,0.0,0.32549152,train
2024-07-15 02:32:00.000743866,2.5333335,25.51295,0.0,0.25,3.4771798,25.618984,0.4,26.5,0.0,-0.0,-0.0,0.0,0.0,0.37528592,train
2024-07-15 02:37:00.000457762,2.6166668,25.313248,0.0,0.25,3.5098782,25.719131,0.4,26.5,0.0,-0.0,-0.0,0.0,0.0,0.45371127,train
2024-07-15 02:42:00.000171662,2.7,25.218946,0.0,0.25,3.2585275,25.635834,0.4,26.5,0.0,-0.0,-0.0,0.0,0.0,0.40996423,train
2024-07-15 02:47:00.000743866,2.7833335,25.173567,0.0,0.25,3.161926,25.712196,0.4,26.5,0.0,-0.0,-0.0,0.0,0.0,0.3425146,train
2024-07-15 02:52:00.000457762,2.8666668,25.280363,0.0,0.25,3.2010667,25.656702,0.4,26.5,0.0,-0.0,-0.0,0.0,0.0,0.33001253,train
2024-07-15 02:57:00.001029967,2.9500003,25.117783,0.0,0.25,3.2439694,25.642326,0.4,26.5,0.0,-0.0,-0.0,0.0,0.0,0.30413476,train
2024-07-15 03:02:00.000743866,3.0333335,25.147205,0.0,0.25,3.2981827,25.619654,0.4,26.5,0.0,-0.0,-0.0,0.0,0.0,0.30061433,train
2024-07-15 03:07:00.000457762,3.1166668,24.958876,0.0,0.25,3.3619792,25.76719,0.4,26.5,0.0,-0.0,-0.0,0.0,0.0,0.30344415,train
2024-07-15 03:12:00.001888275,3.2000005,25.194817,0.0,0.25,3.386036,25.734787,0.4,26.5,0.0,-0.0,-0.0,0.0,0.0,0.31540602,train
2024-07-15 03:17:00.000743866,3.2833335,25.896864,0.0,0.25,3.2287157,25.543045,0.4,26.5,0.0,-0.0,-0.0,0.0,0.0,0.27740708,train
2024-07-15 03:22:00.000457762,3.3666668,25.974413,0.0,0.25,3.0089118,25.63353,0.4,26.5,0.0,-0.0,-0.0,0.0,0.0,0.30999836,train
2024-07-15 03:27:00.001888275,3.4500005,26.167805,0.0,0.25,3.030091,25.732529,0.4,26.5,0.0,-0.0,-0.0,0.0,0.0,0.36234328,train
2024-07-15 03:32:00.000743866,3.5333335,25.553293,0.0,0.25,2.9359958,25.523617,0.4,26.5,0.0,-0.0,-0.0,0.0,0.0,0.41780806,train
2024-07-15 03:37:00.000457762,3.6166668,25.76946,0.0,0.25,3.0724638,25.666012,0.4,26.5,0.0,-0.0,-0.0,0.0,0.0,0.4093004,train
2024-07-15 03:42:00.001888275,3.7000005,25.866863,0.0,0.25,3.084617,25.693783,0.4,26.5,0.0,-0.0,-0.0,0.0,0.0,0.41664028,train
2024-07-15 03:47:00.000743866,3.7833335,25.920486,0.0,0.25,3.1949022,25.715097,0.4,26.5,0.0,-0.0,-0.0,0.0,0.0,0.41312295,train
2024-07-15 03:52:00.000457762,3.8666668,25.631628,0.0,0.25,3.128444,25.589901,0.4,26.5,0.0,-0.0,-0.0,0.0,0.0,0.4154167,train
2024-07-15 03:57:00.001888275,3.9500005,25.818626,0.0,0.25,2.9527571,25.583998,0.4,26.5,0.0,-0.0,-0.0,0.0,0.0,0.43250942,train
2024-07-15 04:02:00.001602171,4.033334,25.649395,0.0,0.25,3.1689403,25.632433,0.4,26.5,0.0,-0.0,-0.0,0.0,0.0,0.51606447,train
2024-07-15 04:07:00.000457762,4.116667,25.769547,0.0,0.25,3.0645611,25.511162,0.4,26.5,0.0,-0.0,-0.0,0.0,0.0,0.5055703,train
2024-07-15 04:12:00.001029967,4.2000003,25.639465,0.0,0.25,3.249067,25.55531,0.4,26.5,0.0,-0.0,-0.0,0.0,0.0,0.50771254,train
2024-07-15 04:17:00.001602171,4.283334,25.282198,0.0,0.25,3.4749508,25.73059,0.4,26.5,0.0,-0.0,-0.0,0.0,0.0,0.4689415,train
2024-07-15 04:22:00.000457762,4.366667,24.784311,0.0,0.25,3.7038648,25.633509,0.4,26.5,0.0,-0.0,-0.0,0.0,0.0,0.47308084,train
2024-07-15 04:27:00.001029967,4.4500003,24.94604,0.0,0.25,3.8171842,25.660273,0.4,26.5,0.0,-0.0,-0.0,0.0,0.0,0.4140328,train
2024-07-15 04:32:00.001602171,4.533334,24.769758,0.0,0.25,4.099459,25.673876,0.4,26.5,0.0,-0.0,-0.0,0.0,0.0,0.37952992,train
2024-07-15 04:37:00.000457762,4.616667,24.359663,0.6177201,0.25,4.3072314,25.664448,0.4,26.5,0.0,-0.0,-0.0,0.0,0.0,0.37954995,train
2024-07-15 04:42:00.001029967,4.7000003,24.593391,7.272844,0.25,4.553703,25.602652,0.4,26.5,0.0,-0.0,-0.0,0.0,0.0,0.39362368,train
2024-07-15 04:47:00.003318788,4.7833343,24.470087,15.551978,0.25,4.590173,25.680836,0.4,26.5,0.0,-0.0,-0.0,0.0,0.0,0.4215702,train
2024-07-15 04:52:00.000457762,4.866667,24.502937,23.053625,0.25,4.5200915,25.532715,0.4,26.5,0.0,-0.0,-0.0,0.0,0.0,0.46017915,train
2024-07-15 04:57:00.001029967,4.9500003,24.8199,31.421402,0.25,4.449586,25.569483,0.4,26.5,0.0,-0.0,-0.0,0.0,0.0,0.4316348,train
2024-07-15 05:02:00.003318788,5.0333343,25.245869,38.922314,0.25,4.4548693,25.600008,0.4,26.5,0.0,-0.0,-0.0,0.0,0.0,0.415184,train
2024-07-15 05:07:00.000457762,5.116667,24.848803,45.94738,0.25,4.300444,25.717215,0.4,26.5,0.0,-0.0,-0.0,0.0,0.0,0.38578734,train
2024-07-15 05:12:00.001029967,5.2000003,24.797543,53.571583,0.25,4.1188903,25.794802,0.4,26.5,0.0,-0.0,-0.0,0.0,0.0,0.36355808,train
2024-07-15 05:17:00.003318788,5.2833343,24.765736,63.11393,0.25,3.987395,25.671844,0.4,26.5,0.0,-0.0,-0.0,0.0,0.0,0.3996075,train
2024-07-15 05:22:00.000457762,5.366667,24.504805,71.808914,0.25,3.6867898,25.65552,0.4,26.5,0.0,-0.0,-0.0,0.0,0.0,0.36192665,train
2024-07-15 05:27:00.001029967,5.4500003,24.472347,81.890526,0.25,3.7568681,25.858957,0.4,26.5,0.0,-0.0,-0.0,0.0,0.0,0.35272518,train
2024-07-15 05:32:00.003318788,5.5333343,24.496614,92.44918,0.25,3.5649972,25.580814,0.4,26.5,0.0,-0.0,-0.0,0.0,0.0,0.38053817,train
2024-07-15 05:37:00.000457762,5.616667,24.467754,102.44026,0.25,3.5548933,25.693819,0.4,26.5,0.0,-0.0,-0.0,0.0,0.0,0.4366785,train
2024-07-15 05:42:00.001029967,5.7000003,24.345947,116.23821,0.25,3.5306,25.842434,0.4,26.5,0.0,-0.0,-0.0,0.0,0.0,0.41757002,train
2024-07-15 05:47:00.003318788,5.7833343,24.365395,123.85998,0.25,3.4131553,25.673416,0.4,26.5,0.0,-0.0,-0.0,0.0,0.0,0.445436,train
2024-07-15 05:52:00.000457762,5.866667,24.41006,129.94081,0.25,3.240975,25.622574,0.4,26.5,0.0,-0.0,-0.0,0.0,0.0,0.46424156,train
2024-07-15 05:57:00.001029967,5.9500003,24.18211,142.76726,0.25,3.3851202,25.620039,0.4,26.5,0.0,-0.0,-0.0,0.0,0.0,0.48061043,train
2024-07-15 06:02:00.003318788,6.0333343,24.141808,154.93,0.25,3.7471523,25.846537,0.4,26.5,0.0,-0.0,-0.0,0.0,0.0,0.48299024,train
2024-07-15 06:07:00.000457762,6.116667,23.802631,167.34253,0.25,3.7733917,25.76127,0.4,26.5,0.0,-0.0,-0.0,0.0,0.0,0.44479942,train
2024-07-15 06:12:00.001029967,6.2000003,23.556593,174.33711,0.25,3.8058953,25.789831,0.4,26.5,0.0,-0.0,-0.0,0.0,0.0,0.48331997,train
2024-07-15 06:17:00.003318788,6.2833343,23.518064,176.20486,0.25,3.9465497,25.813557,0.4,26.5,0.0,-0.0,-0.0,0.0,0.0,0.4831392,train
2024-07-15 06:22:00.002174376,6.3666673,23.53077,186.3339,0.25,3.7493138,25.630919,0.4,26.5,0.0,-0.0,-0.0,0.0,0.0,0.5122277,train
2024-07-15 06:27:00.001029967,6.4500003,23.541044,191.9232,0.25,3.7227414,25.75664,0.4,26.5,0.0,-0.0,-0.0,0.0,0.0,0.52033025,train
2024-07-15 06:32:00.001602171,6.533334,23.467283,196.10388,0.25,3.7136288,25.736181,0.4,26.5,0.0,-0.0,-0.0,0.0,0.0,0.5666074,train
2024-07-15 06:37:00.002174376,6.6166673,23.492176,199.5478,0.25,3.6991842,25.635845,0.4,26.5,0.0,-0.0,-0.0,0.0,0.0,0.5844501,train
2024-07-15 06:42:00.001029967,6.7000003,23.52308,207.18558,0.25,3.8253677,25.742735,0.4,26.5,0.0,-0.0,-0.0,0.0,0.0,0.6256626,train
2024-07-15 06:47:00.001602171,6.783334,23.553291,210.07002,0.25,3.9798267,25.799923,0.4,26.5,0.0,-0.0,-0.0,0.0,0.0,0.62765646,train
2024-07-15 06:52:00.002174376,6.8666673,23.413097,210.49516,0.25,3.8080986,25.894583,0.4,26.5,0.0,-0.0,-0.0,0.0,0.0,0.6127049,train
2024-07-15 06:57:00.001029967,6.9500003,23.546112,224.6547,0.25,3.6982148,25.897327,0.4,26.5,0.0,-0.0,-0.0,0.0,0.0,0.67980826,train
2024-07-15 07:02:00.001602171,7.033334,23.600218,236.53275,0.25,3.6754613,25.669378,0.4,24.0,-9.0,-1.0,0.0,1.0,300.0,0.73705345,train
2024-07-15 07:07:00.002174376,7.1166673,23.895004,246.1267,0.25,3.5771108,25.725397,0.4,24.0,-9.0,-1.0,0.0,1.0,300.0,0.7311869,train
2024-07-15 07:12:00.001029967,7.2000003,23.644224,236.98763,0.25,3.2115276,25.780231,0.4,24.0,-9.0,-1.0,0.0,1.0,300.0,0.76241684,train
2024-07-15 07:17:00.001602171,7.283334,24.126667,241.49565,0.25,3.202153,25.58299,0.4,24.0,-9.0,-1.0,0.0,1.0,300.0,0.79775035,train
2024-07-15 07:22:00.002174376,7.3666673,24.43705,249.34546,0.25,3.0300703,25.737267,0.4,24.0,-9.0,-1.0,0.0,1.0,300.0,0.823214,train
2024-07-15 07:27:00.001029967,7.4500003,24.449425,248.36064,0.25,3.0850499,25.58234,0.4,24.0,-9.0,-1.0,0.0,1.0,300.0,0.8629946,train
2024-07-15 07:32:00.001602171,7.533334,24.259293,266.7789,0.25,3.190424,25.51249,0.4,24.0,-9.0,-1.0,0.0,1.0,300.0,0.82630616,train
2024-07-15 07:37:00.002174376,7.6166673,24.620361,275.6621,0.25,3.2569833,25.45585,0.4,24.0,-9.0,-1.0,0.0,1.0,300.0,0.8082196,train
2024-07-15 07:42:00.001029967,7.7000003,24.65692,273.7959,0.25,3.106613,25.307768,0.4,24.0,-9.0,-1.0,0.0,1.0,300.0,0.80726606,train
2024-07-15 07:47:00.001602171,7.783334,24.784986,285.89325,0.25,3.19717,25.290197,0.4,24.0,-9.0,-1.0,0.0,1.0,300.0,0.7915427,train
2024-07-15 07:52:00.002174376,7.8666673,24.523024,290.02252,0.25,3.571041,25.143505,0.4,24.0,-9.0,-1.0,0.0,1.0,300.0,0.75179946,train
2024-07-15 07:57:00.001029967,7.9500003,24.285263,273.66513,0.25,3.7098873,25.168116,0.4,24.0,-9.0,-1.0,0.0,1.0,300.0,0.8094501,train
2024-07-15 08:01:59.998168945,8.033333,24.537645,276.83765,0.25,3.3129494,25.092852,0.4,24.0,-9.0,-1.0,0.0,1.0,300.0,0.838204,train
2024-07-15 08:07:00.003890992,8.116668,24.57649,286.08112,0.25,3.0949528,25.103827,0.4,24.0,-9.0,-1.0,0.0,1.0,300.0,0.8523306,train
2024-07-15 08:12:00.002746580,8.200001,24.693502,303.89847,0.25,2.8922102,25.00819,0.4,24.0,-9.0,-1.0,0.0,1.0,300.0,0.85383683,train
2024-07-15 08:16:59.998168945,8.283333,25.176674,299.38998,0.25,2.8334644,25.075272,0.4,24.0,-9.0,-1.0,0.0,1.0,300.0,0.8796914,train
2024-07-15 08:22:00.003890992,8.366668,25.306793,296.09497,0.25,3.0561843,24.7762,0.4,24.0,-9.0,-1.0,0.0,1.0,300.0,0.8638709,train
2024-07-15 08:27:00.002746580,8.450001,25.315403,286.97882,0.25,3.1218104,24.967289,0.4,24.0,-9.0,-1.0,0.0,1.0,300.0,0.8373424,train
2024-07-15 08:31:59.998168945,8.533333,25.442669,291.9036,0.25,3.0618522,24.778053,0.4,24.0,-9.0,-1.0,0.0,1.0,300.0,0.7958254,train
2024-07-15 08:37:00.003890992,8.616668,25.143744,300.92993,0.25,2.9849772,24.783178,0.4,24.0,-9.0,-1.0,0.0,1.0,300.0,0.7611694,train
2024-07-15 08:42:00.002746580,8.700001,25.21539,299.78943,0.25,2.8401496,24.723103,0.4,24.0,-9.0,-1.0,0.0,1.0,300.0,0.7008634,train
2024-07-15 08:46:59.998168945,8.783333,25.023787,328.299,0.25,2.7396348,24.628405,0.4,24.0,-9.0,-1.0,0.0,1.0,300.0,0.6977202,train
2024-07-15 08:52:00.003890992,8.866668,24.638844,324.0544,0.25,2.8258636,24.690609,0.4,24.0,-9.0,-1.0,0.0,1.0,300.0,0.67765373,train
2024-07-15 08:57:00.002746580,8.950001,24.12959,322.88437,0.25,2.7005703,24.523767,0.4,24.0,-9.0,-1.0,0.0,1.0,300.0,0.61055064,train
2024-07-15 09:01:59.998168945,9.033333,23.722994,338.35196,0.25,2.787871,24.67944,0.4,24.0,-9.0,-1.0,0.0,1.0,300.0,0.5355564,train
2024-07-15 09:07:00.003890992,9.116668,23.513908,345.6953,0.25,2.8598688,24.536009,0.4,24.0,-9.0,-1.0,0.0,1.0,300.0,0.44765717,train
2024-07-15 09:12:00.002746580,9.200001,23.646862,345.4715,0.25,2.8344884,24.335241,0.4,24.0,-9.0,-1.0,0.0,1.0,300.0,0.41269714,train
2024-07-15 09:17:00.005035401,9.283335,23.965273,360.77646,0.25,2.7029579,24.360418,0.4,24.0,-9.0,-1.0,0.0,1.0,300.0,0.42717552,train
2024-07-15 09:22:00.003890992,9.366668,24.363783,369.04013,0.25,2.56939,24.276945,0.4,24.0,-9.0,-1.0,0.0,1.0,300.0,0.4044931,train
2024-07-15 09:27:00.002746580,9.450001,24.423462,368.54108,0.25,2.7275817,24.33876,0.4,24.0,-9.0,-1.0,0.0,1.0,300.0,0.36666805,train
2024-07-15 09:32:00.005035401,9.533335,24.452671,374.92282,0.25,2.7345428,24.221275,0.4,24.0,-9.0,-1.0,0.0,1.0,300.0,0.37127647,train
2024-07-15 09:37:00.003890992,9.616668,24.537533,379.25308,0.25,2.6212575,24.355877,0.4,24.0,-9.0,-1.0,0.0,1.0,300.0,0.39857695,train
2024-07-15 09:42:00.002746580,9.700001,24.792439,383.79782,0.25,2.1315486,24.075306,0.4,24.0,-9.0,-1.0,0.0,1.0,300.0,0.43590933,train
2024-07-15 09:47:00.005035401,9.783335,24.918112,414.98486,0.25,2.0554445,24.080778,0.4,24.0,-9.0,-1.0,0.0,1.0,300.0,0.4839892,train
2024-07-15 09:52:00.003890992,9.866668,25.350294,423.0233,0.25,1.7572712,24.151846,0.4,24.0,-9.0,-1.0,0.0,1.0,300.0,0.480746,train
2024-07-15 09:57:00.002746580,9.950001,25.46273,434.93512,0.25,1.9592062,24.032555,0.4,24.0,-9.0,-1.0,0.0,1.0,300.0,0.45085213,train
2024-07-15 10:02:00.005035401,10.033335,25.911577,419.6674,0.25,2.0360792,24.009876,0.4,24.0,-9.0,-1.0,0.0,1.0,300.0,0.48680368,train
2024-07-15 10:07:00.003890992,10.116668,26.363111,421.89047,0.25,2.076727,23.86562,0.4,24.0,-9.0,-1.0,0.0,1.0,300.0,0.51489466,train
2024-07-15 10:12:00.002746580,10.200001,26.509605,434.89096,0.25,2.2866948,23.770245,0.4,24.0,-9.0,-1.0,0.0,1.0,300.0,0.5361463,train
2024-07-15 10:17:00.005035401,10.283335,26.024618,470.35214,0.25,2.067424,23.762405,0.4,24.0,-9.0,-1.0,0.0,1.0,300.0,0.53787035,train
2024-07-15 10:22:00.003890992,10.366668,26.029427,491.50397,0.25,1.9170828,23.740538,0.4,24.0,-9.0,-1.0,0.0,1.0,300.0,0.542611,train
2024-07-15 10:27:00.002746580,10.450001,25.652245,472.5438,0.25,1.7202479,23.757132,0.4,24.0,-9.0,-1.0,0.0,1.0,300.0,0.486585,train
2024-07-15 10:32:00.005035401,10.533335,25.449581,490.51758,0.25,1.7977631,23.663275,0.4,24.0,-9.0,-1.0,0.0,1.0,300.0,0.47272655,train
2024-07-15 10:37:00.003890992,10.616668,25.529871,492.81052,0.25,1.5428597,23.531254,0.4,24.0,-9.0,-1.0,0.0,1.0,300.0,0.46078548,train
2024-07-15 10:42:00.002746580,10.700001,25.666254,478.27,0.25,1.4965832,23.782743,0.4,24.0,-9.0,-1.0,0.0,1.0,300.0,0.45435458,train
2024-07-15 10:47:00.005035401,10.783335,25.5963,490.6267,0.25,1.6275021,23.731176,0.4,24.0,-9.0,-1.0,0.0,1.0,300.0,0.43861967,train
2024-07-15 10:52:00.003890992,10.866668,26.152843,512.9301,0.25,1.4516591,23.553806,0.4,24.0,-9.0,-1.0,0.0,1.0,300.0,0.46355936,train
2024-07-15 10:57:00.002746580,10.950001,25.973299,533.4194,0.25,1.285025,23.615013,0.4,24.0,-9.0,-1.0,0.0,1.0,300.0,0.4285031,train
2024-07-15 11:02:00.005035401,11.033335,26.21276,560.8798,0.25,1.4586865,23.643625,0.4,24.0,-9.0,-1.0,0.0,1.0,300.0,0.42095992,train
2024-07-15 11:07:00.003890992,11.116668,26.540989,587.0861,0.25,1.6674435,23.561783,0.4,24.0,-9.0,-1.0,0.0,1.0,300.0,0.47489545,train
2024-07-15 11:12:00.002746580,11.200001,27.0546,586.8387,0.25,1.8574933,23.507925,0.4,24.0,-5.4,-0.6,0.0,0.6,180.0,0.49304494,train
2024-07-15 11:17:00.005035401,11.283335,27.096594,583.3519,0.25,1.8983597,23.593996,0.4,24.0,0.0,-0.0,-0.0,0.0,0.0,0.47855163,train
2024-07-15 11:22:00.003890992,11.366668,27.366005,587.93823,0.25,2.0281608,23.723286,0.4,24.0,0.0,-0.0,-0.0,0.0,0.0,0.47337103,train
2024-07-15 11:27:00.002746580,11.450001,27.10775,592.7514,0.25,2.005692,23.660206,0.4,24.0,0.0,-0.0,-0.0,0.0,0.0,0.5024903,train
2024-07-15 11:32:00.005035401,11.533335,27.266468,620.19727,0.25,1.7402292,23.591812,0.4,24.0,0.0,-0.0,-0.0,0.0,0.0,0.489666,train
2024-07-15 11:37:00.003890992,11.616668,27.666801,642.147,0.25,1.5234301,23.68259,0.4,24.0,0.0,-0.0,-0.0,0.0,0.0,0.4839525,train
2024-07-15 11:42:00.002746580,11.700001,27.628428,635.88837,0.25,1.5579776,23.829737,0.4,24.0,0.0,-0.0,-0.0,0.0,0.0,0.48052427,train
2024-07-15 11:47:00.005035401,11.783335,27.709114,630.2311,0.25,1.7498602,23.847836,0.4,24.0,0.0,-0.0,-0.0,0.0,0.0,0.47269937,train
2024-07-15 11:52:00.003890992,11.866668,27.750114,638.8057,0.25,1.7685604,23.938843,0.4,24.0,0.0,-0.0,-0.0,0.0,0.0,0.4124157,train
2024-07-15 11:57:00.002746580,11.950001,27.807127,659.0539,0.25,1.7372082,23.999233,0.4,24.0,0.0,-0.0,-0.0,0.0,0.0,0.378465,train
2024-07-15 12:02:00.005035401,12.033335,28.241749,685.6211,0.25,1.7508458,24.065584,0.4,24.0,0.0,-0.0,-0.0,0.0,0.0,0.3612473,train
2024-07-15 12:07:00.003890992,12.116668,28.352577,695.9216,0.25,1.8541106,24.30914,0.4,24.0,0.0,-0.0,-0.0,0.0,0.0,0.35566124,train
2024-07-15 12:12:00.002746580,12.200001,28.350157,690.3942,0.25,1.9124521,24.27851,0.4,24.0,0.0,-0.0,-0.0,0.0,0.0,0.38602874,train
2024-07-15 12:17:00.005035401,12.283335,28.552263,686.07446,0.25,1.7061856,24.201138,0.4,24.0,0.0,-0.0,-0.0,0.0,0.0,0.37204358,train
2024-07-15 12:22:00.003890992,12.366668,28.496685,662.8139,0.25,1.732733,24.35891,0.4,24.0,0.0,-0.0,-0.0,0.0,0.0,0.38220668,train
2024-07-15 12:27:00.002746580,12.450001,28.510254,665.50183,0.25,1.5198132,24.443464,0.4,24.0,0.0,-0.0,-0.0,0.0,0.0,0.38420758,train
2024-07-15 12:32:00.005035401,12.533335,28.417122,669.1276,0.25,1.4958748,24.323433,0.4,24.0,0.0,-0.0,-0.0,0.0,0.0,0.3830112,train
2024-07-15 12:37:00.003890992,12.616668,28.405731,664.5155,0.25,1.4052619,24.516645,0.4,24.0,-3.6000001,-0.4,0.0,0.4,120.0,0.41842294,train
2024-07-15 12:42:00.002746580,12.700001,28.443134,668.6174,0.25,1.3383651,24.495224,0.4,24.0,-9.0,-1.0,0.0,1.0,300.0,0.40675855,train
2024-07-15 12:47:00.005035401,12.783335,28.566126,668.1714,0.25,1.4104631,24.549013,0.4,24.0,-9.0,-1.0,0.0,1.0,300.0,0.42079496,train
2024-07-15 12:52:00.003890992,12.866668,28.74383,627.2869,0.25,1.5970877,24.31251,0.4,24.0,-9.0,-1.0,0.0,1.0,300.0,0.42928347,train
2024-07-15 12:56:59.999313354,12.95,28.532644,613.57263,0.25,1.7112406,24.420895,0.4,24.0,-9.0,-1.0,0.0,1.0,300.0,0.39644194,train
2024-07-15 13:02:00.005035401,13.033335,28.48408,592.2877,0.25,2.0485587,24.374786,0.4,24.0,-9.0,-1.0,0.0,1.0,300.0,0.41232282,train
2024-07-15 13:07:00.003890992,13.116668,28.655657,589.7059,0.25,2.0059636,24.486097,0.4,24.0,-9.0,-1.0,0.0,1.0,300.0,0.42558852,train
2024-07-15 13:11:59.999313354,13.2,28.50842,580.0965,0.25,1.7649153,24.387888,0.4,24.0,-9.0,-1.0,0.0,1.0,300.0,0.41286707,train
2024-07-15 13:17:00.005035401,13.283335,28.854843,586.5923,0.25,1.8242044,24.419178,0.4,24.0,-9.0,-1.0,0.0,1.0,300.0,0.3540016,train
2024-07-15 13:22:00.003890992,13.366668,28.64452,588.00696,0.25,1.8908503,24.25676,0.4,24.0,-9.0,-1.0,0.0,1.0,300.0,0.36588773,train
2024-07-15 13:26:59.999313354,13.45,28.298143,585.6628,0.25,2.1034303,24.205381,0.4,24.0,-9.0,-1.0,0.0,1.0,300.0,0.4068472,train
2024-07-15 13:32:00.005035401,13.533335,28.398754,577.9032,0.25,2.1740868,24.19806,0.4,24.0,-9.0,-1.0,0.0,1.0,300.0,0.42834908,train
2024-07-15 13:37:00.003890992,13.616668,28.345291,591.08734,0.25,2.238569,24.152145,0.4,24.0,-9.0,-1.0,0.0,1.0,300.0,0.4529,train
2024-07-15 13:41:59.999313354,13.7,28.944265,612.91376,0.25,2.11614,24.208324,0.4,24.0,-9.0,-1.0,0.0,1.0,300.0,0.47439033,train
2024-07-15 13:47:00.005035401,13.783335,29.139486,600.78314,0.25,2.1142614,24.248474,0.4,24.0,-9.0,-1.0,0.0,1.0,300.0,0.51001245,train
2024-07-15 13:52:00.003890992,13.866668,29.314232,581.9072,0.25,2.1286364,24.109308,0.4,24.0,-9.0,-1.0,0.0,1.0,300.0,0.5551324,train
2024-07-15 13:56:59.999313354,13.95,29.094545,568.90985,0.25,1.9791001,24.106575,0.4,24.0,-9.0,-1.0,0.0,1.0,300.0,0.56299907,train
2024-07-15 14:02:00.005035401,14.033335,29.438068,538.2412,0.25,1.6975659,24.065378,0.4,24.0,-9.0,-1.0,0.0,1.0,300.0,0.5573185,train
2024-07-15 14:07:00.003890992,14.116668,29.466326,538.14746,0.25,1.5384005,24.145922,0.4,24.0,-9.0,-1.0,0.0,1.0,300.0,0.60812014,train
2024-07-15 14:12:00.006179810,14.200002,29.23273,551.84033,0.25,1.6509956,24.022758,0.4,24.0,-9.0,-1.0,0.0,1.0,300.0,0.60744196,train
2024-07-15 14:17:00.005035401,14.283335,29.294123,544.1186,0.25,1.8402532,23.99652,0.4,24.0,-9.0,-1.0,0.0,1.0,300.0,0.655509,train
2024-07-15 14:22:00.003890992,14.366668,29.588655,543.0809,0.25,1.8367462,23.943512,0.4,24.0,-9.0,-1.0,0.0,1.0,300.0,0.73580223,train
2024-07-15 14:27:00.006179810,14.450002,29.243984,536.9834,0.25,1.8426676,23.978321,0.4,24.0,-9.0,-1.0,0.0,1.0,300.0,0.75421774,train
2024-07-15 14:32:00.005035401,14.533335,28.75071,506.43512,0.25,2.0692978,23.989344,0.4,24.0,-9.0,-1.0,0.0,1.0,300.0,0.78927463,train
2024-07-15 14:37:00.003890992,14.616668,28.884174,497.53928,0.25,2.0930297,24.083122,0.4,24.0,-9.0,-1.0,0.0,1.0,300.0,0.778603,train
2024-07-15 14:42:00.006179810,14.700002,29.089867,501.18204,0.25,1.9931239,23.9094,0.4,24.0,-9.0,-1.0,0.0,1.0,300.0,0.7633514,train
2024-07-15 14:47:00.005035401,14.783335,29.162079,494.83868,0.25,2.0403328,23.902864,0.4,24.0,-9.0,-1.0,0.0,1.0,300.0,0.75058836,train
2024-07-15 14:52:00.003890992,14.866668,29.373474,484.0533,0.25,2.2481027,24.03368,0.4,24.0,-9.0,-1.0,0.0,1.0,300.0,0.6609988,train
2024-07-15 14:57:00.006179810,14.950002,29.779629,481.7303,0.25,2.3607633,23.868633,0.4,24.0,-9.0,-1.0,0.0,1.0,300.0,0.67124325,train
2024-07-15 15:02:00.005035401,15.033335,30.014952,453.57846,0.25,2.5319347,23.905706,0.4,24.0,-9.0,-1.0,0.0,1.0,300.0,0.66960263,train
2024-07-15 15:07:00.003890992,15.116668,30.132061,441.16232,0.25,2.428349,23.871426,0.4,24.0,-9.0,-1.0,0.0,1.0,300.0,0.69057757,train
2024-07-15 15:12:00.006179810,15.200002,30.190813,433.33072,0.25,2.4078503,23.876894,0.4,24.0,-9.0,-1.0,0.0,1.0,300.0,0.70893776,train
2024-07-15 15:17:00.005035401,15.283335,30.247347,410.91168,0.25,2.2665522,23.78891,0.4,24.0,-9.0,-1.0,0.0,1.0,300.0,0.7106556,train
2024-07-15 15:22:00.003890992,15.366668,30.432697,408.65845,0.25,2.3913558,23.677816,0.4,24.0,-9.0,-1.0,0.0,1.0,300.0,0.71480244,train
2024-07-15 15:27:00.006179810,15.450002,30.74081,411.42685,0.25,2.332861,23.796083,0.4,24.0,-9.0,-1.0,0.0,1.0,300.0,0.6970009,train
2024-07-15 15:32:00.005035401,15.533335,30.966347,405.0135,0.25,1.9946396,23.879301,0.4,24.0,-9.0,-1.0,0.0,1.0,300.0,0.67132205,train
2024-07-15 15:37:00.003890992,15.616668,30.762297,386.03757,0.25,1.9086045,23.732624,0.4,24.0,-9.0,-1.0,0.0,1.0,300.0,0.70628446,train
2024-07-15 15:42:00.006179810,15.700002,30.985392,373.05557,0.25,2.006044,23.834152,0.4,24.0,-9.0,-1.0,0.0,1.0,300.0,0.75179607,train
2024-07-15 15:47:00.005035401,15.783335,31.6134,367.47885,0.25,1.9149437,23.592358,0.4,24.0,-9.0,-1.0,0.0,1.0,300.0,0.8025257,train
2024-07-15 15:52:00.003890992,15.866668,31.84652,362.112,0.25,1.9486488,23.68079,0.4,24.0,-9.0,-1.0,0.0,1.0,300.0,0.8468283,train
2024-07-15 15:57:00.006179810,15.950002,31.942188,352.6555,0.25,2.012336,23.548836,0.4,24.0,-9.0,-1.0,0.0,1.0,300.0,0.80820066,train
2024-07-15 16:02:00.005035401,16.033335,31.966188,345.99948,0.25,1.9005226,23.511183,0.4,24.0,-9.0,-1.0,0.0,1.0,300.0,0.7640614,train
2024-07-15 16:07:00.000457762,16.116667,32.15178,332.4471,0.25,1.6806382,23.672762,0.4,24.0,-9.0,-1.0,0.0,1.0,300.0,0.76740545,train
2024-07-15 16:12:00.002746580,16.2,32.233322,318.3536,0.25,1.6340904,23.518574,0.4,24.0,-9.0,-1.0,0.0,1.0,300.0,0.7488145,train
2024-07-15 16:17:00.005035401,16.283335,32.54791,302.07428,0.25,1.5845279,23.643734,0.4,24.0,-9.0,-1.0,0.0,1.0,300.0,0.751237,train
2024-07-15 16:22:00.000457762,16.366667,32.589096,298.31082,0.25,1.3339558,23.72517,0.4,24.0,-9.0,-1.0,0.0,1.0,300.0,0.83388007,train
2024-07-15 16:27:00.002746580,16.45,32.52708,295.81647,0.25,1.2492363,23.608385,0.4,24.0,0.0,-0.0,-0.0,0.0,0.0,0.89111775,train
2024-07-15 16:32:00.005035401,16.533335,32.624718,302.46442,0.25,0.9395372,23.615097,0.4,24.0,0.0,-0.0,-0.0,0.0,0.0,0.93894625,train
2024-07-15 16:37:00.000457762,16.616667,32.720917,286.51996,0.25,0.97846425,23.721388,0.4,24.0,0.0,-0.0,-0.0,0.0,0.0,0.9605954,train
2024-07-15 16:42:00.002746580,16.7,32.881832,275.1182,0.25,0.8700409,23.868599,0.4,24.0,0.0,-0.0,-0.0,0.0,0.0,0.9498324,train
2024-07-15 16:47:00.005035401,16.783335,33.104984,267.752,0.25,0.41471073,23.843914,0.4,24.0,0.0,-0.0,-0.0,0.0,0.0,0.975059,train
2024-07-15 16:52:00.000457762,16.866667,32.837273,266.7811,0.25,0.30422425,24.026184,0.4,24.0,0.0,-0.0,-0.0,0.0,0.0,0.97278875,train
2024-07-15 16:57:00.002746580,16.95,32.80109,262.93564,0.25,0.31188273,23.871128,0.4,24.0,0.0,-0.0,-0.0,0.0,0.0,0.98431313,train
2024-07-15 17:02:00.005035401,17.033335,32.921593,255.35526,0.25,0.3970766,24.084047,0.4,24.0,0.0,-0.0,-0.0,0.0,0.0,1.002529,train
2024-07-15 17:07:00.000457762,17.116667,32.628338,248.2017,0.25,0.4976358,24.15873,0.4,24.0,0.0,-0.0,-0.0,0.0,0.0,1.049889,train
2024-07-15 17:12:00.002746580,17.2,32.648354,237.17284,0.25,0.94362783,24.187521,0.4,24.0,0.0,-0.0,-0.0,0.0,0.0,1.0915021,train
2024-07-15 17:17:00.005035401,17.283335,32.67126,221.88516,0.25,1.0324194,24.090322,0.4,24.0,0.0,-0.0,-0.0,0.0,0.0,1.1513832,train
2024-07-15 17:22:00.000457762,17.366667,32.832554,216.93803,0.25,1.0736312,24.18775,0.4,24.0,0.0,-0.0,-0.0,0.0,0.0,1.1761353,train
2024-07-15 17:27:00.002746580,17.45,32.822407,207.83989,0.25,1.0694982,24.18782,0.4,24.0,0.0,-0.0,-0.0,0.0,0.0,1.1645845,train
2024-07-15 17:32:00.005035401,17.533335,33.128212,197.17802,0.25,1.0862448,24.310188,0.4,24.0,0.0,-0.0,-0.0,0.0,0.0,1.1913282,train
2024-07-15 17:37:00.000457762,17.616667,33.55985,191.72638,0.25,1.1263686,24.42072,0.4,24.0,0.0,-0.0,-0.0,0.0,0.0,1.2137197,train
2024-07-15 17:42:00.002746580,17.7,33.402065,177.29643,0.25,1.1880505,24.429296,0.4,24.0,0.0,-0.0,-0.0,0.0,0.0,1.2633487,train
2024-07-15 17:47:00.005035401,17.783335,33.52944,166.6512,0.25,1.3723309,24.383854,0.4,24.0,-7.2000003,-0.8,0.0,0.8,240.0,1.2937797,train
2024-07-15 17:52:00.000457762,17.866667,33.477276,153.81133,0.25,1.4048865,24.370245,0.4,24.0,-9.0,-1.0,0.0,1.0,300.0,1.3336117,train
2024-07-15 17:57:00.002746580,17.95,33.26761,141.84297,0.25,1.5090901,24.322693,0.4,24.0,-9.0,-1.0,0.0,1.0,300.0,1.3611974,train
2024-07-15 18:02:00.005035401,18.033335,33.29598,128.21657,0.25,1.5324446,24.2818,0.4,24.0,-9.0,-1.0,0.0,1.0,300.0,1.3571097,train
2024-07-15 18:07:00.000457762,18.116667,33.168247,123.01416,0.25,1.3028952,24.23116,0.4,24.0,-9.0,-1.0,0.0,1.0,300.0,1.3731523,train
2024-07-15 18:12:00.002746580,18.2,33.585793,119.82284,0.25,1.3632972,24.24771,0.4,24.0,-9.0,-1.0,0.0,1.0,300.0,1.3752869,train
2024-07-15 18:17:00.005035401,18.283335,33.137993,109.22471,0.25,1.4556373,24.337154,0.4,24.0,-9.0,-1.0,0.0,1.0,300.0,1.3925046,train
2024-07-15 18:22:00.000457762,18.366667,32.931812,95.22585,0.25,1.2646698,24.17812,0.4,24.0,-9.0,-1.0,0.0,1.0,300.0,1.3988451,train
2024-07-15 18:27:00.002746580,18.45,32.779953,85.92208,0.25,1.2909422,24.096075,0.4,24.0,-9.0,-1.0,0.0,1.0,300.0,1.4086069,train
2024-07-15 18:32:00.005035401,18.533335,33.088634,76.405556,0.25,1.2339824,24.171154,0.4,24.0,-9.0,-1.0,0.0,1.0,300.0,1.4182011,train
2024-07-15 18:37:00.000457762,18.616667,33.401928,72.50481,0.25,1.2527008,24.135431,0.4,24.0,-9.0,-1.0,0.0,1.0,300.0,1.4571297,train
2024-07-15 18:42:00.002746580,18.7,33.408825,67.26647,0.25,1.3114102,24.008585,0.4,24.0,-9.0,-1.0,0.0,1.0,300.0,1.4900025,train
2024-07-15 18:47:00.005035401,18.783335,33.92071,54.62027,0.25,1.3216529,24.083057,0.4,24.0,-9.0,-1.0,0.0,1.0,300.0,1.5233605,train
2024-07-15 18:52:00.000457762,18.866667,33.88649,46.032665,0.25,1.1608443,23.92491,0.4,24.0,-9.0,-1.0,0.0,1.0,300.0,1.5428551,train
2024-07-15 18:57:00.002746580,18.95,33.73836,39.279095,0.25,0.87192166,23.886677,0.4,24.0,-9.0,-1.0,0.0,1.0,300.0,1.5593439,train
2024-07-15 19:02:00.005035401,19.033335,34.07728,32.514492,0.25,0.62947655,23.95907,0.4,24.0,-9.0,-1.0,0.0,1.0,300.0,1.5470688,train
2024-07-15 19:07:00.000457762,19.116667,33.882694,25.153105,0.25,0.86756724,23.83972,0.4,24.0,-9.0,-1.0,0.0,1.0,300.0,1.5694238,train
2024-07-15 19:12:00.002746580,19.2,33.58267,16.637041,0.25,0.9752596,23.722483,0.4,24.0,-9.0,-1.0,0.0,1.0,300.0,1.6119944,train
2024-07-15 19:17:00.005035401,19.283335,33.771046,8.426564,0.25,1.0249304,23.682455,0.4,24.0,-9.0,-1.0,0.0,1.0,300.0,1.5782298,train
2024-07-15 19:22:00.000457762,19.366667,33.415573,0.9918019,0.25,0.97262377,23.614388,0.4,24.0,-9.0,-1.0,0.0,1.0,300.0,1.5301812,train
2024-07-15 19:27:00.002746580,19.45,33.624687,0.0,0.25,0.9319841,23.898096,0.4,24.0,-9.0,-1.0,0.0,1.0,300.0,1.5196677,train
2024-07-15 19:32:00.005035401,19.533335,33.379177,0.0,0.25,0.85465336,23.603354,0.4,24.0,-9.0,-1.0,0.0,1.0,300.0,1.4453204,train
2024-07-15 19:37:00.000457762,19.616667,33.584534,0.0,0.25,0.62569577,23.581045,0.4,24.0,-9.0,-1.0,0.0,1.0,300.0,1.4370865,train
2024-07-15 19:42:00.002746580,19.7,33.4576,0.0,0.25,0.8512606,23.556055,0.4,24.0,-1.8000001,-0.2,0.0,0.2,60.0,1.44005,train
2024-07-15 19:47:00.005035401,19.783335,33.18439,0.0,0.25,0.9650424,23.549746,0.4,24.0,0.0,-0.0,-0.0,0.0,0.0,1.4078465,train
2024-07-15 19:52:00.000457762,19.866667,32.952248,0.0,0.25,1.0129577,23.737518,0.4,24.0,0.0,-0.0,-0.0,0.0,0.0,1.3874179,train
2024-07-15 19:57:00.002746580,19.95,32.83072,0.0,0.25,0.8391386,23.678278,0.4,24.0,0.0,-0.0,-0.0,0.0,0.0,1.3803428,train
2024-07-15 20:02:00.005035401,20.033335,32.98257,0.0,0.25,0.67403287,23.609098,0.4,24.0,0.0,-0.0,-0.0,0.0,0.0,1.338599,train
2024-07-15 20:07:00.000457762,20.116667,32.777134,0.0,0.25,0.7468464,23.6997,0.4,24.0,0.0,-0.0,-0.0,0.0,0.0,1.3031421,train
2024-07-15 20:12:00.002746580,20.2,32.569626,0.0,0.25,0.4761121,23.769003,0.4,24.0,0.0,-0.0,-0.0,0.0,0.0,1.2271092,train
2024-07-15 20:17:00.005035401,20.283335,31.89067,0.0,0.25,0.5545896,23.912554,0.4,24.0,0.0,-0.0,-0.0,0.0,0.0,1.2169876,train
2024-07-15 20:22:00.000457762,20.366667,31.59479,0.0,0.25,0.70077,23.809818,0.4,24.0,0.0,-0.0,-0.0,0.0,0.0,1.2325684,train
2024-07-15 20:27:00.002746580,20.45,31.629911,0.0,0.25,0.70730513,23.845228,0.4,24.0,0.0,-0.0,-0.0,0.0,0.0,1.2266556,train
2024-07-15 20:32:00.005035401,20.533335,31.49821,0.0,0.25,0.5217509,23.941242,0.4,24.0,0.0,-0.0,-0.0,0.0,0.0,1.2275517,train
2024-07-15 20:37:00.000457762,20.616667,31.24951,0.0,0.25,0.39006287,23.77052,0.4,24.0,0.0,-0.0,-0.0,0.0,0.0,1.1802444,train
2024-07-15 20:42:00.002746580,20.7,30.76388,0.0,0.25,0.31379506,24.060814,0.4,24.0,0.0,-0.0,-0.0,0.0,0.0,1.1265281,train
2024-07-15 20:47:00.005035401,20.783335,30.50495,0.0,0.25,0.3043758,23.888735,0.4,24.0,0.0,-0.0,-0.0,0.0,0.0,1.0469197,train
2024-07-15 20:52:00.000457762,20.866667,30.734983,0.0,0.25,0.53489685,24.043022,0.4,24.0,0.0,-0.0,-0.0,0.0,0.0,1.0239851,train
2024-07-15 20:57:00.002746580,20.95,30.527735,0.0,0.25,0.6084689,24.088495,0.4,24.0,0.0,-0.0,-0.0,0.0,0.0,1.0328978,train
2024-07-15 21:02:00.005035401,21.033335,30.171343,0.0,0.25,0.54099,24.04849,0.4,24.0,0.0,-0.0,-0.0,0.0,0.0,1.0196664,train
2024-07-15 21:07:00.000457762,21.116667,30.002283,0.0,0.25,0.52880496,24.122446,0.4,24.0,0.0,-0.0,-0.0,0.0,0.0,0.9831986,train
2024-07-15 21:12:00.002746580,21.2,30.125128,0.0,0.25,0.99920267,24.150928,0.4,24.0,0.0,-0.0,-0.0,0.0,0.0,1.0050219,train
2024-07-15 21:17:00.005035401,21.283335,29.54802,0.0,0.25,1.0008655,24.181149,0.4,24.0,0.0,-0.0,-0.0,0.0,0.0,0.9955409,train
2024-07-15 21:22:00.000457762,21.366667,29.376226,0.0,0.25,1.1880593,24.170486,0.4,24.0,0.0,-0.0,-0.0,0.0,0.0,0.96693134,train
2024-07-15 21:27:00.002746580,21.45,29.171623,0.0,0.25,1.3810899,24.128412,0.4,24.0,0.0,-0.0,-0.0,0.0,0.0,0.9527227,train
2024-07-15 21:32:00.005035401,21.533335,29.075193,0.0,0.25,1.5147536,24.312664,0.4,24.0,0.0,-0.0,-0.0,0.0,0.0,0.95701426,train
2024-07-15 21:37:00.000457762,21.616667,29.103363,0.0,0.25,1.5507954,24.147873,0.4,24.0,0.0,-0.0,-0.0,0.0,0.0,0.9596098,train
2024-07-15 21:42:00.002746580,21.7,28.930561,0.0,0.25,2.0099032,24.219154,0.4,24.0,0.0,-0.0,-0.0,0.0,0.0,0.9172872,train
2024-07-15 21:47:00.005035401,21.783335,28.792355,0.0,0.25,2.2454932,24.229673,0.4,24.0,0.0,-0.0,-0.0,0.0,0.0,0.9654412,train
2024-07-15 21:52:00.000457762,21.866667,28.63661,0.0,0.25,2.6011498,24.264849,0.4,24.0,0.0,-0.0,-0.0,0.0,0.0,0.94643706,train
2024-07-15 21:57:00.002746580,21.95,28.417028,0.0,0.25,2.8448462,24.247723,0.4,24.0,0.0,-0.0,-0.0,0.0,0.0,0.9283671,train
2024-07-15 22:02:00.005035401,22.033335,27.86166,0.0,0.25,2.8872325,24.221203,0.4,26.5,0.0,-0.0,-0.0,0.0,0.0,0.884088,train
2024-07-15 22:07:00.000457762,22.116667,27.702656,0.0,0.25,3.2427132,24.288418,0.4,26.5,0.0,-0.0,-0.0,0.0,0.0,0.8778783,train
2024-07-15 22:12:00.002746580,22.2,27.37011,0.0,0.25,3.2144413,24.367258,0.4,26.5,0.0,-0.0,-0.0,0.0,0.0,0.9104349,train
2024-07-15 22:17:00.005035401,22.283335,27.35304,0.0,0.25,3.2758598,24.359375,0.4,26.5,0.0,-0.0,-0.0,0.0,0.0,0.82177573,train
2024-07-15 22:22:00.000457762,22.366667,27.39056,0.0,0.25,3.210809,24.329914,0.4,26.5,0.0,-0.0,-0.0,0.0,0.0,0.745756,train
2024-07-15 22:27:00.002746580,22.45,27.120512,0.0,0.25,3.0781047,24.400272,0.4,26.5,0.0,-0.0,-0.0,0.0,0.0,0.69857997,train
2024-07-15 22:32:00.005035401,22.533335,26.784348,0.0,0.25,3.0006452,24.40118,0.4,26.5,0.0,-0.0,-0.0,0.0,0.0,0.67616695,train
2024-07-15 22:37:00.000457762,22.616667,26.554585,0.0,0.25,3.0964658,24.23111,0.4,26.5,0.0,-0.0,-0.0,0.0,0.0,0.65122265,train
2024-07-15 22:42:00.002746580,22.7,26.685535,0.0,0.25,3.1303937,24.288942,0.4,26.5,0.0,-0.0,-0.0,0.0,0.0,0.6538006,train
2024-07-15 22:47:00.005035401,22.783335,26.269451,0.0,0.25,2.8634605,24.49251,0.4,26.5,0.0,-0.0,-0.0,0.0,0.0,0.59803367,train
2024-07-15 22:52:00.000457762,22.866667,26.122654,0.0,0.25,2.998842,24.466705,0.4,26.5,0.0,-0.0,-0.0,0.0,0.0,0.5442153,train
2024-07-15 22:57:00.002746580,22.95,26.223572,0.0,0.25,3.2388928,24.560305,0.4,26.5,0.0,-0.0,-0.0,0.0,0.0,0.50655633,train
2024-07-15 23:02:00.005035401,23.033335,25.86735,0.0,0.25,3.7419567,24.274363,0.4,26.5,0.0,-0.0,-0.0,0.0,0.0,0.5413458,train
2024-07-15 23:07:00.000457762,23.116667,25.75716,0.0,0.25,3.5837197,24.396372,0.4,26.5,0.0,-0.0,-0.0,0.0,0.0,0.5697796,train
2024-07-15 23:12:00.009613036,23.200003,26.026937,0.0,0.25,3.1521764,24.391283,0.4,26.5,0.0,-0.0,-0.0,0.0,0.0,0.55556536,train
2024-07-15 23:17:00.005035401,23.283335,25.769009,0.0,0.25,2.9732761,24.41213,0.4,26.5,0.0,-0.0,-0.0,0.0,0.0,0.55232877,train
2024-07-15 23:22:00.000457762,23.366667,25.443209,0.0,0.25,2.732385,24.483757,0.4,26.5,0.0,-0.0,-0.0,0.0,0.0,0.4993139,train
2024-07-15 23:27:00.009613036,23.450003,25.205664,0.0,0.25,2.7103307,24.380577,0.4,26.5,0.0,-0.0,-0.0,0.0,0.0,0.42022562,train
2024-07-15 23:32:00.005035401,23.533335,25.466043,0.0,0.25,2.591771,24.41928,0.4,26.5,0.0,-0.0,-0.0,0.0,0.0,0.39083928,train
2024-07-15 23:37:00.000457762,23.616667,25.286558,0.0,0.25,2.5817587,24.422703,0.4,26.5,0.0,-0.0,-0.0,0.0,0.0,0.444407,train
2024-07-15 23:42:00.009613036,23.700003,24.745014,0.0,0.25,2.7010074,24.444508,0.4,26.5,0.0,-0.0,-0.0,0.0,0.0,0.47506744,train
2024-07-15 23:47:00.005035401,23.783335,24.128998,0.0,0.25,2.5359967,24.52105,0.4,26.5,0.0,-0.0,-0.0,0.0,0.0,0.45069978,train
2024-07-15 23:52:00.000457762,23.866667,24.41152,0.0,0.25,2.4150124,24.381798,0.4,26.5,0.0,-0.0,-0.0,0.0,0.0,0.462505,train
2024-07-15 23:57:00.009613036,23.950003,23.941595,0.0,0.25,2.6126418,24.555727,0.4,26.5,0.0,-0.0,-0.0,0.0,0.0,0.45740247,train
2024-07-16 00:02:00.005035401,24.033335,24.375278,0.0,0.25,2.6313386,24.346453,0.4,26.5,0.0,-0.0,-0.0,0.0,0.0,0.499408,train
2024-07-16 00:07:00.000457762,24.116667,24.1601,0.0,0.25,2.633524,24.538109,0.4,26.5,0.0,-0.0,-0.0,0.0,0.0,0.56274724,train
2024-07-16 00:12:00.009613036,24.200003,23.57829,0.0,0.25,2.6148074,24.500471,0.4,26.5,0.0,-0.0,-0.0,0.0,0.0,0.61572754,train
2024-07-16 00:17:00.005035401,24.283335,23.502636,0.0,0.25,2.8182511,24.394135,0.4,26.5,0.0,-0.0,-0.0,0.0,0.0,0.5712099,train
2024-07-16 00:22:00.000457762,24.366667,23.521002,0.0,0.25,2.6973414,24.537725,0.4,26.5,0.0,-0.0,-0.0,0.0,0.0,0.56933784,train
2024-07-16 00:27:00.009613036,24.450003,22.757742,0.0,0.25,2.6605842,24.425896,0.4,26.5,0.0,-0.0,-0.0,0.0,0.0,0.56720316,train
2024-07-16 00:32:00.005035401,24.533335,22.628963,0.0,0.25,2.4615743,24.35033,0.4,26.5,0.0,-0.0,-0.0,0.0,0.0,0.565356,train
2024-07-16 00:37:00.000457762,24.616667,23.194435,0.0,0.25,2.642297,24.52937,0.4,26.5,0.0,-0.0,-0.0,0.0,0.0,0.5155653,train
2024-07-16 00:42:00.009613036,24.700003,22.862452,0.0,0.25,2.6607053,24.41969,0.4,26.5,0.0,-0.0,-0.0,0.0,0.0,0.50457424,train
2024-07-16 00:47:00.005035401,24.783335,22.69273,0.0,0.25,2.565613,24.437817,0.4,26.5,0.0,-0.0,-0.0,0.0,0.0,0.46297285,train
2024-07-16 00:52:00.000457762,24.866667,22.975737,0.0,0.25,2.6287205,24.503263,0.4,26.5,0.0,-0.0,-0.0,0.0,0.0,0.48085424,train
2024-07-16 00:57:00.009613036,24.950003,23.436373,0.0,0.25,2.6706593,24.491581,0.4,26.5,0.0,-0.0,-0.0,0.0,0.0,0.4517487,train
2024-07-16 01:02:00.005035401,25.033335,23.303228,0.0,0.25,2.6981785,24.637245,0.4,26.5,0.0,-0.0,-0.0,0.0,0.0,0.39334694,train
2024-07-16 01:07:00.000457762,25.116667,23.185335,0.0,0.25,2.8047562,24.406672,0.4,26.5,0.0,-0.0,-0.0,0.0,0.0,0.37120688,train
2024-07-16 01:12:00.009613036,25.200003,23.127537,0.0,0.25,2.504521,24.403164,0.4,26.5,0.0,-0.0,-0.0,0.0,0.0,0.38085753,train
2024-07-16 01:17:00.005035401,25.283335,22.971464,0.0,0.25,2.6836483,24.567795,0.4,26.5,0.0,-0.0,-0.0,0.0,0.0,0.38423213,train
2024-07-16 01:22:00.000457762,25.366667,22.514,0.0,0.25,2.6514597,24.443808,0.4,26.5,0.0,-0.0,-0.0,0.0,0.0,0.36836034,train
2024-07-16 01:27:00.009613036,25.450003,22.732883,0.0,0.25,2.9493577,24.41669,0.4,26.5,0.0,-0.0,-0.0,0.0,0.0,0.38306102,train
2024-07-16 01:32:00.005035401,25.533335,22.847942,0.0,0.25,2.6612256,24.36289,0.4,26.5,0.0,-0.0,-0.0,0.0,0.0,0.38208222,train
2024-07-16 01:37:00.007324219,25.616669,22.757996,0.0,0.25,2.623151,24.488068,0.4,26.5,0.0,-0.0,-0.0,0.0,0.0,0.38079095,train
2024-07-16 01:42:00.002746580,25.7,23.051725,0.0,0.25,2.3704367,24.417215,0.4,26.5,0.0,-0.0,-0.0,0.0,0.0,0.36052486,train
2024-07-16 01:47:00.005035401,25.783335,22.83196,0.0,0.25,2.417548,24.373251,0.4,26.5,0.0,-0.0,-0.0,0.0,0.0,0.3874043,train
2024-07-16 01:52:00.007324219,25.866669,22.895708,0.0,0.25,2.3320901,24.344889,0.4,26.5,0.0,-0.0,-0.0,0.0,0.0,0.4191567,train
2024-07-16 01:57:00.002746580,25.95,22.684582,0.0,0.25,2.3979423,24.477291,0.4,26.5,0.0,-0.0,-0.0,0.0,0.0,0.39104104,train
2024-07-16 02:02:00.005035401,26.033335,22.097202,0.0,0.25,2.6526737,24.372734,0.4,26.5,0.0,-0.0,-0.0,0.0,0.0,0.28860793,train
2024-07-16 02:07:00.007324219,26.116669,21.519476,0.0,0.25,2.950923,24.398312,0.4,26.5,0.0,-0.0,-0.0,0.0,0.0,0.27914736,train
2024-07-16 02:12:00.002746580,26.2,21.474718,0.0,0.25,2.9863586,24.33526,0.4,26.5,0.0,-0.0,-0.0,0.0,0.0,0.33297816,train
2024-07-16 02:17:00.005035401,26.283335,21.238657,0.0,0.25,3.0008564,24.512922,0.4,26.5,0.0,-0.0,-0.0,0.0,0.0,0.33541566,train
2024-07-16 02:22:00.007324219,26.366669,21.184517,0.0,0.25,2.9348905,24.443533,0.4,26.5,0.0,-0.0,-0.0,0.0,0.0,0.33748826,train
2024-07-16 02:27:00.002746580,26.45,21.262222,0.0,0.25,2.9869685,24.358976,0.4,26.5,0.0,-0.0,-0.0,0.0,0.0,0.36440167,train
2024-07-16 02:32:00.005035401,26.533335,21.316256,0.0,0.25,3.1059654,24.38688,0.4,26.5,0.0,-0.0,-0.0,0.0,0.0,0.32652837,train
2024-07-16 02:37:00.007324219,26.616669,21.183613,0.0,0.25,3.3581665,24.237381,0.4,26.5,0.0,-0.0,-0.0,0.0,0.0,0.35091627,train
2024-07-16 02:42:00.002746580,26.7,21.056185,0.0,0.25,3.2650154,24.398415,0.4,26.5,0.0,-0.0,-0.0,0.0,0.0,0.30728182,train
2024-07-16 02:47:00.005035401,26.783335,20.952677,0.0,0.25,3.636891,24.319168,0.4,26.5,0.0,-0.0,-0.0,0.0,0.0,0.33409813,train
2024-07-16 02:52:00.007324219,26.866669,20.839415,0.0,0.25,3.7056122,24.346735,0.4,26.5,0.0,-0.0,-0.0,0.0,0.0,0.32167628,train
2024-07-16 02:57:00.002746580,26.95,21.131678,0.0,0.25,3.6584504,24.150724,0.4,26.5,0.0,-0.0,-0.0,0.0,0.0,0.34202445,train
2024-07-16 03:02:00.005035401,27.033335,20.895472,0.0,0.25,3.6488957,24.299215,0.4,26.5,0.0,-0.0,-0.0,0.0,0.0,0.3223836,train
2024-07-16 03:07:00.007324219,27.116669,20.890348,0.0,0.25,3.8026102,24.396938,0.4,26.5,0.0,-0.0,-0.0,0.0,0.0,0.3004334,train
2024-07-16 03:12:00.002746580,27.2,20.636728,0.0,0.25,4.0898066,24.37925,0.4,26.5,0.0,-0.0,-0.0,0.0,0.0,0.3106275,train
2024-07-16 03:17:00.005035401,27.283335,20.818752,0.0,0.25,4.5817323,24.271461,0.4,26.5,0.0,-0.0,-0.0,0.0,0.0,0.3052196,train
2024-07-16 03:22:00.007324219,27.366669,20.400242,0.0,0.25,4.7694964,24.280107,0.4,26.5,0.0,-0.0,-0.0,0.0,0.0,0.3001847,train
2024-07-16 03:27:00.002746580,27.45,20.176472,0.0,0.25,4.7114387,24.27367,0.4,26.5,0.0,-0.0,-0.0,0.0,0.0,0.30875206,train
2024-07-16 03:32:00.005035401,27.533335,20.114653,0.0,0.25,4.6509295,24.321455,0.4,26.5,0.0,-0.0,-0.0,0.0,0.0,0.24759786,train
2024-07-16 03:37:00.007324219,27.616669,20.063757,0.0,0.25,4.6683955,24.246298,0.4,26.5,0.0,-0.0,-0.0,0.0,0.0,0.22493605,train
2024-07-16 03:42:00.002746580,27.7,20.09369,0.0,0.25,4.728103,24.32902,0.4,26.5,0.0,-0.0,-0.0,0.0,0.0,0.20694351,train
2024-07-16 03:47:00.005035401,27.783335,20.05992,0.0,0.25,4.7422357,24.198673,0.4,26.5,0.0,-0.0,-0.0,0.0,0.0,0.21838145,train
2024-07-16 03:52:00.007324219,27.866669,20.669466,0.0,0.25,4.782993,24.240017,0.4,26.5,0.0,-0.0,-0.0,0.0,0.0,0.22873722,train
2024-07-16 03:57:00.002746580,27.95,20.692728,0.0,0.25,4.942721,24.268467,0.4,26.5,0.0,-0.0,-0.0,0.0,0.0,0.19590591,train
2024-07-16 04:02:00.005035401,28.033335,20.492805,0.0,0.25,4.7352595,24.29882,0.4,26.5,0.0,-0.0,-0.0,0.0,0.0,0.22217444,train
2024-07-16 04:07:00.007324219,28.116669,20.372234,0.0,0.25,4.5398707,24.285849,0.4,26.5,0.0,-0.0,-0.0,0.0,0.0,0.21481855,train
2024-07-16 04:12:00.002746580,28.2,20.253761,0.0,0.25,4.5259705,24.2071,0.4,26.5,0.0,-0.0,-0.0,0.0,0.0,0.19361469,train
2024-07-16 04:17:00.005035401,28.283335,20.479542,0.0,0.25,4.716478,24.11844,0.4,26.5,0.0,-0.0,-0.0,0.0,0.0,0.22572969,train
2024-07-16 04:22:00.007324219,28.366669,20.52441,0.0,0.25,4.6179733,24.129625,0.4,26.5,0.0,-0.0,-0.0,0.0,0.0,0.2562912,train
2024-07-16 04:27:00.002746580,28.45,20.814741,0.0,0.25,4.424426,24.077068,0.4,26.5,0.0,-0.0,-0.0,0.0,0.0,0.27412,train
2024-07-16 04:32:00.005035401,28.533335,20.675243,0.0,0.25,4.4432487,24.098038,0.4,26.5,0.0,-0.0,-0.0,0.0,0.0,0.32101914,train
2024-07-16 04:37:00.007324219,28.616669,20.448782,0.3234611,0.25,4.492434,24.14298,0.4,26.5,0.0,-0.0,-0.0,0.0,0.0,0.33392078,train
2024-07-16 04:42:00.002746580,28.7,20.58677,8.64408,0.25,4.372719,24.12135,0.4,26.5,0.0,-0.0,-0.0,0.0,0.0,0.30964947,train
2024-07-16 04:47:00.005035401,28.783335,20.115053,20.093504,0.25,4.362177,24.112803,0.4,26.5,0.0,-0.0,-0.0,0.0,0.0,0.33001277,train
2024-07-16 04:52:00.007324219,28.866669,20.352201,31.838623,0.25,4.3463764,23.998442,0.4,26.5,0.0,-0.0,-0.0,0.0,0.0,0.37001717,train
2024-07-16 04:57:00.002746580,28.95,20.699947,41.909355,0.25,4.2946076,24.17083,0.4,26.5,0.0,-0.0,-0.0,0.0,0.0,0.3572611,train
2024-07-16 05:02:00.005035401,29.033335,20.56578,51.90869,0.25,4.045053,24.064512,0.4,26.5,0.0,-0.0,-0.0,0.0,0.0,0.35241565,train
2024-07-16 05:07:00.007324219,29.116669,20.888744,61.33134,0.25,4.159517,24.0259,0.4,26.5,0.0,-0.0,-0.0,0.0,0.0,0.3403208,train
2024-07-16 05:12:00.002746580,29.2,21.211874,72.27221,0.25,4.3741226,24.262379,0.4,26.5,0.0,-0.0,-0.0,0.0,0.0,0.3764924,train
2024-07-16 05:17:00.005035401,29.283335,21.113056,85.21603,0.25,4.2095313,24.06617,0.4,26.5,0.0,-0.0,-0.0,0.0,0.0,0.37961647,train
2024-07-16 05:22:00.007324219,29.366669,21.206043,99.92257,0.25,4.45153,23.951366,0.4,26.5,0.0,-0.0,-0.0,0.0,0.0,0.41633353,train
2024-07-16 05:27:00.002746580,29.45,21.659086,112.8578,0.25,4.4567904,24.060549,0.4,26.5,0.0,-0.0,-0.0,0.0,0.0,0.4217271,train
2024-07-16 05:32:00.005035401,29.533335,21.972061,123.379105,0.25,4.2825823,23.940197,0.4,26.5,0.0,-0.0,-0.0,0.0,0.0,0.47264847,train
2024-07-16 05:37:00.007324219,29.616669,22.254349,134.2651,0.25,4.2588716,24.192703,0.4,26.5,0.0,-0.0,-0.0,0.0,0.0,0.5084705,train
2024-07-16 05:42:00.002746580,29.7,22.452843,146.7105,0.25,4.4944825,23.98607,0.4,26.5,0.0,-0.0,-0.0,0.0,0.0,0.5246822,train
2024-07-16 05:47:00.005035401,29.783335,22.407166,156.31387,0.25,4.38607,24.038658,0.4,26.5,0.0,-0.0,-0.0,0.0,0.0,0.54199815,train
2024-07-16 05:52:00.007324219,29.866669,22.42472,167.78378,0.25,4.433364,24.12615,0.4,26.5,0.0,-0.0,-0.0,0.0,0.0,0.52843094,train
2024-07-16 05:57:00.002746580,29.95,22.602272,185.72466,0.25,4.2750945,24.024603,0.4,26.5,0.0,-0.0,-0.0,0.0,0.0,0.50502074,train
2024-07-16 06:02:00.005035401,30.033335,22.52895,198.30511,0.25,4.29108,24.222095,0.4,26.5,0.0,-0.0,-0.0,0.0,0.0,0.483692,train
2024-07-16 06:07:00.007324219,30.116669,22.527084,207.8131,0.25,4.187111,24.161243,0.4,26.5,0.0,-0.0,-0.0,0.0,0.0,0.4870943,train
2024-07-16 06:12:00.002746580,30.2,22.739235,220.44054,0.25,4.120851,24.191263,0.4,26.5,0.0,-0.0,-0.0,0.0,0.0,0.473739,train
2024-07-16 06:17:00.005035401,30.283335,23.026436,231.5703,0.25,4.155355,24.147818,0.4,26.5,0.0,-0.0,-0.0,0.0,0.0,0.49995342,train
2024-07-16 06:22:00.007324219,30.366669,22.959463,233.72234,0.25,3.9722087,24.212843,0.4,26.5,0.0,-0.0,-0.0,0.0,0.0,0.53382045,train
2024-07-16 06:27:00.002746580,30.45,22.943415,245.57027,0.25,3.7735364,24.17315,0.4,26.5,0.0,-0.0,-0.0,0.0,0.0,0.47647938,train
2024-07-16 06:32:00.005035401,30.533335,23.065744,262.11227,0.25,3.7351098,24.15261,0.4,26.5,0.0,-0.0,-0.0,0.0,0.0,0.53657866,train
2024-07-16 06:37:00.007324219,30.616669,22.960186,278.03305,0.25,3.946956,24.32054,0.4,26.5,0.0,-0.0,-0.0,0.0,0.0,0.58052677,train
2024-07-16 06:42:00.002746580,30.7,23.146713,285.25055,0.25,4.0501604,24.322187,0.4,26.5,0.0,-0.0,-0.0,0.0,0.0,0.5639803,train
2024-07-16 06:47:00.005035401,30.783335,23.298908,292.3905,0.25,4.0539536,24.367619,0.4,26.5,0.0,-0.0,-0.0,0.0,0.0,0.55039436,train
2024-07-16 06:52:00.007324219,30.866669,23.27398,296.205,0.25,4.107742,24.284159,0.4,26.5,0.0,-0.0,-0.0,0.0,0.0,0.52243227,train
2024-07-16 06:57:00.002746580,30.95,22.899826,306.73102,0.25,3.995756,24.357765,0.4,26.5,0.0,-0.0,-0.0,0.0,0.0,0.57271427,train
2024-07-16 07:02:00.005035401,31.033335,22.865065,310.67245,0.25,4.0823097,24.393604,0.4,24.0,0.0,-0.0,-0.0,0.0,0.0,0.6247477,train
2024-07-16 07:07:00.007324219,31.116669,23.304665,311.00754,0.25,4.1476326,24.478132,0.4,24.0,0.0,-0.0,-0.0,0.0,0.0,0.65454286,train
2024-07-16 07:12:00.002746580,31.2,22.919209,323.89523,0.25,4.297876,24.537302,0.4,24.0,-1.8000001,-0.2,0.0,0.2,60.0,0.6865043,train
2024-07-16 07:17:00.005035401,31.283335,22.967417,332.24405,0.25,4.379154,24.421957,0.4,24.0,-9.0,-1.0,0.0,1.0,300.0,0.7192226,train
2024-07-16 07:22:00.007324219,31.366669,22.589731,337.02158,0.25,4.3426337,24.40759,0.4,24.0,-9.0,-1.0,0.0,1.0,300.0,0.73868525,train
2024-07-16 07:27:00.002746580,31.45,22.762428,354.53473,0.25,4.2560945,24.300499,0.4,24.0,-9.0,-1.0,0.0,1.0,300.0,0.7165296,train
2024-07-16 07:32:00.005035401,31.533335,22.60215,365.70822,0.25,4.2875085,24.293941,0.4,24.0,-9.0,-1.0,0.0,1.0,300.0,0.77375424,train
2024-07-16 07:37:00.007324219,31.616669,22.8736,372.25278,0.25,4.0575194,24.280622,0.4,24.0,-9.0,-1.0,0.0,1.0,300.0,0.82583916,train
2024-07-16 07:42:00.002746580,31.7,22.606884,383.82883,0.25,3.9850063,24.067476,0.4,24.0,-9.0,-1.0,0.0,1.0,300.0,0.8367691,train
2024-07-16 07:47:00.005035401,31.783335,22.31919,381.47995,0.25,4.0054398,24.1351,0.4,24.0,-9.0,-1.0,0.0,1.0,300.0,0.8426553,train
2024-07-16 07:52:00.007324219,31.866669,22.45137,389.10275,0.25,4.0247703,24.109951,0.4,24.0,-9.0,-1.0,0.0,1.0,300.0,0.82290316,train
2024-07-16 07:57:00.002746580,31.95,22.681965,403.89343,0.25,3.9468102,24.029121,0.4,24.0,-9.0,-1.0,0.0,1.0,300.0,0.8110138,train
2024-07-16 08:02:00.011901854,32.033337,22.878412,408.68613,0.25,3.808757,24.028606,0.4,24.0,-9.0,-1.0,0.0,1.0,300.0,0.8589444,train
2024-07-16 08:07:00.007324219,32.11667,23.198603,408.9315,0.25,3.5875623,23.933712,0.4,24.0,-9.0,-1.0,0.0,1.0,300.0,0.8897231,train
2024-07-16 08:12:00.002746580,32.2,23.223213,402.06543,0.25,3.540694,23.771301,0.4,24.0,-9.0,-1.0,0.0,1.0,300.0,0.9088624,train
2024-07-16 08:17:00.011901854,32.283337,23.473576,410.0104,0.25,3.806059,23.850054,0.4,24.0,-9.0,-1.0,0.0,1.0,300.0,0.8817908,train
2024-07-16 08:22:00.007324219,32.36667,23.54412,415.49835,0.25,3.8511803,23.764269,0.4,24.0,-9.0,-1.0,0.0,1.0,300.0,0.89429015,train
2024-07-16 08:27:00.002746580,32.45,23.79556,429.06183,0.25,3.7701244,23.907192,0.4,24.0,-9.0,-1.0,0.0,1.0,300.0,0.9164857,train
2024-07-16 08:32:00.011901854,32.533337,23.673283,427.1211,0.25,3.7716033,23.67814,0.4,24.0,-9.0,-1.0,0.0,1.0,300.0,0.92073536,train
2024-07-16 08:37:00.007324219,32.61667,23.460306,423.32065,0.25,3.7705433,23.72283,0.4,24.0,-9.0,-1.0,0.0,1.0,300.0,0.9365892,train
2024-07-16 08:42:00.002746580,32.7,23.395357,421.89615,0.25,3.910429,23.596748,0.4,24.0,-9.0,-1.0,0.0,1.0,300.0,0.86297256,train
2024-07-16 08:47:00.011901854,32.783337,23.543665,441.78442,0.25,3.8717554,23.626411,0.4,24.0,-9.0,-1.0,0.0,1.0,300.0,0.8033663,train
2024-07-16 08:52:00.007324219,32.86667,23.428879,453.5087,0.25,3.8168743,23.68706,0.4,24.0,-9.0,-1.0,0.0,1.0,300.0,0.70564383,train
2024-07-16 08:57:00.002746580,32.95,23.67645,443.50485,0.25,3.577727,23.615463,0.4,24.0,-9.0,-1.0,0.0,1.0,300.0,0.63729507,train
2024-07-16 09:02:00.011901854,33.033337,23.992056,441.0798,0.25,3.1922176,23.460096,0.4,24.0,-3.6000001,-0.4,0.0,0.4,120.0,0.54628974,train
2024-07-16 09:07:00.007324219,33.11667,23.80833,450.5974,0.25,3.03644,23.636063,0.4,24.0,0.0,-0.0,-0.0,0.0,0.0,0.51539725,train
2024-07-16 09:12:00.002746580,33.2,24.11501,443.18408,0.25,3.1478448,23.592495,0.4,24.0,0.0,-0.0,-0.0,0.0,0.0,0.49848843,train
2024-07-16 09:17:00.011901854,33.283337,23.945818,430.77042,0.25,2.9989016,23.693014,0.4,24.0,0.0,-0.0,-0.0,0.0,0.0,0.48433295,train
2024-07-16 09:22:00.007324219,33.36667,23.97178,444.43823,0.25,3.0371983,23.643326,0.4,24.0,0.0,-0.0,-0.0,0.0,0.0,0.5251058,train
2024-07-16 09:27:00.002746580,33.45,24.180395,463.02402,0.25,3.1996052,23.653374,0.4,24.0,0.0,-0.0,-0.0,0.0,0.0,0.535693,train
2024-07-16 09:32:00.011901854,33.533337,23.94513,489.69434,0.25,3.5179594,23.63713,0.4,24.0,0.0,-0.0,-0.0,0.0,0.0,0.5210456,train
2024-07-16 09:37:00.007324219,33.61667,23.993277,498.36505,0.25,3.6505215,23.783278,0.4,24.0,0.0,-0.0,-0.0,0.0,0.0,0.51314574,train
2024-07-16 09:42:00.002746580,33.7,23.880152,477.47525,0.25,3.660083,23.656403,0.4,24.0,0.0,-0.0,-0.0,0.0,0.0,0.5595595,train
2024-07-16 09:47:00.011901854,33.783337,24.006659,484.21417,0.25,3.9218729,23.818535,0.4,24.0,0.0,-0.0,-0.0,0.0,0.0,0.5134765,train
2024-07-16 09:52:00.007324219,33.86667,24.161123,484.31625,0.25,4.059331,23.884754,0.4,24.0,0.0,-0.0,-0.0,0.0,0.0,0.5061256,train
2024-07-16 09:57:00.002746580,33.95,24.418495,487.24277,0.25,4.1621475,24.02818,0.4,24.0,0.0,-0.0,-0.0,0.0,0.0,0.51880205,train
2024-07-16 10:02:00.011901854,34.033337,24.256985,503.98422,0.25,3.9118474,24.05133,0.4,24.0,0.0,-0.0,-0.0,0.0,0.0,0.47154886,train
2024-07-16 10:07:00.007324219,34.11667,24.271948,510.4485,0.25,4.0845037,23.957777,0.4,24.0,0.0,-0.0,-0.0,0.0,0.0,0.42519137,train
2024-07-16 10:12:00.002746580,34.2,24.328772,514.8964,0.25,4.13726,23.96019,0.4,24.0,0.0,-0.0,-0.0,0.0,0.0,0.40057135,train
2024-07-16 10:17:00.011901854,34.283337,24.068447,530.2515,0.25,4.017866,24.131876,0.4,24.0,0.0,-0.0,-0.0,0.0,0.0,0.40684086,train
2024-07-16 10:22:00.007324219,34.36667,23.81799,544.1613,0.25,3.785085,24.198662,0.4,24.0,0.0,-0.0,-0.0,0.0,0.0,0.41521788,train
2024-07-16 10:27:00.002746580,34.45,23.747795,547.4904,0.25,3.763509,24.111834,0.4,24.0,0.0,-0.0,-0.0,0.0,0.0,0.38863638,train
2024-07-16 10:32:00.011901854,34.533337,24.235037,575.67346,0.25,3.6824658,24.083157,0.4,24.0,0.0,-0.0,-0.0,0.0,0.0,0.3487528,train
2024-07-16 10:37:00.007324219,34.61667,24.52173,571.7931,0.25,3.736117,24.175673,0.4,24.0,0.0,-0.0,-0.0,0.0,0.0,0.3483786,train
2024-07-16 10:42:00.002746580,34.7,24.81519,563.3856,0.25,3.9612699,24.201994,0.4,24.0,0.0,-0.0,-0.0,0.0,0.0,0.36411163,train
2024-07-16 10:47:00.011901854,34.783337,24.487942,559.8027,0.25,3.837713,24.271452,0.4,24.0,0.0,-0.0,-0.0,0.0,0.0,0.35996637,train
2024-07-16 10:52:00.007324219,34.86667,24.704447,585.06976,0.25,3.8329544,24.36933,0.4,24.0,0.0,-0.0,-0.0,0.0,0.0,0.30961642,train
2024-07-16 10:57:00.002746580,34.95,24.886444,593.2278,0.25,3.9764073,24.37503,0.4,24.0,0.0,-0.0,-0.0,0.0,0.0,0.3135674,train
2024-07-16 11:02:00.011901854,35.033337,24.89724,571.42334,0.25,3.8729324,24.408302,0.4,24.0,0.0,-0.0,-0.0,0.0,0.0,0.372379,train
2024-07-16 11:07:00.007324219,35.11667,25.319633,567.5512,0.25,3.993871,24.470623,0.4,24.0,-5.4,-0.6,0.0,0.6,180.0,0.4025459,train
2024-07-16 11:12:00.002746580,35.2,25.539593,553.8559,0.25,4.338685,24.36553,0.4,24.0,-9.0,-1.0,0.0,1.0,300.0,0.36825353,train
2024-07-16 11:17:00.011901854,35.283337,25.701353,546.88135,0.25,4.3318276,24.287678,0.4,24.0,-9.0,-1.0,0.0,1.0,300.0,0.38284716,train
2024-07-16 11:22:00.007324219,35.36667,25.825397,566.0016,0.25,4.3997293,24.249058,0.4,24.0,-9.0,-1.0,0.0,1.0,300.0,0.38842922,train
2024-07-16 11:27:00.002746580,35.45,25.844995,586.4826,0.25,4.28199,24.22618,0.4,24.0,-9.0,-1.0,0.0,1.0,300.0,0.37519866,train
2024-07-16 11:32:00.011901854,35.533337,25.948584,611.139,0.25,4.3435607,24.247496,0.4,24.0,-9.0,-1.0,0.0,1.0,300.0,0.43984246,train
2024-07-16 11:37:00.007324219,35.61667,25.9934,614.69464,0.25,3.956213,24.182922,0.4,24.0,-9.0,-1.0,0.0,1.0,300.0,0.48340446,train
2024-07-16 11:42:00.002746580,35.7,26.533596,607.08,0.25,3.823424,24.086332,0.4,24.0,-9.0,-1.0,0.0,1.0,300.0,0.4456697,train
2024-07-16 11:47:00.011901854,35.783337,26.497625,588.8993,0.25,4.0740213,23.966938,0.4,24.0,-9.0,-1.0,0.0,1.0,300.0,0.43128443,train
2024-07-16 11:52:00.007324219,35.86667,26.605507,589.17303,0.25,4.0436606,24.040712,0.4,24.0,-9.0,-1.0,0.0,1.0,300.0,0.39417323,train
2024-07-16 11:57:00.002746580,35.95,26.986025,587.6306,0.25,3.812704,24.056887,0.4,24.0,-9.0,-1.0,0.0,1.0,300.0,0.41460148,train
2024-07-16 12:02:00.011901854,36.033337,26.821342,594.7494,0.25,3.7010236,24.077814,0.4,24.0,-9.0,-1.0,0.0,1.0,300.0,0.38608918,train
2024-07-16 12:07:00.007324219,36.11667,26.981894,627.09247,0.25,3.6864936,23.958424,0.4,24.0,-9.0,-1.0,0.0,1.0,300.0,0.39092824,train
2024-07-16 12:12:00.002746580,36.2,26.790253,631.2287,0.25,3.5584812,23.932566,0.4,24.0,-9.0,-1.0,0.0,1.0,300.0,0.40578255,train
2024-07-16 12:17:00.011901854,36.283337,27.00447,621.3961,0.25,3.6294632,23.86037,0.4,24.0,-9.0,-1.0,0.0,1.0,300.0,0.38208744,train
2024-07-16 12:22:00.007324219,36.36667,26.958605,616.69885,0.25,3.4534576,23.865044,0.4,24.0,-9.0,-1.0,0.0,1.0,300.0,0.420799,train
2024-07-16 12:27:00.002746580,36.45,27.179176,603.5516,0.25,3.4209328,23.760784,0.4,24.0,-9.0,-1.0,0.0,1.0,300.0,0.48219013,train
2024-07-16 12:32:00.011901854,36.533337,27.659725,580.7016,0.25,3.146424,23.627863,0.4,24.0,-9.0,-1.0,0.0,1.0,300.0,0.49108297,train
2024-07-16 12:37:00.007324219,36.61667,27.963669,577.9072,0.25,3.1790133,23.745798,0.4,24.0,-9.0,-1.0,0.0,1.0,300.0,0.47343826,train
2024-07-16 12:42:00.002746580,36.7,28.539026,578.1126,0.25,3.1626594,23.666983,0.4,24.0,-9.0,-1.0,0.0,1.0,300.0,0.44584998,train
2024-07-16 12:47:00.011901854,36.783337,28.574219,572.7255,0.25,3.1473415,23.709019,0.4,24.0,-9.0,-1.0,0.0,1.0,300.0,0.4996433,train
2024-07-16 12:52:00.007324219,36.86667,28.88988,575.7466,0.25,3.1946583,23.704136,0.4,24.0,-9.0,-1.0,0.0,1.0,300.0,0.5238074,train
2024-07-16 12:57:00.002746580,36.95,29.149624,596.1854,0.25,3.161416,23.714727,0.4,24.0,-9.0,-1.0,0.0,1.0,300.0,0.5677112,train
2024-07-16 13:02:00.011901854,37.033337,29.236322,591.422,0.25,3.1796222,23.521471,0.4,24.0,-9.0,-1.0,0.0,1.0,300.0,0.54817724,train
2024-07-16 13:07:00.007324219,37.11667,29.09695,588.01654,0.25,3.0349374,23.50177,0.4,24.0,-9.0,-1.0,0.0,1.0,300.0,0.59547925,train
2024-07-16 13:12:00.002746580,37.2,29.143694,594.3743,0.25,3.3504968,23.738365,0.4,24.0,-9.0,-1.0,0.0,1.0,300.0,0.55087084,train
2024-07-16 13:17:00.011901854,37.283337,29.582909,580.4972,0.25,3.3822677,23.568089,0.4,24.0,-9.0,-1.0,0.0,1.0,300.0,0.53922904,train
2024-07-16 13:22:00.007324219,37.36667,30.036186,583.41254,0.25,3.5631592,23.552525,0.4,24.0,-7.2000003,-0.8,0.0,0.8,240.0,0.5252902,train
2024-07-16 13:27:00.002746580,37.45,30.415258,596.54846,0.25,3.6886804,23.645628,0.4,24.0,0.0,-0.0,-0.0,0.0,0.0,0.5326056,train
2024-07-16 13:32:00.011901854,37.533337,30.532497,584.64825,0.25,3.7757568,23.534872,0.4,24.0,0.0,-0.0,-0.0,0.0,0.0,0.59308183,train
2024-07-16 13:37:00.007324219,37.61667,30.980282,572.4502,0.25,3.5821419,23.736528,0.4,24.0,0.0,-0.0,-0.0,0.0,0.0,0.5500669,train
2024-07-16 13:42:00.002746580,37.7,31.065845,574.13104,0.25,3.451519,23.925787,0.4,24.0,0.0,-0.0,-0.0,0.0,0.0,0.49346343,train
2024-07-16 13:47:00.011901854,37.783337,30.88421,578.3345,0.25,3.4630864,23.959406,0.4,24.0,0.0,-0.0,-0.0,0.0,0.0,0.48130885,train
2024-07-16 13:52:00.007324219,37.86667,31.274035,604.7757,0.25,3.3403077,23.889341,0.4,24.0,0.0,-0.0,-0.0,0.0,0.0,0.55248046,train
2024-07-16 13:57:00.002746580,37.95,31.516182,583.09955,0.25,3.2903821,23.887209,0.4,24.0,0.0,-0.0,-0.0,0.0,0.0,0.55585283,train
2024-07-16 14:02:00.011901854,38.033337,31.155891,581.5468,0.25,3.1840575,24.046925,0.4,24.0,0.0,-0.0,-0.0,0.0,0.0,0.6038669,train
2024-07-16 14:07:00.007324219,38.11667,31.571865,572.03326,0.25,3.314531,24.132118,0.4,24.0,0.0,-0.0,-0.0,0.0,0.0,0.6098284,train
2024-07-16 14:12:00.002746580,38.2,31.584366,570.04877,0.25,3.3885732,24.204943,0.4,24.0,0.0,-0.0,-0.0,0.0,0.0,0.57918113,train
2024-07-16 14:17:00.011901854,38.283337,31.98864,561.43713,0.25,3.3561509,24.276674,0.4,24.0,0.0,-0.0,-0.0,0.0,0.0,0.5905292,train
2024-07-16 14:22:00.007324219,38.36667,32.040142,545.6462,0.25,3.101508,24.366785,0.4,24.0,0.0,-0.0,-0.0,0.0,0.0,0.58267653,train
2024-07-16 14:27:00.002746580,38.45,31.930965,545.4972,0.25,3.0497339,24.444986,0.4,24.0,-3.6000001,-0.4,0.0,0.4,120.0,0.5753523,train
2024-07-16 14:32:00.011901854,38.533337,32.016323,529.6515,0.25,3.3103719,24.60004,0.4,24.0,-9.0,-1.0,0.0,1.0,300.0,0.5471813,train
2024-07-16 14:37:00.007324219,38.61667,31.666662,513.46204,0.25,3.2357213,24.39982,0.4,24.0,-9.0,-1.0,0.0,1.0,300.0,0.5671541,train
2024-07-16 14:42:00.002746580,38.7,31.589233,519.8774,0.25,3.469323,24.302742,0.4,24.0,-9.0,-1.0,0.0,1.0,300.0,0.5946355,train
2024-07-16 14:47:00.011901854,38.783337,31.853802,486.17804,0.25,3.778113,24.353252,0.4,24.0,-9.0,-1.0,0.0,1.0,300.0,0.5502664,train
2024-07-16 14:52:00.007324219,38.86667,31.80841,452.82828,0.25,3.9781067,24.396683,0.4,24.0,-9.0,-1.0,0.0,1.0,300.0,0.5977976,train
2024-07-16 14:57:00.002746580,38.95,31.759827,435.37418,0.25,4.0820217,24.40726,0.4,24.0,-9.0,-1.0,0.0,1.0,300.0,0.56215763,train
2024-07-16 15:02:00.011901854,39.033337,32.48226,424.33163,0.25,3.971218,24.437857,0.4,24.0,-9.0,-1.0,0.0,1.0,300.0,0.53151983,train
2024-07-16 15:07:00.007324219,39.11667,32.75856,431.19122,0.25,3.5872478,24.397001,0.4,24.0,-9.0,-1.0,0.0,1.0,300.0,0.51537627,train
2024-07-16 15:12:00.002746580,39.2,33.14312,436.78598,0.25,3.4074395,24.283934,0.4,24.0,-9.0,-1.0,0.0,1.0,300.0,0.5182478,train
2024-07-16 15:17:00.011901854,39.283337,32.80562,434.6202,0.25,3.4464264,24.29655,0.4,24.0,-9.0,-1.0,0.0,1.0,300.0,0.46909258,train
2024-07-16 15:22:00.007324219,39.36667,32.7345,439.7026,0.25,3.5716217,24.31187,0.4,24.0,-9.0,-1.0,0.0,1.0,300.0,0.47049934,train
2024-07-16 15:27:00.002746580,39.45,32.822723,449.1962,0.25,3.6999366,24.23262,0.4,24.0,-9.0,-1.0,0.0,1.0,300.0,0.49459133,train
2024-07-16 15:32:00.011901854,39.533337,32.895653,449.5818,0.25,3.6097565,24.244171,0.4,24.0,-9.0,-1.0,0.0,1.0,300.0,0.56250083,train
2024-07-16 15:37:00.007324219,39.61667,32.61229,430.02246,0.25,3.2838247,24.089733,0.4,24.0,-9.0,-1.0,0.0,1.0,300.0,0.59114844,train
2024-07-16 15:42:00.002746580,39.7,32.295185,413.48788,0.25,3.2435868,24.328396,0.4,24.0,-9.0,-1.0,0.0,1.0,300.0,0.59827167,train
2024-07-16 15:47:00.011901854,39.783337,32.478447,417.86563,0.25,3.1914077,24.178188,0.4,24.0,-9.0,-1.0,0.0,1.0,300.0,0.55607027,train
2024-07-16 15:52:00.007324219,39.86667,32.490654,398.95422,0.25,3.100806,24.123817,0.4,24.0,-9.0,-1.0,0.0,1.0,300.0,0.56992507,train
2024-07-16 15:57:00.002746580,39.95,32.425735,387.60638,0.25,3.0940614,24.21788,0.4,24.0,-9.0,-1.0,0.0,1.0,300.0,0.5556016,train
2024-07-16 16:02:00.011901854,40.033337,32.268166,377.749,0.25,3.0602276,23.970524,0.4,24.0,-9.0,-1.0,0.0,1.0,300.0,0.62252223,train
2024-07-16 16:07:00.007324219,40.11667,32.373615,370.89084,0.25,2.7806115,24.042782,0.4,24.0,-9.0,-1.0,0.0,1.0,300.0,0.67045736,train
2024-07-16 16:12:00.002746580,40.2,32.185635,366.27936,0.25,2.7713678,23.983912,0.4,24.0,-9.0,-1.0,0.0,1.0,300.0,0.6764063,train
2024-07-16 16:17:00.011901854,40.283337,32.149525,361.43405,0.25,3.0912392,23.95122,0.4,24.0,-9.0,-1.0,0.0,1.0,300.0,0.7067658,train
2024-07-16 16:22:00.007324219,40.36667,32.439693,359.46075,0.25,3.1454396,23.8124,0.4,24.0,-9.0,-1.0,0.0,1.0,300.0,0.758596,train
2024-07-16 16:27:00.002746580,40.45,32.180614,356.69437,0.25,3.1271365,24.004665,0.4,24.0,-9.0,-1.0,0.0,1.0,300.0,0.78349715,train
2024-07-16 16:32:00.011901854,40.533337,32.628666,345.73434,0.25,2.963162,23.743664,0.4,24.0,-9.0,-1.0,0.0,1.0,300.0,0.82629836,train
2024-07-16 16:37:00.007324219,40.61667,32.35571,344.80338,0.25,2.585702,23.899065,0.4,24.0,-9.0,-1.0,0.0,1.0,300.0,0.8204681,train
2024-07-16 16:42:00.002746580,40.7,32.64513,333.66525,0.25,2.381673,23.798168,0.4,24.0,-9.0,-1.0,0.0,1.0,300.0,0.8499107,train
2024-07-16 16:47:00.011901854,40.783337,32.69178,314.18552,0.25,2.3860157,23.710464,0.4,24.0,-9.0,-1.0,0.0,1.0,300.0,0.8722025,train
2024-07-16 16:52:00.007324219,40.86667,32.851467,304.43607,0.25,2.0905964,23.68564,0.4,24.0,-9.0,-1.0,0.0,1.0,300.0,0.8817937,train
2024-07-16 16:57:00.002746580,40.95,32.920464,300.5614,0.25,1.9440899,23.901207,0.4,24.0,-9.0,-1.0,0.0,1.0,300.0,0.9029967,train
2024-07-16 17:02:00.011901854,41.033337,32.993076,291.61154,0.25,1.9418148,23.731762,0.4,24.0,-9.0,-1.0,0.0,1.0,300.0,0.971261,train
2024-07-16 17:07:00.007324219,41.11667,32.993927,277.83347,0.25,1.9995873,23.602571,0.4,24.0,-9.0,-1.0,0.0,1.0,300.0,1.0251276,train
2024-07-16 17:12:00.002746580,41.2,33.278477,264.1766,0.25,1.8622646,23.799494,0.4,24.0,-9.0,-1.0,0.0,1.0,300.0,1.0164057,train
2024-07-16 17:17:00.011901854,41.283337,33.58709,250.39452,0.25,1.5510522,23.64903,0.4,24.0,-9.0,-1.0,0.0,1.0,300.0,1.0486338,train
2024-07-16 17:22:00.007324219,41.36667,33.512787,231.4296,0.25,1.5098828,23.601349,0.4,24.0,-9.0,-1.0,0.0,1.0,300.0,1.0605538,train
2024-07-16 17:27:00.002746580,41.45,33.73153,216.64734,0.25,1.7643999,23.543167,0.4,24.0,-9.0,-1.0,0.0,1.0,300.0,1.1003164,train
2024-07-16 17:32:00.011901854,41.533337,33.802845,201.11827,0.25,1.8576233,23.518215,0.4,24.0,-9.0,-1.0,0.0,1.0,300.0,1.1765393,train
2024-07-16 17:37:00.007324219,41.61667,33.501053,195.99274,0.25,1.619409,23.480522,0.4,24.0,-9.0,-1.0,0.0,1.0,300.0,1.2171,train
2024-07-16 17:42:00.002746580,41.7,33.717525,174.9784,0.25,1.593861,23.63202,0.4,24.0,-3.6000001,-0.4,0.0,0.4,120.0,1.247929,train
2024-07-16 17:47:00.011901854,41.783337,33.799835,163.03082,0.25,1.2082393,23.503504,0.4,24.0,0.0,-0.0,-0.0,0.0,0.0,1.2832096,train
2024-07-16 17:52:00.007324219,41.86667,34.064083,159.58617,0.25,0.9008722,23.673803,0.4,24.0,0.0,-0.0,-0.0,0.0,0.0,1.305782,train
2024-07-16 17:57:00.002746580,41.95,33.90357,152.47005,0.25,0.8470058,23.67396,0.4,24.0,0.0,-0.0,-0.0,0.0,0.0,1.3045506,train
2024-07-16 18:02:00.011901854,42.033337,33.778927,144.57195,0.25,0.9345835,23.648651,0.4,24.0,0.0,-0.0,-0.0,0.0,0.0,1.3742794,train
2024-07-16 18:07:00.007324219,42.11667,33.538883,137.38435,0.25,1.2019265,23.74858,0.4,24.0,0.0,-0.0,-0.0,0.0,0.0,1.416688,train
2024-07-16 18:12:00.002746580,42.2,33.62522,129.03319,0.25,1.6011572,23.774212,0.4,24.0,0.0,-0.0,-0.0,0.0,0.0,1.4453987,train
2024-07-16 18:17:00.011901854,42.283337,33.86178,115.25525,0.25,1.6618423,23.966501,0.4,24.0,0.0,-0.0,-0.0,0.0,0.0,1.4158344,train
2024-07-16 18:22:00.007324219,42.36667,33.696896,108.97813,0.25,1.667993,23.95258,0.4,24.0,0.0,-0.0,-0.0,0.0,0.0,1.467446,train
2024-07-16 18:27:00.002746580,42.45,33.43338,99.53808,0.25,1.6521088,23.859196,0.4,24.0,0.0,-0.0,-0.0,0.0,0.0,1.4847136,train
2024-07-16 18:32:00.011901854,42.533337,33.246315,87.606155,0.25,1.609587,23.942957,0.4,24.0,0.0,-0.0,-0.0,0.0,0.0,1.4701589,train
2024-07-16 18:37:00.007324219,42.61667,33.15439,77.219666,0.25,1.5344678,23.990866,0.4,24.0,0.0,-0.0,-0.0,0.0,0.0,1.4537438,train
2024-07-16 18:42:00.002746580,42.7,33.11152,70.01391,0.25,1.593584,24.045279,0.4,24.0,0.0,-0.0,-0.0,0.0,0.0,1.4449061,train
2024-07-16 18:47:00.011901854,42.783337,32.950897,60.027737,0.25,1.6475333,24.065512,0.4,24.0,0.0,-0.0,-0.0,0.0,0.0,1.4416512,train
2024-07-16 18:52:00.007324219,42.86667,33.168232,51.129944,0.25,1.5877622,24.0751,0.4,24.0,0.0,-0.0,-0.0,0.0,0.0,1.39888,train
2024-07-16 18:57:00.002746580,42.95,33.245777,41.527073,0.25,1.7079295,24.20861,0.4,24.0,0.0,-0.0,-0.0,0.0,0.0,1.4224161,train
2024-07-16 19:02:00.011901854,43.033337,32.828793,32.452858,0.25,1.7461503,24.326174,0.4,24.0,0.0,-0.0,-0.0,0.0,0.0,1.4380096,train
2024-07-16 19:07:00.007324219,43.11667,32.75942,23.149427,0.25,2.0328953,24.30226,0.4,24.0,0.0,-0.0,-0.0,0.0,0.0,1.4371372,train
2024-07-16 19:12:00.002746580,43.2,32.546627,15.071782,0.25,2.1122634,24.351557,0.4,24.0,0.0,-0.0,-0.0,0.0,0.0,1.4415895,train
2024-07-16 19:17:00.011901854,43.283337,31.968552,6.966222,0.25,2.1424835,24.471115,0.4,24.0,0.0,-0.0,-0.0,0.0,0.0,1.4551004,train
2024-07-16 19:22:00.007324219,43.36667,31.416592,0.5089861,0.25,2.1480367,24.482672,0.4,24.0,-9.0,-1.0,0.0,1.0,300.0,1.4553429,train
2024-07-16 19:27:00.002746580,43.45,31.244347,0.0,0.25,2.0303988,24.366396,0.4,24.0,-9.0,-1.0,0.0,1.0,300.0,1.4453328,train
2024-07-16 19:32:00.011901854,43.533337,30.898651,0.0,0.25,1.8527138,24.401579,0.4,24.0,-9.0,-1.0,0.0,1.0,300.0,1.396459,train
2024-07-16 19:37:00.007324219,43.61667,30.679892,0.0,0.25,1.8094152,24.318754,0.4,24.0,-9.0,-1.0,0.0,1.0,300.0,1.3850424,train
2024-07-16 19:42:00.002746580,43.7,30.995993,0.0,0.25,2.1403816,24.22336,0.4,24.0,-9.0,-1.0,0.0,1.0,300.0,1.3959345,train
2024-07-16 19:47:00.011901854,43.783337,31.02041,0.0,0.25,2.083918,24.196089,0.4,24.0,-9.0,-1.0,0.0,1.0,300.0,1.4220712,train
2024-07-16 19:52:00.007324219,43.86667,30.903141,0.0,0.25,2.1640055,24.093977,0.4,24.0,-9.0,-1.0,0.0,1.0,300.0,1.4309567,train
2024-07-16 19:57:00.002746580,43.95,30.938341,0.0,0.25,2.0689864,24.1687,0.4,24.0,-9.0,-1.0,0.0,1.0,300.0,1.390162,train
2024-07-16 20:02:00.011901854,44.033337,30.842333,0.0,0.25,1.9731168,24.017624,0.4,24.0,-9.0,-1.0,0.0,1.0,300.0,1.3812897,train
2024-07-16 20:07:00.007324219,44.11667,30.623472,0.0,0.25,1.8934215,24.078339,0.4,24.0,-9.0,-1.0,0.0,1.0,300.0,1.3458774,train
2024-07-16 20:12:00.002746580,44.2,30.422083,0.0,0.25,1.7910471,23.772753,0.4,24.0,-9.0,-1.0,0.0,1.0,300.0,1.3216587,train
2024-07-16 20:17:00.011901854,44.283337,30.408895,0.0,0.25,1.868719,23.94545,0.4,24.0,-9.0,-1.0,0.0,1.0,300.0,1.3131593,train
2024-07-16 20:22:00.007324219,44.36667,30.136227,0.0,0.25,1.8310279,23.942665,0.4,24.0,-9.0,-1.0,0.0,1.0,300.0,1.3560011,train
2024-07-16 20:27:00.002746580,44.45,29.89844,0.0,0.25,1.9753422,23.811556,0.4,24.0,-9.0,-1.0,0.0,1.0,300.0,1.3388778,train
2024-07-16 20:32:00.011901854,44.533337,29.772985,0.0,0.25,2.2099411,23.744217,0.4,24.0,-9.0,-1.0,0.0,1.0,300.0,1.3620304,train
2024-07-16 20:37:00.007324219,44.61667,29.810953,0.0,0.25,2.347976,23.698452,0.4,24.0,-9.0,-1.0,0.0,1.0,300.0,1.3820311,train
2024-07-16 20:42:00.002746580,44.7,29.673393,0.0,0.25,2.6196673,23.780355,0.4,24.0,-9.0,-1.0,0.0,1.0,300.0,1.4362698,train
2024-07-16 20:47:00.011901854,44.783337,29.853487,0.0,0.25,2.585743,23.720903,0.4,24.0,-9.0,-1.0,0.0,1.0,300.0,1.4251732,train
2024-07-16 20:52:00.007324219,44.86667,29.506296,0.0,0.25,2.6327477,23.54016,0.4,24.0,-9.0,-1.0,0.0,1.0,300.0,1.3620445,train
2024-07-16 20:57:00.002746580,44.95,29.236979,0.0,0.25,2.3180442,23.596855,0.4,24.0,-3.6000001,-0.4,0.0,0.4,120.0,1.3057313,train
2024-07-16 21:02:00.011901854,45.033337,28.898579,0.0,0.25,2.5134976,23.598854,0.4,24.0,0.0,-0.0,-0.0,0.0,0.0,1.292303,train
2024-07-16 21:07:00.007324219,45.11667,28.828306,0.0,0.25,2.4456873,23.54735,0.4,24.0,0.0,-0.0,-0.0,0.0,0.0,1.2862743,train
2024-07-16 21:12:00.002746580,45.2,28.953869,0.0,0.25,2.4257908,23.558647,0.4,24.0,0.0,-0.0,-0.0,0.0,0.0,1.2747148,train
2024-07-16 21:17:00.011901854,45.283337,28.94103,0.0,0.25,2.2680874,23.64713,0.4,24.0,0.0,-0.0,-0.0,0.0,0.0,1.2168915,train
2024-07-16 21:22:00.007324219,45.36667,28.917366,0.0,0.25,2.3160646,23.653507,0.4,24.0,0.0,-0.0,-0.0,0.0,0.0,1.121735,train
2024-07-16 21:27:00.002746580,45.45,28.418133,0.0,0.25,2.3261182,23.787603,0.4,24.0,0.0,-0.0,-0.0,0.0,0.0,1.038731,train
2024-07-16 21:32:00.011901854,45.533337,28.352468,0.0,0.25,2.0797243,23.615803,0.4,24.0,0.0,-0.0,-0.0,0.0,0.0,1.0189018,train
2024-07-16 21:37:00.007324219,45.61667,28.133907,0.0,0.25,1.9190435,23.62548,0.4,24.0,0.0,-0.0,-0.0,0.0,0.0,0.99572724,train
2024-07-16 21:42:00.002746580,45.7,27.855484,0.0,0.25,2.2461421,23.703203,0.4,24.0,0.0,-0.0,-0.0,0.0,0.0,1.0212773,train
2024-07-16 21:47:00.011901854,45.783337,27.515104,0.0,0.25,2.1864944,23.676205,0.4,24.0,0.0,-0.0,-0.0,0.0,0.0,1.023968,train
2024-07-16 21:52:00.007324219,45.86667,27.25537,0.0,0.25,2.2951581,23.838158,0.4,24.0,0.0,-0.0,-0.0,0.0,0.0,0.98206675,train
2024-07-16 21:57:00.002746580,45.95,27.113295,0.0,0.25,2.451659,23.831455,0.4,24.0,0.0,-0.0,-0.0,0.0,0.0,0.89372635,train
2024-07-16 22:02:00.011901854,46.033337,27.055586,0.0,0.25,2.432941,23.738312,0.4,26.5,0.0,-0.0,-0.0,0.0,0.0,0.8333188,train
2024-07-16 22:07:00.007324219,46.11667,27.22783,0.0,0.25,2.3210144,23.828608,0.4,26.5,0.0,-0.0,-0.0,0.0,0.0,0.81410915,train
2024-07-16 22:12:00.002746580,46.2,27.376608,0.0,0.25,2.2080595,23.835451,0.4,26.5,0.0,-0.0,-0.0,0.0,0.0,0.7844586,train
2024-07-16 22:17:00.011901854,46.283337,27.23279,0.0,0.25,2.0241683,23.93818,0.4,26.5,0.0,-0.0,-0.0,0.0,0.0,0.7962172,train
2024-07-16 22:22:00.007324219,46.36667,27.346447,0.0,0.25,1.8757973,23.98217,0.4,26.5,0.0,-0.0,-0.0,0.0,0.0,0.8020817,train
2024-07-16 22:27:00.016479493,46.450005,27.281694,0.0,0.25,1.8895267,23.850788,0.4,26.5,0.0,-0.0,-0.0,0.0,0.0,0.793693,train
2024-07-16 22:32:00.011901854,46.533337,27.18207,0.0,0.25,1.7042655,23.847008,0.4,26.5,0.0,-0.0,-0.0,0.0,0.0,0.77768844,train
2024-07-16 22:37:00.007324219,46.61667,27.106762,0.0,0.25,1.5273004,23.917011,0.4,26.5,0.0,-0.0,-0.0,0.0,0.0,0.79030144,train
2024-07-16 22:42:00.016479493,46.700005,26.83812,0.0,0.25,1.0444217,23.9594,0.4,26.5,0.0,-0.0,-0.0,0.0,0.0,0.74583817,train
2024-07-16 22:47:00.011901854,46.783337,26.5822,0.0,0.25,0.88551086,23.930248,0.4,26.5,0.0,-0.0,-0.0,0.0,0.0,0.75039166,train
2024-07-16 22:52:00.007324219,46.86667,26.046965,0.0,0.25,0.9246797,24.005457,0.4,26.5,0.0,-0.0,-0.0,0.0,0.0,0.8200327,train
2024-07-16 22:57:00.016479493,46.950005,25.919334,0.0,0.25,0.7490051,23.915215,0.4,26.5,0.0,-0.0,-0.0,0.0,0.0,0.7705183,train
2024-07-16 23:02:00.011901854,47.033337,25.690744,0.0,0.25,0.8142156,23.974669,0.4,26.5,0.0,-0.0,-0.0,0.0,0.0,0.7465909,train
2024-07-16 23:07:00.007324219,47.11667,25.377766,0.0,0.25,0.84974307,23.825214,0.4,26.5,0.0,-0.0,-0.0,0.0,0.0,0.69211584,train
2024-07-16 23:12:00.016479493,47.200005,25.334213,0.0,0.25,0.9631435,23.904728,0.4,26.5,0.0,-0.0,-0.0,0.0,0.0,0.66745204,train
2024-07-16 23:17:00.011901854,47.283337,25.12037,0.0,0.25,0.9435229,24.078615,0.4,26.5,0.0,-0.0,-0.0,0.0,0.0,0.6318256,train
2024-07-16 23:22:00.007324219,47.36667,25.132082,0.0,0.25,0.9953626,24.046122,0.4,26.5,0.0,-0.0,-0.0,0.0,0.0,0.587748,train
2024-07-16 23:27:00.016479493,47.450005,24.95038,0.0,0.25,0.8369511,24.010931,0.4,26.5,0.0,-0.0,-0.0,0.0,0.0,0.56656027,train
2024-07-16 23:32:00.011901854,47.533337,25.081192,0.0,0.25,0.8429018,23.99883,0.4,26.5,0.0,-0.0,-0.0,0.0,0.0,0.5540766,train
2024-07-16 23:37:00.007324219,47.61667,25.41638,0.0,0.25,1.1310719,23.93549,0.4,26.5,0.0,-0.0,-0.0,0.0,0.0,0.55249417,train
2024-07-16 23:42:00.016479493,47.700005,25.479383,0.0,0.25,1.2533127,24.089657,0.4,26.5,0.0,-0.0,-0.0,0.0,0.0,0.5619033,train
2024-07-16 23:47:00.011901854,47.783337,25.592577,0.0,0.25,1.1898371,23.952133,0.4,26.5,0.0,-0.0,-0.0,0.0,0.0,0.5416488,train
2024-07-16 23:52:00.007324219,47.86667,25.590916,0.0,0.25,1.2126303,24.004177,0.4,26.5,0.0,-0.0,-0.0,0.0,0.0,0.5438856,train
2024-07-16 23:57:00.016479493,47.950005,25.625883,0.0,0.25,1.1913309,23.857876,0.4,26.5,0.0,-0.0,-0.0,0.0,0.0,0.5093252,train
2024-07-17 00:02:00.011901854,48.033337,25.627565,0.0,0.25,1.0100951,24.015648,0.4,26.5,0.0,-0.0,-0.0,0.0,0.0,0.47750145,train
2024-07-17 00:07:00.007324219,48.11667,25.341358,0.0,0.25,1.163227,24.044392,0.4,26.5,0.0,-0.0,-0.0,0.0,0.0,0.47747722,train
2024-07-17 00:12:00.016479493,48.200005,24.790722,0.0,0.25,1.284925,24.035755,0.4,26.5,0.0,-0.0,-0.0,0.0,0.0,0.45522267,train
2024-07-17 00:17:00.011901854,48.283337,24.775124,0.0,0.25,1.2517056,23.943853,0.4,26.5,0.0,-0.0,-0.0,0.0,0.0,0.45153466,train
2024-07-17 00:22:00.007324219,48.36667,24.815517,0.0,0.25,1.1615219,24.070978,0.4,26.5,0.0,-0.0,-0.0,0.0,0.0,0.4418641,train
2024-07-17 00:27:00.016479493,48.450005,24.558468,0.0,0.25,1.4594855,24.069355,0.4,26.5,0.0,-0.0,-0.0,0.0,0.0,0.4047427,train
2024-07-17 00:32:00.011901854,48.533337,24.744253,0.0,0.25,1.3430518,24.060867,0.4,26.5,0.0,-0.0,-0.0,0.0,0.0,0.34744912,train
2024-07-17 00:37:00.007324219,48.61667,24.525284,0.0,0.25,1.278016,23.870638,0.4,26.5,0.0,-0.0,-0.0,0.0,0.0,0.31572834,train
2024-07-17 00:42:00.016479493,48.700005,24.538013,0.0,0.25,1.3584408,24.004211,0.4,26.5,0.0,-0.0,-0.0,0.0,0.0,0.3524991,train
2024-07-17 00:47:00.011901854,48.783337,24.329401,0.0,0.25,1.66782,23.954704,0.4,26.5,0.0,-0.0,-0.0,0.0,0.0,0.38114065,train
2024-07-17 00:52:00.007324219,48.86667,23.873058,0.0,0.25,1.639923,23.895552,0.4,26.5,0.0,-0.0,-0.0,0.0,0.0,0.40110952,train
2024-07-17 00:57:00.016479493,48.950005,23.844166,0.0,0.25,1.5136656,23.904652,0.4,26.5,0.0,-0.0,-0.0,0.0,0.0,0.40919104,train
2024-07-17 01:02:00.011901854,49.033337,23.539835,0.0,0.25,1.818845,23.937464,0.4,26.5,0.0,-0.0,-0.0,0.0,0.0,0.41459236,train
2024-07-17 01:07:00.007324219,49.11667,23.351871,0.0,0.25,2.0396261,23.875032,0.4,26.5,0.0,-0.0,-0.0,0.0,0.0,0.45383868,train
2024-07-17 01:12:00.016479493,49.200005,23.26977,0.0,0.25,1.9549963,24.00093,0.4,26.5,0.0,-0.0,-0.0,0.0,0.0,0.4313363,train
2024-07-17 01:17:00.011901854,49.283337,23.263908,0.0,0.25,2.0641332,23.938358,0.4,26.5,0.0,-0.0,-0.0,0.0,0.0,0.4346486,train
2024-07-17 01:22:00.007324219,49.36667,23.052505,0.0,0.25,2.4517248,23.893936,0.4,26.5,0.0,-0.0,-0.0,0.0,0.0,0.44475895,train
2024-07-17 01:27:00.016479493,49.450005,22.94603,0.0,0.25,2.5896463,23.994026,0.4,26.5,0.0,-0.0,-0.0,0.0,0.0,0.43351516,train
2024-07-17 01:32:00.011901854,49.533337,22.587397,0.0,0.25,2.429403,23.767433,0.4,26.5,0.0,-0.0,-0.0,0.0,0.0,0.36458334,train
2024-07-17 01:37:00.007324219,49.61667,22.801165,0.0,0.25,2.319506,23.845694,0.4,26.5,0.0,-0.0,-0.0,0.0,0.0,0.3834851,train
2024-07-17 01:42:00.016479493,49.700005,22.784975,0.0,0.25,2.186914,23.875792,0.4,26.5,0.0,-0.0,-0.0,0.0,0.0,0.4321621,train
2024-07-17 01:47:00.011901854,49.783337,22.590965,0.0,0.25,2.0885417,24.076624,0.4,26.5,0.0,-0.0,-0.0,0.0,0.0,0.49733907,train
2024-07-17 01:52:00.007324219,49.86667,22.364582,0.0,0.25,2.1302128,23.819052,0.4,26.5,0.0,-0.0,-0.0,0.0,0.0,0.4821538,train
2024-07-17 01:57:00.016479493,49.950005,21.793024,0.0,0.25,2.1771915,23.926762,0.4,26.5,0.0,-0.0,-0.0,0.0,0.0,0.4403976,train
2024-07-17 02:02:00.011901854,50.033337,21.601902,0.0,0.25,2.2640324,23.93109,0.4,26.5,0.0,-0.0,-0.0,0.0,0.0,0.38719168,train
2024-07-17 02:07:00.007324219,50.11667,21.554447,0.0,0.25,2.3448422,23.931572,0.4,26.5,0.0,-0.0,-0.0,0.0,0.0,0.3748374,train
2024-07-17 02:12:00.016479493,50.200005,21.151142,0.0,0.25,2.272131,23.97954,0.4,26.5,0.0,-0.0,-0.0,0.0,0.0,0.393052,train
2024-07-17 02:17:00.011901854,50.283337,21.354065,0.0,0.25,2.6512249,23.91558,0.4,26.5,0.0,-0.0,-0.0,0.0,0.0,0.37136608,train
2024-07-17 02:22:00.007324219,50.36667,21.19303,0.0,0.25,2.6046126,23.895273,0.4,26.5,0.0,-0.0,-0.0,0.0,0.0,0.34746283,train
2024-07-17 02:27:00.016479493,50.450005,21.247646,0.0,0.25,2.4754283,23.936441,0.4,26.5,0.0,-0.0,-0.0,0.0,0.0,0.3337122,train
2024-07-17 02:32:00.011901854,50.533337,21.18725,0.0,0.25,2.3317268,23.912378,0.4,26.5,0.0,-0.0,-0.0,0.0,0.0,0.31392536,train
2024-07-17 02:37:00.007324219,50.61667,20.513256,0.0,0.25,2.2608182,23.867596,0.4,26.5,0.0,-0.0,-0.0,0.0,0.0,0.3404016,train
2024-07-17 02:42:00.016479493,50.700005,20.52694,0.0,0.25,2.28666,23.919619,0.4,26.5,0.0,-0.0,-0.0,0.0,0.0,0.4022119,train
2024-07-17 02:47:00.011901854,50.783337,20.24199,0.0,0.25,2.2609816,23.910673,0.4,26.5,0.0,-0.0,-0.0,0.0,0.0,0.37906536,train
2024-07-17 02:52:00.007324219,50.86667,20.204634,0.0,0.25,2.2055683,23.87965,0.4,26.5,0.0,-0.0,-0.0,0.0,0.0,0.35433412,train
2024-07-17 02:57:00.016479493,50.950005,20.382809,0.0,0.25,1.793341,23.732931,0.4,26.5,0.0,-0.0,-0.0,0.0,0.0,0.33658215,train
2024-07-17 03:02:00.011901854,51.033337,20.369005,0.0,0.25,1.8747803,23.699568,0.4,26.5,0.0,-0.0,-0.0,0.0,0.0,0.30739412,train
2024-07-17 03:07:00.007324219,51.11667,20.02167,0.0,0.25,1.9675146,23.800459,0.4,26.5,0.0,-0.0,-0.0,0.0,0.0,0.24377596,train
2024-07-17 03:12:00.030212402,51.20001,20.094547,0.0,0.25,2.1670003,23.756887,0.4,26.5,0.0,-0.0,-0.0,0.0,0.0,0.26207122,train
2024-07-17 03:17:00.011901854,51.283337,20.248075,0.0,0.25,2.3091767,23.902788,0.4,26.5,0.0,-0.0,-0.0,0.0,0.0,0.283007,train
2024-07-17 03:22:00.007324219,51.36667,20.25897,0.0,0.25,2.1364973,23.796286,0.4,26.5,0.0,-0.0,-0.0,0.0,0.0,0.2984462,train
2024-07-17 03:27:00.030212402,51.45001,20.184645,0.0,0.25,2.15923,23.778624,0.4,26.5,0.0,-0.0,-0.0,0.0,0.0,0.363077,train
2024-07-17 03:32:00.011901854,51.533337,19.968092,0.0,0.25,2.1534696,23.783045,0.4,26.5,0.0,-0.0,-0.0,0.0,0.0,0.39229143,train
2024-07-17 03:37:00.007324219,51.61667,20.012535,0.0,0.25,2.134226,23.733286,0.4,26.5,0.0,-0.0,-0.0,0.0,0.0,0.40661213,train
2024-07-17 03:42:00.030212402,51.70001,19.888378,0.0,0.25,2.2988756,23.72729,0.4,26.5,0.0,-0.0,-0.0,0.0,0.0,0.41002223,train
2024-07-17 03:47:00.011901854,51.783337,19.910543,0.0,0.25,2.5737138,23.753302,0.4,26.5,0.0,-0.0,-0.0,0.0,0.0,0.42708656,train
2024-07-17 03:52:00.007324219,51.86667,20.10919,0.0,0.25,2.5755193,23.657095,0.4,26.5,0.0,-0.0,-0.0,0.0,0.0,0.44892845,train
2024-07-17 03:57:00.030212402,51.95001,20.140732,0.0,0.25,2.4923062,23.758314,0.4,26.5,0.0,-0.0,-0.0,0.0,0.0,0.37674567,train
2024-07-17 04:02:00.011901854,52.033337,20.302397,0.0,0.25,2.5641723,23.630838,0.4,26.5,0.0,-0.0,-0.0,0.0,0.0,0.3368971,train
2024-07-17 04:07:00.007324219,52.11667,20.142593,0.0,0.25,2.5408905,23.767593,0.4,26.5,0.0,-0.0,-0.0,0.0,0.0,0.30759853,train
2024-07-17 04:12:00.030212402,52.20001,19.840206,0.0,0.25,2.3753345,23.56783,0.4,26.5,0.0,-0.0,-0.0,0.0,0.0,0.3243089,train
2024-07-17 04:17:00.011901854,52.283337,20.02258,0.0,0.25,2.2354176,23.647648,0.4,26.5,0.0,-0.0,-0.0,0.0,0.0,0.32643956,train
2024-07-17 04:22:00.007324219,52.36667,20.136665,0.0,0.25,2.373027,23.702972,0.4,26.5,0.0,-0.0,-0.0,0.0,0.0,0.29787204,train
2024-07-17 04:27:00.030212402,52.45001,20.228556,0.0,0.25,1.9705963,23.700033,0.4,26.5,0.0,-0.0,-0.0,0.0,0.0,0.30823424,train
2024-07-17 04:32:00.011901854,52.533337,19.988546,0.0,0.25,1.8254719,23.64884,0.4,26.5,0.0,-0.0,-0.0,0.0,0.0,0.375146,train
2024-07-17 04:37:00.007324219,52.61667,20.183107,0.0,0.25,1.6316999,23.536943,0.4,26.5,0.0,-0.0,-0.0,0.0,0.0,0.40664402,train
2024-07-17 04:42:00.030212402,52.70001,20.179169,5.0790606,0.25,1.5019041,23.63746,0.4,26.5,0.0,-0.0,-0.0,0.0,0.0,0.43744317,train
2024-07-17 04:47:00.011901854,52.783337,20.416653,13.878024,0.25,1.9290167,23.555202,0.4,26.5,0.0,-0.0,-0.0,0.0,0.0,0.47430536,train
2024-07-17 04:52:00.007324219,52.86667,20.37598,23.317932,0.25,2.141817,23.567778,0.4,26.5,0.0,-0.0,-0.0,0.0,0.0,0.45356408,train
2024-07-17 04:57:00.030212402,52.95001,20.419788,32.75642,0.25,2.4755998,23.569757,0.4,26.5,0.0,-0.0,-0.0,0.0,0.0,0.4787983,train
2024-07-17 05:02:00.011901854,53.033337,20.67375,43.972725,0.25,2.603527,23.650274,0.4,26.5,0.0,-0.0,-0.0,0.0,0.0,0.44525114,train
2024-07-17 05:07:00.007324219,53.11667,20.627249,54.247112,0.25,2.432135,23.623863,0.4,26.5,0.0,-0.0,-0.0,0.0,0.0,0.46729627,train
2024-07-17 05:12:00.030212402,53.20001,20.661705,62.666992,0.25,2.442393,23.663843,0.4,26.5,0.0,-0.0,-0.0,0.0,0.0,0.5075023,train
2024-07-17 05:17:00.011901854,53.283337,20.592613,71.82087,0.25,2.6323147,23.54427,0.4,26.5,0.0,-0.0,-0.0,0.0,0.0,0.50193805,train
2024-07-17 05:22:00.007324219,53.36667,20.718285,80.88119,0.25,2.9255197,23.625196,0.4,26.5,0.0,-0.0,-0.0,0.0,0.0,0.47960624,train
2024-07-17 05:27:00.030212402,53.45001,20.443424,90.50154,0.25,3.094432,23.642216,0.4,26.5,0.0,-0.0,-0.0,0.0,0.0,0.47197342,train
2024-07-17 05:32:00.011901854,53.533337,20.479343,101.40163,0.25,3.049007,23.563389,0.4,26.5,0.0,-0.0,-0.0,0.0,0.0,0.46864948,train
2024-07-17 05:37:00.007324219,53.61667,20.18112,112.911766,0.25,2.6280496,23.634846,0.4,26.5,0.0,-0.0,-0.0,0.0,0.0,0.5009391,train
2024-07-17 05:42:00.030212402,53.70001,20.097933,116.68146,0.25,2.6710374,23.520422,0.4,26.5,0.0,-0.0,-0.0,0.0,0.0,0.50292975,train
2024-07-17 05:47:00.011901854,53.783337,20.32955,124.790886,0.25,2.4432805,23.672493,0.4,26.5,0.0,-0.0,-0.0,0.0,0.0,0.4881304,train
2024-07-17 05:52:00.007324219,53.86667,21.016253,134.68848,0.25,2.253686,23.664751,0.4,26.5,0.0,-0.0,-0.0,0.0,0.0,0.4754345,train
2024-07-17 05:57:00.030212402,53.95001,21.236162,133.87126,0.25,2.2404277,23.552708,0.4,26.5,0.0,-0.0,-0.0,0.0,0.0,0.52406824,train
2024-07-17 06:02:00.011901854,54.033337,21.352741,142.21368,0.25,2.5122821,23.625782,0.4,26.5,0.0,-0.0,-0.0,0.0,0.0,0.5234507,train
2024-07-17 06:07:00.007324219,54.11667,21.644737,154.6378,0.25,2.5474298,23.716757,0.4,26.5,0.0,-0.0,-0.0,0.0,0.0,0.5784211,train
2024-07-17 06:12:00.030212402,54.20001,21.427078,162.70903,0.25,2.7761555,23.663298,0.4,26.5,0.0,-0.0,-0.0,0.0,0.0,0.5953911,train
2024-07-17 06:17:00.011901854,54.283337,21.208797,167.4277,0.25,2.9900606,23.692717,0.4,26.5,0.0,-0.0,-0.0,0.0,0.0,0.5773857,train
2024-07-17 06:22:00.007324219,54.36667,21.234755,172.55357,0.25,2.9075222,23.733402,0.4,26.5,0.0,-0.0,-0.0,0.0,0.0,0.5281474,train
2024-07-17 06:27:00.030212402,54.45001,21.402212,168.084,0.25,3.0406332,23.776096,0.4,26.5,0.0,-0.0,-0.0,0.0,0.0,0.5333546,train
2024-07-17 06:32:00.011901854,54.533337,21.862204,171.1205,0.25,2.9385533,23.837574,0.4,26.5,0.0,-0.0,-0.0,0.0,0.0,0.54635817,train
2024-07-17 06:37:00.007324219,54.61667,21.52841,188.42293,0.25,2.5659444,23.674591,0.4,26.5,0.0,-0.0,-0.0,0.0,0.0,0.56701565,train
2024-07-17 06:42:00.030212402,54.70001,21.697506,197.58003,0.25,2.4316437,23.714985,0.4,26.5,0.0,-0.0,-0.0,0.0,0.0,0.62603253,train
2024-07-17 06:47:00.011901854,54.783337,21.962498,205.87553,0.25,2.7750065,23.66344,0.4,26.5,0.0,-0.0,-0.0,0.0,0.0,0.69189936,train
2024-07-17 06:52:00.007324219,54.86667,21.766527,210.24467,0.25,2.4946735,23.793314,0.4,26.5,0.0,-0.0,-0.0,0.0,0.0,0.75309473,train
2024-07-17 06:57:00.030212402,54.95001,21.518847,218.0658,0.25,2.2403924,23.600622,0.4,26.5,0.0,-0.0,-0.0,0.0,0.0,0.77174824,train
2024-07-17 07:02:00.011901854,55.033337,21.450602,215.32022,0.25,2.1156347,23.51132,0.4,24.0,0.0,-0.0,-0.0,0.0,0.0,0.77654,train
2024-07-17 07:07:00.007324219,55.11667,21.74725,220.21484,0.25,1.7982006,23.787954,0.4,24.0,0.0,-0.0,-0.0,0.0,0.0,0.7461646,train
2024-07-17 07:12:00.030212402,55.20001,21.611391,222.55269,0.25,1.7119312,23.757355,0.4,24.0,0.0,-0.0,-0.0,0.0,0.0,0.76723444,train
2024-07-17 07:17:00.011901854,55.283337,21.45644,214.94182,0.25,1.5239767,23.756922,0.4,24.0,0.0,-0.0,-0.0,0.0,0.0,0.7900221,train
2024-07-17 07:22:00.007324219,55.36667,21.500841,215.19499,0.25,1.2775619,23.69065,0.4,24.0,0.0,-0.0,-0.0,0.0,0.0,0.81578016,train
2024-07-17 07:27:00.030212402,55.45001,21.139933,225.46,0.25,0.97822183,23.718742,0.4,24.0,0.0,-0.0,-0.0,0.0,0.0,0.82352906,train
2024-07-17 07:32:00.011901854,55.533337,21.305643,232.9954,0.25,0.9543665,23.797106,0.4,24.0,0.0,-0.0,-0.0,0.0,0.0,0.7974218,train
2024-07-17 07:37:00.007324219,55.61667,21.255995,246.32085,0.25,1.0396279,23.766865,0.4,24.0,0.0,-0.0,-0.0,0.0,0.0,0.7844138,train
2024-07-17 07:42:00.030212402,55.70001,21.369253,253.52844,0.25,0.99260885,23.811148,0.4,24.0,0.0,-0.0,-0.0,0.0,0.0,0.80011654,train
2024-07-17 07:47:00.011901854,55.783337,21.406048,264.79788,0.25,0.90060586,23.826836,0.4,24.0,0.0,-0.0,-0.0,0.0,0.0,0.823022,train
2024-07-17 07:52:00.007324219,55.86667,21.054586,288.86954,0.25,0.7522764,23.695791,0.4,24.0,0.0,-0.0,-0.0,0.0,0.0,0.7951412,train
2024-07-17 07:57:00.030212402,55.95001,21.406336,293.1052,0.25,0.94512093,23.826288,0.4,24.0,0.0,-0.0,-0.0,0.0,0.0,0.78617615,train
2024-07-17 08:02:00.011901854,56.033337,21.495106,296.3517,0.25,0.994948,23.873747,0.4,24.0,0.0,-0.0,-0.0,0.0,0.0,0.822668,train
2024-07-17 08:07:00.007324219,56.11667,21.623505,316.91064,0.25,0.9951749,23.915632,0.4,24.0,0.0,-0.0,-0.0,0.0,0.0,0.80371857,train
2024-07-17 08:12:00.030212402,56.20001,21.663338,326.13303,0.25,1.1230885,24.099237,0.4,24.0,0.0,-0.0,-0.0,0.0,0.0,0.7808577,train
2024-07-17 08:17:00.011901854,56.283337,21.244831,348.89474,0.25,0.9109263,24.03252,0.4,24.0,0.0,-0.0,-0.0,0.0,0.0,0.8099232,train
2024-07-17 08:22:00.007324219,56.36667,21.199644,352.02832,0.25,0.99677986,23.892649,0.4,24.0,0.0,-0.0,-0.0,0.0,0.0,0.83270997,train
2024-07-17 08:27:00.030212402,56.45001,21.234306,350.0094,0.25,1.0063006,23.928326,0.4,24.0,0.0,-0.0,-0.0,0.0,0.0,0.8347377,train
2024-07-17 08:32:00.011901854,56.533337,21.154242,343.13947,0.25,1.1612481,23.9667,0.4,24.0,0.0,-0.0,-0.0,0.0,0.0,0.7942254,train
2024-07-17 08:37:00.007324219,56.61667,21.599283,352.49515,0.25,0.66432184,24.059795,0.4,24.0,0.0,-0.0,-0.0,0.0,0.0,0.7638902,train
2024-07-17 08:42:00.030212402,56.70001,21.924246,355.21762,0.25,0.630048,24.037205,0.4,24.0,0.0,-0.0,-0.0,0.0,0.0,0.725027,train
2024-07-17 08:47:00.011901854,56.783337,21.64992,351.229,0.25,0.5591655,24.18746,0.4,24.0,0.0,-0.0,-0.0,0.0,0.0,0.73882705,train
2024-07-17 08:52:00.007324219,56.86667,21.669725,358.82724,0.25,0.80554974,24.17958,0.4,24.0,0.0,-0.0,-0.0,0.0,0.0,0.7315372,train
2024-07-17 08:57:00.030212402,56.95001,21.560537,358.08,0.25,0.9352152,24.264496,0.4,24.0,0.0,-0.0,-0.0,0.0,0.0,0.73635006,train
2024-07-17 09:02:00.011901854,57.033337,21.517557,365.2646,0.25,0.5807801,24.287512,0.4,24.0,0.0,-0.0,-0.0,0.0,0.0,0.7313466,train
2024-07-17 09:07:00.007324219,57.11667,21.895226,364.67368,0.25,0.73332703,24.34508,0.4,24.0,0.0,-0.0,-0.0,0.0,0.0,0.7342329,train
2024-07-17 09:12:00.030212402,57.20001,21.898333,374.9676,0.25,0.8371491,24.117577,0.4,24.0,0.0,-0.0,-0.0,0.0,0.0,0.72697705,train
2024-07-17 09:17:00.011901854,57.283337,22.169758,374.59802,0.25,0.6976137,24.256285,0.4,24.0,0.0,-0.0,-0.0,0.0,0.0,0.6886741,train
2024-07-17 09:22:00.007324219,57.36667,22.377758,394.67667,0.25,0.44437772,24.348795,0.4,24.0,0.0,-0.0,-0.0,0.0,0.0,0.7032194,train
2024-07-17 09:27:00.030212402,57.45001,22.551527,385.7277,0.25,0.3,24.456347,0.4,24.0,0.0,-0.0,-0.0,0.0,0.0,0.7079055,train
2024-07-17 09:32:00.011901854,57.533337,22.486206,392.86148,0.25,0.3,24.287569,0.4,24.0,0.0,-0.0,-0.0,0.0,0.0,0.6774219,train
2024-07-17 09:37:00.007324219,57.61667,23.08829,395.25854,0.25,0.3,24.452244,0.4,24.0,0.0,-0.0,-0.0,0.0,0.0,0.6582063,train
2024-07-17 09:42:00.030212402,57.70001,23.53936,376.03268,0.25,0.3,24.409033,0.4,24.0,0.0,-0.0,-0.0,0.0,0.0,0.6209689,train
2024-07-17 09:47:00.011901854,57.783337,23.530516,378.72534,0.25,0.3,24.379534,0.4,24.0,-3.6000001,-0.4,0.0,0.4,120.0,0.56751025,train
2024-07-17 09:52:00.007324219,57.86667,23.722824,365.21225,0.25,0.3,24.53726,0.4,24.0,-9.0,-1.0,0.0,1.0,300.0,0.5772287,train
2024-07-17 09:57:00.030212402,57.95001,24.151728,375.66812,0.25,0.3,24.40147,0.4,24.0,-9.0,-1.0,0.0,1.0,300.0,0.5759145,train
2024-07-17 10:02:00.011901854,58.033337,24.315407,377.71786,0.25,0.3,24.214432,0.4,24.0,-9.0,-1.0,0.0,1.0,300.0,0.58593637,train
2024-07-17 10:07:00.007324219,58.11667,24.472279,384.04977,0.25,0.3,24.229067,0.4,24.0,-9.0,-1.0,0.0,1.0,300.0,0.5851633,train
2024-07-17 10:12:00.030212402,58.20001,24.420525,414.40573,0.25,0.3,24.313435,0.4,24.0,-9.0,-1.0,0.0,1.0,300.0,0.60337925,train
2024-07-17 10:17:00.011901854,58.283337,24.594603,433.36057,0.25,0.3,24.286367,0.4,24.0,-9.0,-1.0,0.0,1.0,300.0,0.62592,train
2024-07-17 10:22:00.007324219,58.36667,24.590508,436.89664,0.25,0.3,24.03863,0.4,24.0,-9.0,-1.0,0.0,1.0,300.0,0.5784503,train
2024-07-17 10:27:00.030212402,58.45001,24.659174,435.70273,0.25,0.3,24.048779,0.4,24.0,-9.0,-1.0,0.0,1.0,300.0,0.5848855,train
2024-07-17 10:32:00.011901854,58.533337,24.937807,433.2949,0.25,0.3,24.04282,0.4,24.0,-9.0,-1.0,0.0,1.0,300.0,0.5355807,train
2024-07-17 10:37:00.007324219,58.61667,24.657747,431.70416,0.25,0.3,23.94056,0.4,24.0,-9.0,-1.0,0.0,1.0,300.0,0.51864547,train
2024-07-17 10:42:00.030212402,58.70001,24.90117,456.20566,0.25,0.3,23.85077,0.4,24.0,-9.0,-1.0,0.0,1.0,300.0,0.48512992,train
2024-07-17 10:47:00.011901854,58.783337,25.175486,449.3658,0.25,0.3,23.782282,0.4,24.0,-9.0,-1.0,0.0,1.0,300.0,0.45482707,train
2024-07-17 10:52:00.007324219,58.86667,25.270275,461.4667,0.25,0.3,23.699675,0.4,24.0,-9.0,-1.0,0.0,1.0,300.0,0.46215278,train
2024-07-17 10:57:00.030212402,58.95001,25.384563,473.96442,0.25,0.3,23.70394,0.4,24.0,-9.0,-1.0,0.0,1.0,300.0,0.48396063,train
2024-07-17 11:02:00.011901854,59.033337,25.409765,494.68765,0.25,0.3,23.722458,0.4,24.0,-9.0,-1.0,0.0,1.0,300.0,0.58442897,train
2024-07-17 11:07:00.007324219,59.11667,25.959185,498.29922,0.25,0.3,23.75465,0.4,24.0,-9.0,-1.0,0.0,1.0,300.0,0.5779175,train
2024-07-17 11:12:00.030212402,59.20001,25.997314,512.15924,0.25,0.3,23.503506,0.4,24.0,-9.0,-1.0,0.0,1.0,300.0,0.5229355,train
2024-07-17 11:17:00.011901854,59.283337,25.45527,492.82346,0.25,0.3,23.57934,0.4,24.0,-9.0,-1.0,0.0,1.0,300.0,0.48794976,train
2024-07-17 11:22:00.007324219,59.36667,25.646955,494.13223,0.25,0.3,23.59748,0.4,24.0,-9.0,-1.0,0.0,1.0,300.0,0.45536637,train
2024-07-17 11:27:00.030212402,59.45001,26.028854,509.98752,0.25,0.3,23.517925,0.4,24.0,-3.6000001,-0.4,0.0,0.4,120.0,0.45694944,train
2024-07-17 11:32:00.011901854,59.533337,26.296204,497.9269,0.25,0.3,23.70046,0.4,24.0,0.0,-0.0,-0.0,0.0,0.0,0.43243787,train
2024-07-17 11:37:00.007324219,59.61667,26.041159,516.3926,0.25,0.3,23.640207,0.4,24.0,0.0,-0.0,-0.0,0.0,0.0,0.41556817,train
2024-07-17 11:42:00.030212402,59.70001,26.099894,528.04974,0.25,0.3,23.58382,0.4,24.0,0.0,-0.0,-0.0,0.0,0.0,0.3858533,train
2024-07-17 11:47:00.011901854,59.783337,26.065025,516.62665,0.25,0.3,23.653809,0.4,24.0,0.0,-0.0,-0.0,0.0,0.0,0.38955358,train
2024-07-17 11:52:00.007324219,59.86667,26.246046,506.9541,0.25,0.3,23.70325,0.4,24.0,0.0,-0.0,-0.0,0.0,0.0,0.37693065,train
2024-07-17 11:57:00.030212402,59.95001,26.093443,491.76633,0.25,0.3,23.604889,0.4,24.0,0.0,-0.0,-0.0,0.0,0.0,0.38416803,train
2024-07-17 12:02:00.011901854,60.033337,26.354162,500.92456,0.25,0.3,23.652493,0.4,24.0,0.0,-0.0,-0.0,0.0,0.0,0.38583365,train
2024-07-17 12:07:00.007324219,60.11667,26.152704,459.46442,0.25,0.3,23.897032,0.4,24.0,0.0,-0.0,-0.0,0.0,0.0,0.4069786,train
2024-07-17 12:12:00.030212402,60.20001,26.072004,460.20367,0.25,0.3,24.020912,0.4,24.0,0.0,-0.0,-0.0,0.0,0.0,0.3781129,train
2024-07-17 12:17:00.011901854,60.283337,26.125313,472.86465,0.25,0.3,23.949804,0.4,24.0,0.0,-0.0,-0.0,0.0,0.0,0.36067358,train
2024-07-17 12:22:00.007324219,60.36667,26.28728,446.5961,0.25,0.3,23.862413,0.4,24.0,0.0,-0.0,-0.0,0.0,0.0,0.37461388,train
2024-07-17 12:27:00.030212402,60.45001,26.388924,424.1096,0.25,0.3,24.096739,0.4,24.0,0.0,-0.0,-0.0,0.0,0.0,0.39239666,train
2024-07-17 12:32:00.011901854,60.533337,26.762545,424.8956,0.25,0.3,24.078335,0.4,24.0,0.0,-0.0,-0.0,0.0,0.0,0.43313637,train
2024-07-17 12:37:00.007324219,60.61667,26.388344,439.17624,0.25,0.3,24.23941,0.4,24.0,0.0,-0.0,-0.0,0.0,0.0,0.44792444,train
2024-07-17 12:42:00.030212402,60.70001,26.427387,441.7106,0.25,0.3,24.159367,0.4,24.0,0.0,-0.0,-0.0,0.0,0.0,0.43669483,train
2024-07-17 12:47:00.011901854,60.783337,26.875439,424.8085,0.25,0.3,24.174469,0.4,24.0,0.0,-0.0,-0.0,0.0,0.0,0.46429285,train
2024-07-17 12:52:00.007324219,60.86667,27.104597,426.62378,0.25,0.3,24.13821,0.4,24.0,0.0,-0.0,-0.0,0.0,0.0,0.43157944,train
2024-07-17 12:57:00.030212402,60.95001,27.218632,441.56607,0.25,0.3,24.299074,0.4,24.0,0.0,-0.0,-0.0,0.0,0.0,0.430433,train
2024-07-17 13:02:00.011901854,61.033337,27.229187,440.06418,0.25,0.3,24.328497,0.4,24.0,0.0,-0.0,-0.0,0.0,0.0,0.41030446,train
2024-07-17 13:07:00.007324219,61.11667,27.080313,454.61636,0.25,0.3,24.522797,0.4,24.0,0.0,-0.0,-0.0,0.0,0.0,0.39010027,train
2024-07-17 13:12:00.030212402,61.20001,27.1388,453.448,0.25,0.3,24.292137,0.4,24.0,0.0,-0.0,-0.0,0.0,0.0,0.3839903,train
2024-07-17 13:17:00.011901854,61.283337,27.374239,468.12964,0.25,0.3,24.50197,0.4,24.0,-3.6000001,-0.4,0.0,0.4,120.0,0.3842016,train
2024-07-17 13:22:00.007324219,61.36667,27.433794,494.98544,0.25,0.3,24.466507,0.4,24.0,-9.0,-1.0,0.0,1.0,300.0,0.37499332,train
2024-07-17 13:27:00.030212402,61.45001,27.498135,481.49176,0.25,0.3,24.400202,0.4,24.0,-9.0,-1.0,0.0,1.0,300.0,0.363411,train
2024-07-17 13:32:00.011901854,61.533337,27.161028,494.30917,0.25,0.31962967,24.352945,0.4,24.0,-9.0,-1.0,0.0,1.0,300.0,0.42727032,train
2024-07-17 13:37:00.007324219,61.61667,27.088062,504.04834,0.25,0.32643428,24.284916,0.4,24.0,-9.0,-1.0,0.0,1.0,300.0,0.4571258,train
2024-07-17 13:42:00.030212402,61.70001,27.022383,493.76035,0.25,0.40816694,24.389326,0.4,24.0,-9.0,-1.0,0.0,1.0,300.0,0.45385996,train
2024-07-17 13:47:00.011901854,61.783337,26.862495,496.7166,0.25,0.6191169,24.262716,0.4,24.0,-9.0,-1.0,0.0,1.0,300.0,0.5273752,train
2024-07-17 13:52:00.007324219,61.86667,26.516981,508.96417,0.25,0.78128004,24.244293,0.4,24.0,-9.0,-1.0,0.0,1.0,300.0,0.5515295,train
2024-07-17 13:57:00.030212402,61.95001,26.436153,505.93506,0.25,1.0622317,24.13502,0.4,24.0,-9.0,-1.0,0.0,1.0,300.0,0.5159263,train
2024-07-17 14:02:00.011901854,62.033337,26.579557,484.21133,0.25,1.0134897,24.172775,0.4,24.0,-9.0,-1.0,0.0,1.0,300.0,0.47378594,train
2024-07-17 14:07:00.007324219,62.11667,26.874413,462.74887,0.25,0.9351043,24.134909,0.4,24.0,-9.0,-1.0,0.0,1.0,300.0,0.43471894,train
2024-07-17 14:12:00.030212402,62.20001,26.996561,430.76056,0.25,1.0451548,23.923645,0.4,24.0,-9.0,-1.0,0.0,1.0,300.0,0.47975644,train
2024-07-17 14:17:00.011901854,62.283337,27.005865,409.32492,0.25,1.0431173,24.015844,0.4,24.0,-9.0,-1.0,0.0,1.0,300.0,0.4317761,train
2024-07-17 14:22:00.007324219,62.36667,26.72172,392.83084,0.25,0.6383411,24.013805,0.4,24.0,-9.0,-1.0,0.0,1.0,300.0,0.46218234,train
2024-07-17 14:27:00.030212402,62.45001,26.974436,376.35648,0.25,0.5378434,23.96908,0.4,24.0,-9.0,-1.0,0.0,1.0,300.0,0.48827934,train
2024-07-17 14:32:00.011901854,62.533337,26.893316,371.2131,0.25,0.68375057,23.966347,0.4,24.0,-9.0,-1.0,0.0,1.0,300.0,0.4870884,train
2024-07-17 14:37:00.007324219,62.61667,26.861668,368.88852,0.25,0.7340259,23.94553,0.4,24.0,-9.0,-1.0,0.0,1.0,300.0,0.55259895,train
2024-07-17 14:42:00.030212402,62.70001,27.021997,368.53745,0.25,0.8030643,23.741768,0.4,24.0,-9.0,-1.0,0.0,1.0,300.0,0.6020774,train
2024-07-17 14:47:00.011901854,62.783337,27.112211,387.3332,0.25,0.8508381,23.733047,0.4,24.0,-9.0,-1.0,0.0,1.0,300.0,0.59226197,train
2024-07-17 14:52:00.007324219,62.86667,27.24317,382.37775,0.25,1.0479668,23.657808,0.4,24.0,-9.0,-1.0,0.0,1.0,300.0,0.66459817,train
2024-07-17 14:57:00.030212402,62.95001,27.587692,365.97885,0.25,0.8771264,23.620285,0.4,24.0,-9.0,-1.0,0.0,1.0,300.0,0.6629286,train
2024-07-17 15:02:00.011901854,63.033337,27.30627,336.6753,0.25,0.58029497,23.675497,0.4,24.0,-9.0,-1.0,0.0,1.0,300.0,0.70423263,train
2024-07-17 15:07:00.007324219,63.11667,27.636967,331.75842,0.25,0.4818698,23.572905,0.4,24.0,-9.0,-1.0,0.0,1.0,300.0,0.68597645,train
2024-07-17 15:12:00.030212402,63.20001,28.098738,337.11386,0.25,0.60879946,23.742666,0.4,24.0,-9.0,-1.0,0.0,1.0,300.0,0.651397,train
2024-07-17 15:17:00.011901854,63.283337,28.10473,331.8529,0.25,0.47214624,23.616636,0.4,24.0,-9.0,-1.0,0.0,1.0,300.0,0.6697666,train
2024-07-17 15:22:00.007324219,63.36667,28.230309,332.71558,0.25,0.40048274,23.661922,0.4,24.0,-5.4,-0.6,0.0,0.6,180.0,0.6781349,train
2024-07-17 15:27:00.030212402,63.45001,28.289371,329.24237,0.25,0.33656722,23.624825,0.4,24.0,0.0,-0.0,-0.0,0.0,0.0,0.7891123,train
2024-07-17 15:32:00.011901854,63.533337,28.281967,328.79074,0.25,0.30512854,23.542929,0.4,24.0,0.0,-0.0,-0.0,0.0,0.0,0.84674436,train
2024-07-17 15:37:00.007324219,63.61667,28.684212,328.63306,0.25,0.3052774,23.692017,0.4,24.0,0.0,-0.0,-0.0,0.0,0.0,0.85666436,train
2024-07-17 15:42:00.030212402,63.70001,28.697552,314.0805,0.25,0.32554853,23.65144,0.4,24.0,0.0,-0.0,-0.0,0.0,0.0,0.87829953,train
2024-07-17 15:47:00.011901854,63.783337,28.973581,303.29684,0.25,0.370579,23.759453,0.4,24.0,0.0,-0.0,-0.0,0.0,0.0,0.93749183,train
2024-07-17 15:52:00.007324219,63.86667,28.96923,318.9317,0.25,0.5738942,23.693607,0.4,24.0,0.0,-0.0,-0.0,0.0,0.0,0.9550109,train
2024-07-17 15:57:00.030212402,63.95001,28.825193,307.26416,0.25,0.7212822,23.860287,0.4,24.0,0.0,-0.0,-0.0,0.0,0.0,0.9189858,train
2024-07-17 16:02:00.025634767,64.03334,29.067303,295.96594,0.25,1.0151377,23.840048,0.4,24.0,0.0,-0.0,-0.0,0.0,0.0,0.98247397,train
2024-07-17 16:07:00.007324219,64.11667,28.766531,293.23935,0.25,1.0087508,23.875372,0.4,24.0,0.0,-0.0,-0.0,0.0,0.0,0.99664307,train
2024-07-17 16:12:00.016479493,64.200005,28.82914,288.8909,0.25,0.9188735,24.052956,0.4,24.0,0.0,-0.0,-0.0,0.0,0.0,1.0012686,train
2024-07-17 16:17:00.025634767,64.28334,28.790106,286.84116,0.25,1.1030413,23.968931,0.4,24.0,0.0,-0.0,-0.0,0.0,0.0,1.0073162,train
2024-07-17 16:22:00.007324219,64.36667,29.268644,292.15067,0.25,1.111678,24.051987,0.4,24.0,0.0,-0.0,-0.0,0.0,0.0,1.0813818,train
2024-07-17 16:27:00.016479493,64.450005,29.284817,291.95804,0.25,1.0762094,24.11404,0.4,24.0,0.0,-0.0,-0.0,0.0,0.0,1.1178118,train
2024-07-17 16:32:00.025634767,64.53334,29.197527,293.44336,0.25,0.84223,24.12134,0.4,24.0,0.0,-0.0,-0.0,0.0,0.0,1.1068182,train
2024-07-17 16:37:00.007324219,64.61667,29.181726,300.08994,0.25,0.7185012,24.169952,0.4,24.0,0.0,-0.0,-0.0,0.0,0.0,1.029607,train
2024-07-17 16:42:00.016479493,64.700005,28.945454,289.61148,0.25,0.8216159,24.345448,0.4,24.0,0.0,-0.0,-0.0,0.0,0.0,1.0570291,train
2024-07-17 16:47:00.025634767,64.78334,29.057411,284.78564,0.25,0.6765658,24.326855,0.4,24.0,0.0,-0.0,-0.0,0.0,0.0,1.0811743,train
2024-07-17 16:52:00.007324219,64.86667,29.145544,280.75388,0.25,0.6745162,24.413277,0.4,24.0,0.0,-0.0,-0.0,0.0,0.0,1.1514473,train
2024-07-17 16:57:00.016479493,64.950005,29.247347,276.14633,0.25,0.83942187,24.44461,0.4,24.0,0.0,-0.0,-0.0,0.0,0.0,1.2083429,train
2024-07-17 17:02:00.025634767,65.03334,29.547646,274.3715,0.25,1.2724032,24.37983,0.4,24.0,0.0,-0.0,-0.0,0.0,0.0,1.2259821,train
2024-07-17 17:07:00.007324219,65.11667,29.17212,269.8108,0.25,1.3082203,24.411125,0.4,24.0,-9.0,-1.0,0.0,1.0,300.0,1.259999,train
2024-07-17 17:12:00.016479493,65.200005,29.50202,262.48105,0.25,1.2998527,24.427153,0.4,24.0,-9.0,-1.0,0.0,1.0,300.0,1.3149251,train
2024-07-17 17:17:00.025634767,65.28334,29.373278,248.89427,0.25,1.0702324,24.310265,0.4,24.0,-9.0,-1.0,0.0,1.0,300.0,1.2976158,train
2024-07-17 17:22:00.007324219,65.36667,29.243979,238.15068,0.25,0.9604538,24.232447,0.4,24.0,-9.0,-1.0,0.0,1.0,300.0,1.3191603,train
2024-07-17 17:27:00.016479493,65.450005,29.134842,237.48851,0.25,0.81075746,24.362753,0.4,24.0,-9.0,-1.0,0.0,1.0,300.0,1.2989395,train
2024-07-17 17:32:00.025634767,65.53334,29.061354,234.92418,0.25,0.8175301,24.175947,0.4,24.0,-9.0,-1.0,0.0,1.0,300.0,1.2755232,train
2024-07-17 17:37:00.007324219,65.61667,29.043705,228.36055,0.25,0.69518423,24.22102,0.4,24.0,-9.0,-1.0,0.0,1.0,300.0,1.3057598,train
2024-07-17 17:42:00.016479493,65.700005,28.580536,213.13023,0.25,1.0280812,24.080524,0.4,24.0,-9.0,-1.0,0.0,1.0,300.0,1.3701037,train
2024-07-17 17:47:00.025634767,65.78334,28.013834,193.16837,0.25,0.949337,24.098145,0.4,24.0,-9.0,-1.0,0.0,1.0,300.0,1.4297326,train
2024-07-17 17:52:00.007324219,65.86667,27.674425,176.17798,0.25,1.1177611,24.015753,0.4,24.0,-9.0,-1.0,0.0,1.0,300.0,1.4111683,train
2024-07-17 17:57:00.016479493,65.950005,27.515907,161.7304,0.25,0.76888144,24.042837,0.4,24.0,-9.0,-1.0,0.0,1.0,300.0,1.3939749,train
2024-07-17 18:02:00.025634767,66.03334,27.52884,148.85432,0.25,0.62613785,23.913078,0.4,24.0,-9.0,-1.0,0.0,1.0,300.0,1.4440482,train
2024-07-17 18:07:00.007324219,66.11667,27.694822,135.16989,0.25,0.5732468,23.938156,0.4,24.0,-9.0,-1.0,0.0,1.0,300.0,1.4322987,train
2024-07-17 18:12:00.016479493,66.200005,27.755186,116.33671,0.25,0.48218375,23.923817,0.4,24.0,-9.0,-1.0,0.0,1.0,300.0,1.4185834,train
2024-07-17 18:17:00.025634767,66.28334,27.523705,107.21708,0.25,0.4235799,23.73953,0.4,24.0,-9.0,-1.0,0.0,1.0,300.0,1.4349186,train
2024-07-17 18:22:00.007324219,66.36667,27.663515,97.315346,0.25,0.52990264,23.818638,0.4,24.0,-9.0,-1.0,0.0,1.0,300.0,1.4565861,train
2024-07-17 18:27:00.016479493,66.450005,28.020964,86.67155,0.25,0.40933996,23.746332,0.4,24.0,-9.0,-1.0,0.0,1.0,300.0,1.4978886,train
2024-07-17 18:32:00.025634767,66.53334,27.983084,77.988,0.25,0.5883,23.595512,0.4,24.0,-9.0,-1.0,0.0,1.0,300.0,1.5052222,train
2024-07-17 18:37:00.007324219,66.61667,27.926466,69.74426,0.25,0.61434096,23.580936,0.4,24.0,-9.0,-1.0,0.0,1.0,300.0,1.4983816,train
2024-07-17 18:42:00.016479493,66.700005,27.965017,61.52016,0.25,0.36223227,23.489193,0.4,24.0,-3.6000001,-0.4,0.0,0.4,120.0,1.4333553,train
2024-07-17 18:47:00.025634767,66.78334,27.737032,54.024364,0.25,0.46946248,23.514606,0.4,24.0,0.0,-0.0,-0.0,0.0,0.0,1.439975,train
2024-07-17 18:52:00.007324219,66.86667,27.923723,47.445923,0.25,0.44061628,23.6374,0.4,24.0,0.0,-0.0,-0.0,0.0,0.0,1.4618243,train
2024-07-17 18:57:00.016479493,66.950005,28.168848,40.460457,0.25,0.353346,23.767195,0.4,24.0,0.0,-0.0,-0.0,0.0,0.0,1.4258547,train
2024-07-17 19:02:00.025634767,67.03334,28.55389,31.520374,0.25,0.43326607,23.735786,0.4,24.0,0.0,-0.0,-0.0,0.0,0.0,1.4320421,train
2024-07-17 19:07:00.007324219,67.11667,28.757614,23.534464,0.25,0.35451245,23.754297,0.4,24.0,0.0,-0.0,-0.0,0.0,0.0,1.4640666,train
2024-07-17 19:12:00.016479493,67.200005,28.494055,15.023218,0.25,0.32272506,23.817951,0.4,24.0,0.0,-0.0,-0.0,0.0,0.0,1.4668682,train
2024-07-17 19:17:00.025634767,67.28334,28.462395,6.220423,0.25,0.45080018,23.737814,0.4,24.0,0.0,-0.0,-0.0,0.0,0.0,1.5396184,train
2024-07-17 19:22:00.007324219,67.36667,27.911333,0.17304087,0.25,0.59632933,23.839453,0.4,24.0,0.0,-0.0,-0.0,0.0,0.0,1.5256182,train
2024-07-17 19:27:00.016479493,67.450005,28.119211,0.0,0.25,0.7157886,23.97649,0.4,24.0,0.0,-0.0,-0.0,0.0,0.0,1.5378807,train
2024-07-17 19:32:00.025634767,67.53334,28.221552,0.0,0.25,0.9047289,23.91772,0.4,24.0,0.0,-0.0,-0.0,0.0,0.0,1.5488333,train
2024-07-17 19:37:00.007324219,67.61667,27.850536,0.0,0.25,0.951478,24.069883,0.4,24.0,0.0,-0.0,-0.0,0.0,0.0,1.5049022,train
2024-07-17 19:42:00.016479493,67.700005,27.665407,0.0,0.25,1.1099583,24.031487,0.4,24.0,0.0,-0.0,-0.0,0.0,0.0,1.4860876,train
2024-07-17 19:47:00.025634767,67.78334,27.530308,0.0,0.25,1.3255774,23.998716,0.4,24.0,0.0,-0.0,-0.0,0.0,0.0,1.4806767,train
2024-07-17 19:52:00.007324219,67.86667,27.626455,0.0,0.25,1.5876979,24.052828,0.4,24.0,0.0,-0.0,-0.0,0.0,0.0,1.4102992,train
2024-07-17 19:57:00.016479493,67.950005,27.525642,0.0,0.25,1.6193198,24.07236,0.4,24.0,0.0,-0.0,-0.0,0.0,0.0,1.3459201,train
2024-07-17 20:02:00.025634767,68.03334,27.467354,0.0,0.25,2.045473,24.089586,0.4,24.0,0.0,-0.0,-0.0,0.0,0.0,1.3717881,train
2024-07-17 20:07:00.007324219,68.11667,27.348013,0.0,0.25,2.5788841,23.949976,0.4,24.0,0.0,-0.0,-0.0,0.0,0.0,1.4037286,train
2024-07-17 20:12:00.016479493,68.200005,27.366339,0.0,0.25,2.3058822,24.077305,0.4,24.0,0.0,-0.0,-0.0,0.0,0.0,1.4181765,train
2024-07-17 20:17:00.025634767,68.28334,27.354198,0.0,0.25,2.060173,24.001524,0.4,24.0,0.0,-0.0,-0.0,0.0,0.0,1.3657589,train
2024-07-17 20:22:00.007324219,68.36667,27.345875,0.0,0.25,1.9207602,24.022383,0.4,24.0,0.0,-0.0,-0.0,0.0,0.0,1.337224,train
2024-07-17 20:27:00.016479493,68.450005,27.27691,0.0,0.25,1.7927773,24.083324,0.4,24.0,0.0,-0.0,-0.0,0.0,0.0,1.2808117,train
2024-07-17 20:32:00.025634767,68.53334,27.568024,0.0,0.25,1.7228749,24.093365,0.4,24.0,0.0,-0.0,-0.0,0.0,0.0,1.1443347,train
2024-07-17 20:37:00.007324219,68.61667,27.946335,0.0,0.25,2.112161,24.232239,0.4,24.0,0.0,-0.0,-0.0,0.0,0.0,1.0886892,train
2024-07-17 20:42:00.016479493,68.700005,27.801928,0.0,0.25,2.2802293,24.06817,0.4,24.0,0.0,-0.0,-0.0,0.0,0.0,1.0201571,train
2024-07-17 20:47:00.025634767,68.78334,27.37433,0.0,0.25,2.223173,24.191715,0.4,24.0,0.0,-0.0,-0.0,0.0,0.0,0.9390165,train
2024-07-17 20:52:00.007324219,68.86667,27.137419,0.0,0.25,2.2169614,23.991365,0.4,24.0,0.0,-0.0,-0.0,0.0,0.0,0.9137425,train
2024-07-17 20:57:00.016479493,68.950005,26.740467,0.0,0.25,2.1728795,24.214687,0.4,24.0,0.0,-0.0,-0.0,0.0,0.0,0.9152487,train
2024-07-17 21:02:00.025634767,69.03334,26.619991,0.0,0.25,1.9510478,24.133392,0.4,24.0,0.0,-0.0,-0.0,0.0,0.0,0.888824,train
2024-07-17 21:07:00.007324219,69.11667,26.079426,0.0,0.25,2.2634847,24.357275,0.4,24.0,0.0,-0.0,-0.0,0.0,0.0,0.8320553,train
2024-07-17 21:12:00.016479493,69.200005,26.087255,0.0,0.25,2.2571588,24.103113,0.4,24.0,0.0,-0.0,-0.0,0.0,0.0,0.89847326,train
2024-07-17 21:17:00.025634767,69.28334,26.00646,0.0,0.25,2.1828644,24.231503,0.4,24.0,0.0,-0.0,-0.0,0.0,0.0,1.0177127,train
2024-07-17 21:22:00.007324219,69.36667,26.125698,0.0,0.25,2.1502836,24.112297,0.4,24.0,0.0,-0.0,-0.0,0.0,0.0,0.9923976,train
2024-07-17 21:27:00.016479493,69.450005,26.541403,0.0,0.25,2.0880392,24.257008,0.4,24.0,0.0,-0.0,-0.0,0.0,0.0,1.0226219,train
2024-07-17 21:32:00.025634767,69.53334,26.429363,0.0,0.25,2.1422026,24.25247,0.4,24.0,0.0,-0.0,-0.0,0.0,0.0,0.9851844,train
2024-07-17 21:37:00.007324219,69.61667,26.499687,0.0,0.25,2.0866485,24.28382,0.4,24.0,0.0,-0.0,-0.0,0.0,0.0,0.9772178,train
2024-07-17 21:42:00.016479493,69.700005,26.297325,0.0,0.25,2.2847853,24.21401,0.4,24.0,0.0,-0.0,-0.0,0.0,0.0,0.95897835,train
2024-07-17 21:47:00.025634767,69.78334,26.448647,0.0,0.25,2.456633,24.260292,0.4,24.0,0.0,-0.0,-0.0,0.0,0.0,0.94086057,train
2024-07-17 21:52:00.007324219,69.86667,26.400677,0.0,0.25,2.3881843,24.336113,0.4,24.0,0.0,-0.0,-0.0,0.0,0.0,0.9915927,train
2024-07-17 21:57:00.016479493,69.950005,26.166027,0.0,0.25,2.400948,24.49991,0.4,24.0,0.0,-0.0,-0.0,0.0,0.0,0.9505245,train
2024-07-17 22:02:00.025634767,70.03334,25.940983,0.0,0.25,2.294209,24.407333,0.4,26.5,0.0,-0.0,-0.0,0.0,0.0,0.866803,train
2024-07-17 22:07:00.007324219,70.11667,25.815702,0.0,0.25,2.3546543,24.454014,0.4,26.5,0.0,-0.0,-0.0,0.0,0.0,0.8632962,train
2024-07-17 22:12:00.016479493,70.200005,25.63591,0.0,0.25,2.4558258,24.376335,0.4,26.5,0.0,-0.0,-0.0,0.0,0.0,0.8522816,train
2024-07-17 22:17:00.025634767,70.28334,25.361458,0.0,0.25,2.5350194,24.409653,0.4,26.5,0.0,-0.0,-0.0,0.0,0.0,0.80887264,train
2024-07-17 22:22:00.007324219,70.36667,25.302473,0.0,0.25,2.6573856,24.459612,0.4,26.5,0.0,-0.0,-0.0,0.0,0.0,0.7718276,train
2024-07-17 22:27:00.016479493,70.450005,25.444138,0.0,0.25,2.8877728,24.319601,0.4,26.5,0.0,-0.0,-0.0,0.0,0.0,0.7556672,train
2024-07-17 22:32:00.025634767,70.53334,25.160316,0.0,0.25,2.676185,24.448217,0.4,26.5,0.0,-0.0,-0.0,0.0,0.0,0.7279679,train
2024-07-17 22:37:00.007324219,70.61667,24.81314,0.0,0.25,2.5798054,24.47899,0.4,26.5,0.0,-0.0,-0.0,0.0,0.0,0.75930154,train
2024-07-17 22:42:00.016479493,70.700005,24.400904,0.0,0.25,2.69291,24.362076,0.4,26.5,0.0,-0.0,-0.0,0.0,0.0,0.6915455,train
2024-07-17 22:47:00.025634767,70.78334,24.425625,0.0,0.25,2.8018901,24.629856,0.4,26.5,0.0,-0.0,-0.0,0.0,0.0,0.6576493,train
2024-07-17 22:52:00.007324219,70.86667,24.107327,0.0,0.25,2.7569392,24.560028,0.4,26.5,0.0,-0.0,-0.0,0.0,0.0,0.6477977,train
2024-07-17 22:57:00.016479493,70.950005,24.04804,0.0,0.25,3.063546,24.460861,0.4,26.5,0.0,-0.0,-0.0,0.0,0.0,0.6174862,train
2024-07-17 23:02:00.025634767,71.03334,23.837637,0.0,0.25,3.096133,24.477644,0.4,26.5,0.0,-0.0,-0.0,0.0,0.0,0.6016739,train
2024-07-17 23:07:00.007324219,71.11667,23.774908,0.0,0.25,3.0160084,24.411686,0.4,26.5,0.0,-0.0,-0.0,0.0,0.0,0.561405,train
2024-07-17 23:12:00.016479493,71.200005,23.774069,0.0,0.25,3.136837,24.564259,0.4,26.5,0.0,-0.0,-0.0,0.0,0.0,0.50799173,train
2024-07-17 23:17:00.025634767,71.28334,24.060368,0.0,0.25,3.183668,24.42846,0.4,26.5,0.0,-0.0,-0.0,0.0,0.0,0.49890256,train
2024-07-17 23:22:00.007324219,71.36667,23.553148,0.0,0.25,3.2996826,24.45801,0.4,26.5,0.0,-0.0,-0.0,0.0,0.0,0.5166299,train
2024-07-17 23:27:00.016479493,71.450005,23.702955,0.0,0.25,3.19615,24.489502,0.4,26.5,0.0,-0.0,-0.0,0.0,0.0,0.45547676,train
2024-07-17 23:32:00.025634767,71.53334,23.806513,0.0,0.25,3.37688,24.560055,0.4,26.5,0.0,-0.0,-0.0,0.0,0.0,0.4620947,train
2024-07-17 23:37:00.007324219,71.61667,23.697691,0.0,0.25,3.5323122,24.522034,0.4,26.5,0.0,-0.0,-0.0,0.0,0.0,0.3612927,train
2024-07-17 23:42:00.016479493,71.700005,23.815939,0.0,0.25,3.3671803,24.655802,0.4,26.5,0.0,-0.0,-0.0,0.0,0.0,0.32263467,train
2024-07-17 23:47:00.025634767,71.78334,24.181334,0.0,0.25,3.1188438,24.359879,0.4,26.5,0.0,-0.0,-0.0,0.0,0.0,0.36249447,train
2024-07-17 23:52:00.007324219,71.86667,24.44056,0.0,0.25,3.0354488,24.362463,0.4,26.5,0.0,-0.0,-0.0,0.0,0.0,0.3528624,train
2024-07-17 23:57:00.016479493,71.950005,23.945517,0.0,0.25,2.9981835,24.522617,0.4,26.5,0.0,-0.0,-0.0,0.0,0.0,0.33871672,train
2024-07-18 00:02:00.025634767,72.03334,23.926659,0.0,0.25,2.8164995,24.579433,0.4,26.5,0.0,-0.0,-0.0,0.0,0.0,0.37172565,train
2024-07-18 00:07:00.007324219,72.11667,24.11285,0.0,0.25,2.5661762,24.649061,0.4,26.5,0.0,-0.0,-0.0,0.0,0.0,0.34568405,train
2024-07-18 00:12:00.016479493,72.200005,24.156275,0.0,0.25,2.5589929,24.371962,0.4,26.5,0.0,-0.0,-0.0,0.0,0.0,0.3350934,train
2024-07-18 00:17:00.025634767,72.28334,24.440382,0.0,0.25,2.5628371,24.314474,0.4,26.5,0.0,-0.0,-0.0,0.0,0.0,0.27854395,train
2024-07-18 00:22:00.007324219,72.36667,24.480827,0.0,0.25,2.714353,24.26345,0.4,26.5,0.0,-0.0,-0.0,0.0,0.0,0.25820357,train
2024-07-18 00:27:00.016479493,72.450005,24.49726,0.0,0.25,2.81353,24.332666,0.4,26.5,0.0,-0.0,-0.0,0.0,0.0,0.27847096,train
2024-07-18 00:32:00.025634767,72.53334,24.496384,0.0,0.25,2.918186,24.3958,0.4,26.5,0.0,-0.0,-0.0,0.0,0.0,0.28728664,train
2024-07-18 00:37:00.007324219,72.61667,24.567137,0.0,0.25,2.9927397,24.357136,0.4,26.5,0.0,-0.0,-0.0,0.0,0.0,0.27232814,train
2024-07-18 00:42:00.016479493,72.700005,24.271276,0.0,0.25,3.146783,24.42325,0.4,26.5,0.0,-0.0,-0.0,0.0,0.0,0.24736023,train
2024-07-18 00:47:00.025634767,72.78334,24.549488,0.0,0.25,2.907685,24.328272,0.4,26.5,0.0,-0.0,-0.0,0.0,0.0,0.21526375,train
2024-07-18 00:52:00.007324219,72.86667,24.728167,0.0,0.25,2.9349349,24.304335,0.4,26.5,0.0,-0.0,-0.0,0.0,0.0,0.19487253,train
2024-07-18 00:57:00.016479493,72.950005,24.894976,0.0,0.25,3.0531485,24.442513,0.4,26.5,0.0,-0.0,-0.0,0.0,0.0,0.1821786,train
2024-07-18 01:02:00.025634767,73.03334,25.287642,0.0,0.25,3.1946955,24.416565,0.4,26.5,0.0,-0.0,-0.0,0.0,0.0,0.18357417,train
2024-07-18 01:07:00.007324219,73.11667,25.21621,0.0,0.25,3.4221623,24.273312,0.4,26.5,0.0,-0.0,-0.0,0.0,0.0,0.23904248,train
2024-07-18 01:12:00.016479493,73.200005,24.68124,0.0,0.25,3.5308282,24.484135,0.4,26.5,0.0,-0.0,-0.0,0.0,0.0,0.27346444,train
2024-07-18 01:17:00.053100585,73.28335,24.861284,0.0,0.25,3.5327737,24.301605,0.4,26.5,0.0,-0.0,-0.0,0.0,0.0,0.292666,train
2024-07-18 01:22:00.007324219,73.36667,24.817104,0.0,0.25,3.1710672,24.399746,0.4,26.5,0.0,-0.0,-0.0,0.0,0.0,0.30363923,train
2024-07-18 01:27:00.016479493,73.450005,25.029882,0.0,0.25,3.1468189,24.409475,0.4,26.5,0.0,-0.0,-0.0,0.0,0.0,0.3382286,train
2024-07-18 01:32:00.053100585,73.53335,25.270813,0.0,0.25,3.2873185,24.211956,0.4,26.5,0.0,-0.0,-0.0,0.0,0.0,0.39078173,train
2024-07-18 01:37:00.007324219,73.61667,25.740671,0.0,0.25,2.9503129,24.398294,0.4,26.5,0.0,-0.0,-0.0,0.0,0.0,0.43084612,train
2024-07-18 01:42:00.016479493,73.700005,26.030293,0.0,0.25,2.9807448,24.32116,0.4,26.5,0.0,-0.0,-0.0,0.0,0.0,0.43409586,train
2024-07-18 01:47:00.053100585,73.78335,25.794355,0.0,0.25,3.1355088,24.291628,0.4,26.5,0.0,-0.0,-0.0,0.0,0.0,0.41886064,train
2024-07-18 01:52:00.007324219,73.86667,25.749786,0.0,0.25,3.2917545,24.391314,0.4,26.5,0.0,-0.0,-0.0,0.0,0.0,0.4290888,train
2024-07-18 01:57:00.016479493,73.950005,26.104252,0.0,0.25,3.3383255,24.383936,0.4,26.5,0.0,-0.0,-0.0,0.0,0.0,0.41035834,train
2024-07-18 02:02:00.053100585,74.03335,26.136425,0.0,0.25,3.7910733,24.27936,0.4,26.5,0.0,-0.0,-0.0,0.0,0.0,0.37997055,train
2024-07-18 02:07:00.007324219,74.11667,26.489925,0.0,0.25,4.079963,24.464548,0.4,26.5,0.0,-0.0,-0.0,0.0,0.0,0.31771573,train
2024-07-18 02:12:00.016479493,74.200005,26.362764,0.0,0.25,3.9620824,24.38128,0.4,26.5,0.0,-0.0,-0.0,0.0,0.0,0.35540232,train
2024-07-18 02:17:00.053100585,74.28335,26.171534,0.0,0.25,3.7157714,24.387661,0.4,26.5,0.0,-0.0,-0.0,0.0,0.0,0.35932833,train
2024-07-18 02:22:00.007324219,74.36667,25.62953,0.0,0.25,3.6251857,24.396431,0.4,26.5,0.0,-0.0,-0.0,0.0,0.0,0.3434642,train
2024-07-18 02:27:00.016479493,74.450005,25.937593,0.0,0.25,3.8892114,24.298061,0.4,26.5,0.0,-0.0,-0.0,0.0,0.0,0.38171062,train
2024-07-18 02:32:00.053100585,74.53335,25.690456,0.0,0.25,3.8668962,24.420218,0.4,26.5,0.0,-0.0,-0.0,0.0,0.0,0.3693293,train
2024-07-18 02:37:00.007324219,74.61667,25.481215,0.0,0.25,3.7460115,24.326738,0.4,26.5,0.0,-0.0,-0.0,0.0,0.0,0.30583435,train
2024-07-18 02:42:00.016479493,74.700005,25.207462,0.0,0.25,3.5766003,24.247078,0.4,26.5,0.0,-0.0,-0.0,0.0,0.0,0.28445753,train
2024-07-18 02:47:00.053100585,74.78335,24.852024,0.0,0.25,3.4530232,24.359756,0.4,26.5,0.0,-0.0,-0.0,0.0,0.0,0.28093788,train
2024-07-18 02:52:00.007324219,74.86667,24.850632,0.0,0.25,3.2130945,24.332546,0.4,26.5,0.0,-0.0,-0.0,0.0,0.0,0.32632044,train
2024-07-18 02:57:00.016479493,74.950005,24.925865,0.0,0.25,3.4346244,24.301725,0.4,26.5,0.0,-0.0,-0.0,0.0,0.0,0.3375309,train
2024-07-18 03:02:00.053100585,75.03335,25.342808,0.0,0.25,3.4511032,24.33149,0.4,26.5,0.0,-0.0,-0.0,0.0,0.0,0.3809165,train
2024-07-18 03:07:00.007324219,75.11667,25.29581,0.0,0.25,3.48574,24.32115,0.4,26.5,0.0,-0.0,-0.0,0.0,0.0,0.3481224,train
2024-07-18 03:12:00.016479493,75.200005,25.482573,0.0,0.25,3.705975,24.385963,0.4,26.5,0.0,-0.0,-0.0,0.0,0.0,0.33155623,train
2024-07-18 03:17:00.053100585,75.28335,25.38641,0.0,0.25,3.8300674,24.403557,0.4,26.5,0.0,-0.0,-0.0,0.0,0.0,0.33596012,train
2024-07-18 03:22:00.007324219,75.36667,25.330467,0.0,0.25,3.8514562,24.461737,0.4,26.5,0.0,-0.0,-0.0,0.0,0.0,0.3161264,train
2024-07-18 03:27:00.016479493,75.450005,24.983679,0.0,0.25,4.150219,24.360914,0.4,26.5,0.0,-0.0,-0.0,0.0,0.0,0.28506014,train
2024-07-18 03:32:00.053100585,75.53335,25.003794,0.0,0.25,4.4060607,24.467754,0.4,26.5,0.0,-0.0,-0.0,0.0,0.0,0.24472979,train
2024-07-18 03:37:00.007324219,75.61667,24.82209,0.0,0.25,4.614694,24.4001,0.4,26.5,0.0,-0.0,-0.0,0.0,0.0,0.24114215,train
2024-07-18 03:42:00.016479493,75.700005,24.902931,0.0,0.25,4.848625,24.357574,0.4,26.5,0.0,-0.0,-0.0,0.0,0.0,0.28107354,train
2024-07-18 03:47:00.053100585,75.78335,24.47775,0.0,0.25,5.1490154,24.469978,0.4,26.5,0.0,-0.0,-0.0,0.0,0.0,0.28818598,train
2024-07-18 03:52:00.007324219,75.86667,24.324247,0.0,0.25,5.2909083,24.379368,0.4,26.5,0.0,-0.0,-0.0,0.0,0.0,0.32809383,train
2024-07-18 03:57:00.016479493,75.950005,23.97409,0.0,0.25,5.349273,24.513329,0.4,26.5,0.0,-0.0,-0.0,0.0,0.0,0.39065787,train
2024-07-18 04:02:00.053100585,76.03335,23.955803,0.0,0.25,5.4476943,24.37372,0.4,26.5,0.0,-0.0,-0.0,0.0,0.0,0.40159425,train
2024-07-18 04:07:00.007324219,76.11667,23.798828,0.0,0.25,5.463697,24.415129,0.4,26.5,0.0,-0.0,-0.0,0.0,0.0,0.37752727,train
2024-07-18 04:12:00.016479493,76.200005,23.920776,0.0,0.25,5.7219596,24.320326,0.4,26.5,0.0,-0.0,-0.0,0.0,0.0,0.38885984,train
2024-07-18 04:17:00.053100585,76.28335,23.915298,0.0,0.25,5.5763373,24.463692,0.4,26.5,0.0,-0.0,-0.0,0.0,0.0,0.38899285,train
2024-07-18 04:22:00.007324219,76.36667,24.36322,0.0,0.25,6.009413,24.314161,0.4,26.5,0.0,-0.0,-0.0,0.0,0.0,0.3852931,train
2024-07-18 04:27:00.016479493,76.450005,24.222101,0.0,0.25,6.095579,24.318115,0.4,26.5,0.0,-0.0,-0.0,0.0,0.0,0.38026258,train
2024-07-18 04:32:00.053100585,76.53335,24.153435,0.0,0.25,5.76616,24.29079,0.4,26.5,0.0,-0.0,-0.0,0.0,0.0,0.34309348,train
2024-07-18 04:37:00.007324219,76.61667,24.385706,0.0,0.25,5.8462043,24.333464,0.4,26.5,0.0,-0.0,-0.0,0.0,0.0,0.32337043,train
2024-07-18 04:42:00.016479493,76.700005,24.270168,5.647994,0.25,5.5328555,24.135881,0.4,26.5,0.0,-0.0,-0.0,0.0,0.0,0.30237758,train
2024-07-18 04:47:00.053100585,76.78335,24.63748,18.7099,0.25,5.10413,24.26997,0.4,26.5,0.0,-0.0,-0.0,0.0,0.0,0.3057921,train
2024-07-18 04:52:00.007324219,76.86667,24.626526,31.762562,0.25,5.0124483,24.237566,0.4,26.5,0.0,-0.0,-0.0,0.0,0.0,0.35165903,train
2024-07-18 04:57:00.016479493,76.950005,24.560091,45.085793,0.25,5.052458,24.186409,0.4,26.5,0.0,-0.0,-0.0,0.0,0.0,0.37562904,train
2024-07-18 05:02:00.053100585,77.03335,24.456715,58.466152,0.25,5.0234513,24.173952,0.4,26.5,0.0,-0.0,-0.0,0.0,0.0,0.41455808,train
2024-07-18 05:07:00.007324219,77.11667,24.732557,71.85297,0.25,5.119642,24.397476,0.4,26.5,0.0,-0.0,-0.0,0.0,0.0,0.44579625,train
2024-07-18 05:12:00.016479493,77.200005,24.80329,85.35344,0.25,5.2410293,24.264673,0.4,26.5,0.0,-0.0,-0.0,0.0,0.0,0.45622388,train
2024-07-18 05:17:00.053100585,77.28335,24.363718,98.89508,0.25,5.48854,24.36739,0.4,26.5,0.0,-0.0,-0.0,0.0,0.0,0.5296177,train
2024-07-18 05:22:00.007324219,77.36667,24.498821,112.492325,0.25,5.489802,24.307074,0.4,26.5,0.0,-0.0,-0.0,0.0,0.0,0.5729061,train
2024-07-18 05:27:00.016479493,77.450005,24.58104,126.13975,0.25,5.3886485,24.259813,0.4,26.5,0.0,-0.0,-0.0,0.0,0.0,0.63227284,train
2024-07-18 05:32:00.053100585,77.53335,24.483591,139.83098,0.25,5.550092,24.323313,0.4,26.5,0.0,-0.0,-0.0,0.0,0.0,0.6428627,train
2024-07-18 05:37:00.007324219,77.61667,24.454237,153.55838,0.25,5.5793924,24.139551,0.4,26.5,0.0,-0.0,-0.0,0.0,0.0,0.5874028,train
2024-07-18 05:42:00.016479493,77.700005,24.741102,167.3163,0.25,5.686239,24.38109,0.4,26.5,0.0,-0.0,-0.0,0.0,0.0,0.5312503,train
2024-07-18 05:47:00.053100585,77.78335,24.624626,181.09853,0.25,5.5342803,24.30181,0.4,26.5,0.0,-0.0,-0.0,0.0,0.0,0.52637655,train
2024-07-18 05:52:00.007324219,77.86667,24.56593,194.89722,0.25,5.286545,24.499825,0.4,26.5,0.0,-0.0,-0.0,0.0,0.0,0.5603218,train
2024-07-18 05:57:00.016479493,77.950005,24.427208,208.70671,0.25,5.2262692,24.398075,0.4,26.5,0.0,-0.0,-0.0,0.0,0.0,0.644311,train
2024-07-18 06:02:00.053100585,78.03335,23.898497,222.52087,0.25,5.0278506,24.382195,0.4,26.5,0.0,-0.0,-0.0,0.0,0.0,0.68278426,train
2024-07-18 06:07:00.007324219,78.11667,23.995327,236.3317,0.25,4.9210167,24.622149,0.4,26.5,0.0,-0.0,-0.0,0.0,0.0,0.6578987,train
2024-07-18 06:12:00.016479493,78.200005,24.09543,250.13374,0.25,4.7860303,24.317629,0.4,26.5,0.0,-0.0,-0.0,0.0,0.0,0.7015049,train
2024-07-18 06:17:00.053100585,78.28335,24.10242,263.9206,0.25,4.6657443,24.533237,0.4,26.5,0.0,-0.0,-0.0,0.0,0.0,0.7282675,train
2024-07-18 06:22:00.007324219,78.36667,24.338388,277.68442,0.25,4.6825056,24.515715,0.4,26.5,0.0,-0.0,-0.0,0.0,0.0,0.73839885,train
2024-07-18 06:27:00.016479493,78.450005,24.501865,291.41977,0.25,4.536908,24.6083,0.4,26.5,0.0,-0.0,-0.0,0.0,0.0,0.6947191,train
2024-07-18 06:32:00.053100585,78.53335,24.768402,305.1202,0.25,4.6711097,24.697191,0.4,26.5,0.0,-0.0,-0.0,0.0,0.0,0.6991722,train
2024-07-18 06:37:00.007324219,78.61667,24.773666,318.7782,0.25,4.7448893,24.613602,0.4,26.5,0.0,-0.0,-0.0,0.0,0.0,0.72046417,train
2024-07-18 06:42:00.016479493,78.700005,24.627583,332.388,0.25,4.703724,24.587547,0.4,26.5,0.0,-0.0,-0.0,0.0,0.0,0.7556968,train
2024-07-18 06:47:00.053100585,78.78335,24.583103,345.94345,0.25,4.7456317,24.67565,0.4,26.5,0.0,-0.0,-0.0,0.0,0.0,0.7594727,train
2024-07-18 06:52:00.007324219,78.86667,25.147272,359.43686,0.25,4.7822466,24.761717,0.4,26.5,0.0,-0.0,-0.0,0.0,0.0,0.76325464,train
2024-07-18 06:57:00.016479493,78.950005,24.560926,372.86288,0.25,4.5600853,24.851223,0.4,26.5,0.0,-0.0,-0.0,0.0,0.0,0.77174586,train
2024-07-18 07:02:00.053100585,79.03335,24.745443,386.21524,0.25,4.2687454,24.668957,0.4,24.0,-9.0,-1.0,0.0,1.0,300.0,0.82474214,train
2024-07-18 07:07:00.007324219,79.11667,25.219131,399.48642,0.25,3.88443,24.653574,0.4,24.0,-9.0,-1.0,0.0,1.0,300.0,0.8564693,train
2024-07-18 07:12:00.016479493,79.200005,25.566427,412.671,0.25,4.002534,24.547222,0.4,24.0,-9.0,-1.0,0.0,1.0,300.0,0.86461014,train
2024-07-18 07:17:00.053100585,79.28335,25.675386,425.76303,0.25,3.9984746,24.57457,0.4,24.0,-9.0,-1.0,0.0,1.0,300.0,0.8388583,train
2024-07-18 07:22:00.007324219,79.36667,25.378645,438.7551,0.25,3.816014,24.423742,0.4,24.0,-9.0,-1.0,0.0,1.0,300.0,0.83861065,train
2024-07-18 07:27:00.016479493,79.450005,25.891861,451.6419,0.25,3.790928,24.470581,0.4,24.0,-9.0,-1.0,0.0,1.0,300.0,0.8989393,train
2024-07-18 07:32:00.053100585,79.53335,25.991673,464.41745,0.25,3.8695087,24.460707,0.4,24.0,-9.0,-1.0,0.0,1.0,300.0,0.9074259,train
2024-07-18 07:37:00.007324219,79.61667,26.114496,477.07468,0.25,3.7303104,24.430109,0.4,24.0,-9.0,-1.0,0.0,1.0,300.0,0.8721413,train
2024-07-18 07:42:00.016479493,79.700005,26.07086,489.6084,0.25,3.541333,24.49727,0.4,24.0,-9.0,-1.0,0.0,1.0,300.0,0.9071768,train
2024-07-18 07:47:00.053100585,79.78335,25.897495,502.0128,0.25,3.3336468,24.372828,0.4,24.0,-9.0,-1.0,0.0,1.0,300.0,0.97828,train
2024-07-18 07:52:00.007324219,79.86667,25.179562,514.281,0.25,3.1443994,24.38088,0.4,24.0,-9.0,-1.0,0.0,1.0,300.0,1.0272744,train
2024-07-18 07:57:00.016479493,79.950005,25.223103,526.4079,0.25,3.1208954,24.343102,0.4,24.0,-9.0,-1.0,0.0,1.0,300.0,1.064911,train
2024-07-18 08:02:00.053100585,80.03335,25.223845,538.3881,0.25,3.0263934,24.32957,0.4,24.0,-9.0,-1.0,0.0,1.0,300.0,1.0712043,train
2024-07-18 08:07:00.007324219,80.11667,25.513973,550.2146,0.25,3.11566,24.279133,0.4,24.0,-9.0,-1.0,0.0,1.0,300.0,1.0317688,train
2024-07-18 08:12:00.016479493,80.200005,25.249474,561.8828,0.25,3.2548225,24.277199,0.4,24.0,-9.0,-1.0,0.0,1.0,300.0,1.015507,train
2024-07-18 08:17:00.053100585,80.28335,25.02619,573.3873,0.25,3.2331967,24.314589,0.4,24.0,-9.0,-1.0,0.0,1.0,300.0,1.0143967,train
2024-07-18 08:22:00.007324219,80.36667,25.345877,584.7215,0.25,3.198788,24.228765,0.4,24.0,-9.0,-1.0,0.0,1.0,300.0,0.99997216,train
2024-07-18 08:27:00.016479493,80.450005,25.626608,595.88104,0.25,3.3471959,24.217922,0.4,24.0,-9.0,-1.0,0.0,1.0,300.0,0.96199936,train
2024-07-18 08:32:00.053100585,80.53335,25.517326,606.86053,0.25,3.3257406,24.233818,0.4,24.0,-9.0,-1.0,0.0,1.0,300.0,0.94241714,train
2024-07-18 08:37:00.007324219,80.61667,25.812408,617.65393,0.25,3.2479522,24.346016,0.4,24.0,-9.0,-1.0,0.0,1.0,300.0,0.92930984,train
2024-07-18 08:42:00.016479493,80.700005,25.996542,628.2568,0.25,3.2081,24.22178,0.4,24.0,-9.0,-1.0,0.0,1.0,300.0,0.9494359,train
2024-07-18 08:47:00.053100585,80.78335,26.383934,638.66425,0.25,3.2304406,24.144691,0.4,24.0,-9.0,-1.0,0.0,1.0,300.0,0.9620325,train
2024-07-18 08:52:00.007324219,80.86667,26.378326,648.87054,0.25,3.1254063,24.17192,0.4,24.0,-9.0,-1.0,0.0,1.0,300.0,0.94718266,train
2024-07-18 08:57:00.016479493,80.950005,26.48722,658.8714,0.25,3.0499632,24.116993,0.4,24.0,-9.0,-1.0,0.0,1.0,300.0,0.90047216,train
2024-07-18 09:02:00.053100585,81.03335,26.514685,668.6623,0.25,3.2021904,24.242594,0.4,24.0,-9.0,-1.0,0.0,1.0,300.0,0.8911192,train
2024-07-18 09:07:00.007324219,81.11667,26.31183,678.2376,0.25,3.381173,24.152718,0.4,24.0,-9.0,-1.0,0.0,1.0,300.0,0.90169543,train
2024-07-18 09:12:00.016479493,81.200005,26.318348,687.5937,0.25,3.351368,24.128918,0.4,24.0,-9.0,-1.0,0.0,1.0,300.0,0.8887497,train
2024-07-18 09:17:00.053100585,81.28335,26.240599,696.726,0.25,3.502945,23.972855,0.4,24.0,-9.0,-1.0,0.0,1.0,300.0,0.8195874,train
2024-07-18 09:22:00.007324219,81.36667,26.63781,705.6294,0.25,3.7503755,24.154676,0.4,24.0,-9.0,-1.0,0.0,1.0,300.0,0.76862186,train
2024-07-18 09:27:00.016479493,81.450005,26.535473,714.3004,0.25,3.8218572,24.124266,0.4,24.0,-9.0,-1.0,0.0,1.0,300.0,0.74440914,train
2024-07-18 09:32:00.053100585,81.53335,27.120686,722.735,0.25,3.7780426,24.181988,0.4,24.0,-9.0,-1.0,0.0,1.0,300.0,0.7122858,train
2024-07-18 09:37:00.007324219,81.61667,27.19491,730.92834,0.25,3.5164108,24.087193,0.4,24.0,-9.0,-1.0,0.0,1.0,300.0,0.6644537,train
2024-07-18 09:42:00.016479493,81.700005,27.090338,738.87714,0.25,3.3774376,24.237938,0.4,24.0,-9.0,-1.0,0.0,1.0,300.0,0.625585,train
2024-07-18 09:47:00.053100585,81.78335,26.941275,746.38,0.25,3.653837,24.047153,0.4,24.0,-9.0,-1.0,0.0,1.0,300.0,0.624729,train
2024-07-18 09:52:00.007324219,81.86667,26.71882,738.3041,0.25,3.2690918,23.942738,0.4,24.0,-9.0,-1.0,0.0,1.0,300.0,0.64088005,train
2024-07-18 09:57:00.016479493,81.950005,26.972296,741.2271,0.25,3.116478,24.045378,0.4,24.0,-9.0,-1.0,0.0,1.0,300.0,0.6378316,train
2024-07-18 10:02:00.053100585,82.03335,27.051382,763.5129,0.25,3.359644,23.999569,0.4,24.0,-9.0,-1.0,0.0,1.0,300.0,0.56393915,train
2024-07-18 10:07:00.007324219,82.11667,27.476357,774.82306,0.25,3.4019363,24.077013,0.4,24.0,-9.0,-1.0,0.0,1.0,300.0,0.48085818,train
2024-07-18 10:12:00.016479493,82.200005,27.812796,776.2562,0.25,3.498453,24.094858,0.4,24.0,-9.0,-1.0,0.0,1.0,300.0,0.4599293,train
2024-07-18 10:17:00.053100585,82.28335,27.887032,754.8938,0.25,3.6030972,24.042448,0.4,24.0,-9.0,-1.0,0.0,1.0,300.0,0.46183863,train
2024-07-18 10:22:00.007324219,82.36667,27.908815,730.0143,0.25,3.6259239,23.9215,0.4,24.0,-9.0,-1.0,0.0,1.0,300.0,0.48005554,train
2024-07-18 10:27:00.016479493,82.450005,28.148293,726.0444,0.25,3.4819133,23.92197,0.4,24.0,-9.0,-1.0,0.0,1.0,300.0,0.4158809,train
2024-07-18 10:32:00.053100585,82.53335,28.055473,736.22595,0.25,3.2336195,23.86644,0.4,24.0,-9.0,-1.0,0.0,1.0,300.0,0.41325694,train
2024-07-18 10:37:00.007324219,82.61667,28.101692,734.86176,0.25,2.942162,23.997192,0.4,24.0,-9.0,-1.0,0.0,1.0,300.0,0.41349933,train
2024-07-18 10:42:00.016479493,82.700005,28.351406,748.6852,0.25,2.8926914,23.92174,0.4,24.0,-9.0,-1.0,0.0,1.0,300.0,0.40093747,train
2024-07-18 10:47:00.053100585,82.78335,28.267466,780.8653,0.25,3.126544,24.110283,0.4,24.0,-9.0,-1.0,0.0,1.0,300.0,0.4158804,train
2024-07-18 10:52:00.007324219,82.86667,28.035221,792.46735,0.25,3.1117942,23.973627,0.4,24.0,-9.0,-1.0,0.0,1.0,300.0,0.40097925,train
2024-07-18 10:57:00.016479493,82.950005,28.121576,785.769,0.25,3.12273,23.974472,0.4,24.0,-9.0,-1.0,0.0,1.0,300.0,0.37852657,train
2024-07-18 11:02:00.053100585,83.03335,27.695875,772.1986,0.25,3.2635238,23.817934,0.4,24.0,-9.0,-1.0,0.0,1.0,300.0,0.31428027,train
2024-07-18 11:07:00.007324219,83.11667,27.68171,759.0734,0.25,3.2213914,23.932394,0.4,24.0,-9.0,-1.0,0.0,1.0,300.0,0.29621625,train
2024-07-18 11:12:00.016479493,83.200005,27.642942,758.1002,0.25,3.271141,23.927448,0.4,24.0,-9.0,-1.0,0.0,1.0,300.0,0.26503474,train
2024-07-18 11:17:00.053100585,83.28335,27.637697,782.235,0.25,3.4013817,23.943142,0.4,24.0,-9.0,-1.0,0.0,1.0,300.0,0.2631481,train
2024-07-18 11:22:00.007324219,83.36667,28.016388,783.6383,0.25,3.2222688,23.980503,0.4,24.0,-9.0,-1.0,0.0,1.0,300.0,0.24999857,train
2024-07-18 11:27:00.016479493,83.450005,27.970648,773.3848,0.25,3.1337826,23.703484,0.4,24.0,-9.0,-1.0,0.0,1.0,300.0,0.21515432,train
2024-07-18 11:32:00.053100585,83.53335,28.225399,783.0326,0.25,3.00926,23.936111,0.4,24.0,-9.0,-1.0,0.0,1.0,300.0,0.23196296,train
2024-07-18 11:37:00.007324219,83.61667,28.411016,789.8176,0.25,3.351114,23.828499,0.4,24.0,-9.0,-1.0,0.0,1.0,300.0,0.2918866,train
2024-07-18 11:42:00.016479493,83.700005,28.324308,811.22723,0.25,3.5098703,23.942654,0.4,24.0,-9.0,-1.0,0.0,1.0,300.0,0.3466601,train
2024-07-18 11:47:00.053100585,83.78335,27.803581,821.08154,0.25,3.5822487,23.758383,0.4,24.0,-9.0,-1.0,0.0,1.0,300.0,0.37209567,train
2024-07-18 11:52:00.007324219,83.86667,28.240068,826.0643,0.25,3.5006077,23.835226,0.4,24.0,-9.0,-1.0,0.0,1.0,300.0,0.3754098,train
2024-07-18 11:57:00.016479493,83.950005,28.3049,830.3934,0.25,3.5033863,23.825481,0.4,24.0,-9.0,-1.0,0.0,1.0,300.0,0.37995163,train
2024-07-18 12:02:00.053100585,84.03335,28.517212,820.2959,0.25,3.3947885,23.964115,0.4,24.0,-9.0,-1.0,0.0,1.0,300.0,0.39762223,train
2024-07-18 12:07:00.007324219,84.11667,28.71556,811.5963,0.25,3.3768334,23.84563,0.4,24.0,-9.0,-1.0,0.0,1.0,300.0,0.39309442,train
2024-07-18 12:12:00.016479493,84.200005,28.49461,789.875,0.25,3.5982575,23.810266,0.4,24.0,-9.0,-1.0,0.0,1.0,300.0,0.4212877,train
2024-07-18 12:17:00.053100585,84.28335,28.741074,770.10565,0.25,3.6223676,23.709862,0.4,24.0,-9.0,-1.0,0.0,1.0,300.0,0.45277712,train
2024-07-18 12:22:00.007324219,84.36667,28.31645,759.62384,0.25,3.6513417,23.871893,0.4,24.0,-9.0,-1.0,0.0,1.0,300.0,0.44410387,train
2024-07-18 12:27:00.016479493,84.450005,28.431581,778.37286,0.25,3.766686,23.845425,0.4,24.0,-9.0,-1.0,0.0,1.0,300.0,0.4139546,train
2024-07-18 12:32:00.053100585,84.53335,28.68212,762.36707,0.25,3.7620187,23.855804,0.4,24.0,-9.0,-1.0,0.0,1.0,300.0,0.39966556,train
2024-07-18 12:37:00.007324219,84.61667,28.627182,764.36835,0.25,3.4040449,23.68938,0.4,24.0,-9.0,-1.0,0.0,1.0,300.0,0.4237461,train
2024-07-18 12:42:00.016479493,84.700005,28.948734,777.486,0.25,3.2250926,23.837711,0.4,24.0,-9.0,-1.0,0.0,1.0,300.0,0.4359122,train
2024-07-18 12:47:00.053100585,84.78335,28.717543,781.35455,0.25,3.2969944,23.768671,0.4,24.0,-9.0,-1.0,0.0,1.0,300.0,0.42873803,train
2024-07-18 12:52:00.007324219,84.86667,28.515541,782.0483,0.25,3.2800598,23.948631,0.4,24.0,-9.0,-1.0,0.0,1.0,300.0,0.48915395,train
2024-07-18 12:57:00.016479493,84.950005,28.206825,792.78314,0.25,3.2790246,23.824507,0.4,24.0,-9.0,-1.0,0.0,1.0,300.0,0.53557074,train
2024-07-18 13:02:00.053100585,85.03335,27.94554,790.1866,0.25,3.45611,23.711187,0.4,24.0,-9.0,-1.0,0.0,1.0,300.0,0.490041,train
2024-07-18 13:07:00.007324219,85.11667,27.863274,740.97205,0.25,3.7456727,23.588116,0.4,24.0,-9.0,-1.0,0.0,1.0,300.0,0.47113204,train
2024-07-18 13:12:00.016479493,85.200005,27.466629,712.6462,0.25,3.82919,23.631655,0.4,24.0,-9.0,-1.0,0.0,1.0,300.0,0.43259797,train
2024-07-18 13:17:00.053100585,85.28335,27.536747,712.23126,0.25,3.778649,23.724518,0.4,24.0,-9.0,-1.0,0.0,1.0,300.0,0.37286043,train
2024-07-18 13:22:00.007324219,85.36667,27.420095,712.0681,0.25,3.7485688,23.687193,0.4,24.0,-9.0,-1.0,0.0,1.0,300.0,0.33239493,train
2024-07-18 13:27:00.016479493,85.450005,27.449308,706.6777,0.25,3.6335855,23.738539,0.4,24.0,-9.0,-1.0,0.0,1.0,300.0,0.4003934,train
2024-07-18 13:32:00.053100585,85.53335,27.381212,698.36145,0.25,3.7177448,23.605402,0.4,24.0,-9.0,-1.0,0.0,1.0,300.0,0.38182935,train
2024-07-18 13:37:00.007324219,85.61667,27.21533,693.1201,0.25,3.473494,23.629047,0.4,24.0,-9.0,-1.0,0.0,1.0,300.0,0.42555833,train
2024-07-18 13:42:00.016479493,85.700005,26.794378,692.06036,0.25,3.4542313,23.587393,0.4,24.0,-9.0,-1.0,0.0,1.0,300.0,0.5131434,train
2024-07-18 13:47:00.053100585,85.78335,27.005676,694.20355,0.25,3.244255,23.701641,0.4,24.0,-9.0,-1.0,0.0,1.0,300.0,0.59025395,train
2024-07-18 13:52:00.007324219,85.86667,27.230972,697.9109,0.25,3.0962763,23.680586,0.4,24.0,-9.0,-1.0,0.0,1.0,300.0,0.6032762,train
2024-07-18 13:57:00.016479493,85.950005,27.307823,697.3007,0.25,2.8825805,23.628664,0.4,24.0,-9.0,-1.0,0.0,1.0,300.0,0.535783,train
2024-07-18 14:02:00.053100585,86.03335,26.963005,696.901,0.25,2.3638704,23.528307,0.4,24.0,-9.0,-1.0,0.0,1.0,300.0,0.51540446,train
2024-07-18 14:07:00.007324219,86.11667,27.228996,724.701,0.25,2.1374967,23.660536,0.4,24.0,-9.0,-1.0,0.0,1.0,300.0,0.5551149,train
2024-07-18 14:12:00.016479493,86.200005,27.18471,698.28265,0.25,1.7669613,23.676823,0.4,24.0,-9.0,-1.0,0.0,1.0,300.0,0.5396562,train
2024-07-18 14:17:00.053100585,86.28335,27.281757,686.51575,0.25,1.6533155,23.567621,0.4,24.0,-9.0,-1.0,0.0,1.0,300.0,0.52058357,train
2024-07-18 14:22:00.007324219,86.36667,27.016247,677.63043,0.25,1.8436835,23.589464,0.4,24.0,-9.0,-1.0,0.0,1.0,300.0,0.51309806,train
2024-07-18 14:27:00.016479493,86.450005,26.709438,663.28015,0.25,1.868644,23.560413,0.4,24.0,-9.0,-1.0,0.0,1.0,300.0,0.5345901,train
2024-07-18 14:32:00.053100585,86.53335,26.863081,645.0878,0.25,2.5898936,23.619751,0.4,24.0,-3.6000001,-0.4,0.0,0.4,120.0,0.5252295,train
2024-07-18 14:37:00.007324219,86.61667,26.864618,654.9468,0.25,2.730518,23.554533,0.4,24.0,0.0,-0.0,-0.0,0.0,0.0,0.5437819,train
2024-07-18 14:42:00.016479493,86.700005,26.502687,643.703,0.25,2.835617,23.616283,0.4,24.0,0.0,-0.0,-0.0,0.0,0.0,0.5444383,train
2024-07-18 14:47:00.053100585,86.78335,26.90109,622.5263,0.25,2.9273949,23.678312,0.4,24.0,0.0,-0.0,-0.0,0.0,0.0,0.5320356,train
2024-07-18 14:52:00.007324219,86.86667,27.12922,610.4188,0.25,3.0423872,23.660435,0.4,24.0,0.0,-0.0,-0.0,0.0,0.0,0.53001237,train
2024-07-18 14:57:00.016479493,86.950005,27.350046,594.714,0.25,3.216294,23.714544,0.4,24.0,0.0,-0.0,-0.0,0.0,0.0,0.4703474,train
2024-07-18 15:02:00.053100585,87.03335,27.338379,589.71564,0.25,3.4151351,23.718973,0.4,24.0,0.0,-0.0,-0.0,0.0,0.0,0.48632413,train
2024-07-18 15:07:00.007324219,87.11667,27.47087,571.6821,0.25,3.4555435,24.014765,0.4,24.0,0.0,-0.0,-0.0,0.0,0.0,0.462831,train
2024-07-18 15:12:00.016479493,87.200005,27.128614,555.4631,0.25,3.247712,24.078264,0.4,24.0,0.0,-0.0,-0.0,0.0,0.0,0.47922716,train
2024-07-18 15:17:00.053100585,87.28335,27.216183,543.98914,0.25,3.054589,24.053118,0.4,24.0,0.0,-0.0,-0.0,0.0,0.0,0.50747424,train
2024-07-18 15:22:00.007324219,87.36667,27.408018,528.0521,0.25,2.6977043,24.169603,0.4,24.0,0.0,-0.0,-0.0,0.0,0.0,0.50545853,train
2024-07-18 15:27:00.016479493,87.450005,27.992647,490.01822,0.25,2.6544514,24.14705,0.4,24.0,0.0,-0.0,-0.0,0.0,0.0,0.48924237,train
2024-07-18 15:32:00.053100585,87.53335,28.0049,471.80826,0.25,2.505183,24.159367,0.4,24.0,0.0,-0.0,-0.0,0.0,0.0,0.5173108,train
2024-07-18 15:37:00.007324219,87.61667,28.315107,482.8404,0.25,2.3442278,24.349155,0.4,24.0,0.0,-0.0,-0.0,0.0,0.0,0.5608873,train
2024-07-18 15:42:00.016479493,87.700005,28.326767,469.95847,0.25,2.4089956,24.391775,0.4,24.0,0.0,-0.0,-0.0,0.0,0.0,0.6735348,train
2024-07-18 15:47:00.053100585,87.78335,28.022087,460.88492,0.25,2.2122848,24.318878,0.4,24.0,0.0,-0.0,-0.0,0.0,0.0,0.7109553,train
2024-07-18 15:52:00.007324219,87.86667,28.586689,455.28668,0.25,1.9432267,24.4733,0.4,24.0,-1.8000001,-0.2,0.0,0.2,60.0,0.73332745,train
2024-07-18 15:57:00.016479493,87.950005,28.426682,456.576,0.25,1.7418314,24.512012,0.4,24.0,-9.0,-1.0,0.0,1.0,300.0,0.70918876,train
2024-07-18 16:02:00.053100585,88.03335,28.459145,440.90756,0.25,1.7513783,24.441254,0.4,24.0,-9.0,-1.0,0.0,1.0,300.0,0.75521654,train
2024-07-18 16:07:00.007324219,88.11667,28.201748,436.70627,0.25,1.6739317,24.386683,0.4,24.0,-9.0,-1.0,0.0,1.0,300.0,0.82136106,train
2024-07-18 16:12:00.016479493,88.200005,28.082966,440.10544,0.25,1.4880342,24.409695,0.4,24.0,-9.0,-1.0,0.0,1.0,300.0,0.88557863,train
2024-07-18 16:17:00.053100585,88.28335,28.198072,427.1272,0.25,1.199802,24.55298,0.4,24.0,-9.0,-1.0,0.0,1.0,300.0,0.89015526,train
2024-07-18 16:22:00.007324219,88.36667,28.27217,418.10718,0.25,0.8612418,24.302896,0.4,24.0,-9.0,-1.0,0.0,1.0,300.0,0.92075175,train
2024-07-18 16:27:00.016479493,88.450005,27.992527,399.1205,0.25,0.7411066,24.386526,0.4,24.0,-9.0,-1.0,0.0,1.0,300.0,0.9005098,train
2024-07-18 16:32:00.053100585,88.53335,28.283659,388.71866,0.25,0.8894057,24.301823,0.4,24.0,-9.0,-1.0,0.0,1.0,300.0,0.9086651,train
2024-07-18 16:37:00.007324219,88.61667,28.367682,370.40878,0.25,0.90970653,24.188112,0.4,24.0,-9.0,-1.0,0.0,1.0,300.0,0.9224395,train
2024-07-18 16:42:00.016479493,88.700005,28.489548,360.47437,0.25,1.1116339,24.226162,0.4,24.0,-9.0,-1.0,0.0,1.0,300.0,0.9328812,train
2024-07-18 16:47:00.053100585,88.78335,28.58023,357.65488,0.25,1.0850688,24.177433,0.4,24.0,-9.0,-1.0,0.0,1.0,300.0,1.0066131,train
2024-07-18 16:52:00.007324219,88.86667,28.211987,341.21417,0.25,1.0834486,24.23027,0.4,24.0,-9.0,-1.0,0.0,1.0,300.0,1.0325582,train
2024-07-18 16:57:00.016479493,88.950005,28.37525,333.33493,0.25,1.1904743,24.081379,0.4,24.0,-9.0,-1.0,0.0,1.0,300.0,1.0952084,train
2024-07-18 17:02:00.053100585,89.03335,28.489346,320.81207,0.25,1.2899779,24.188564,0.4,24.0,-9.0,-1.0,0.0,1.0,300.0,1.1948446,train
2024-07-18 17:07:00.007324219,89.11667,28.805088,302.57114,0.25,1.1713918,24.177298,0.4,24.0,-9.0,-1.0,0.0,1.0,300.0,1.2338554,train
2024-07-18 17:12:00.016479493,89.200005,29.31548,293.5968,0.25,1.5704619,24.132992,0.4,24.0,-9.0,-1.0,0.0,1.0,300.0,1.2737315,train
2024-07-18 17:17:00.053100585,89.28335,29.554441,290.84454,0.25,1.6903304,24.028763,0.4,24.0,-9.0,-1.0,0.0,1.0,300.0,1.2572576,train
2024-07-18 17:22:00.007324219,89.36667,29.524008,278.83887,0.25,1.6534528,23.970898,0.4,24.0,-9.0,-1.0,0.0,1.0,300.0,1.2285575,train
2024-07-18 17:27:00.016479493,89.450005,29.622368,270.45453,0.25,1.7981768,24.017326,0.4,24.0,-9.0,-1.0,0.0,1.0,300.0,1.2158935,train
2024-07-18 17:32:00.053100585,89.53335,29.563475,263.43314,0.25,2.0276,23.906101,0.4,24.0,-9.0,-1.0,0.0,1.0,300.0,1.2144309,train
2024-07-18 17:37:00.007324219,89.61667,29.45704,244.59268,0.25,2.0639434,23.903862,0.4,24.0,-9.0,-1.0,0.0,1.0,300.0,1.2774979,train
2024-07-18 17:42:00.016479493,89.700005,29.74184,227.80586,0.25,2.0366833,23.668234,0.4,24.0,-9.0,-1.0,0.0,1.0,300.0,1.3545563,train
2024-07-18 17:47:00.053100585,89.78335,29.891539,213.92374,0.25,2.3435562,23.824087,0.4,24.0,-9.0,-1.0,0.0,1.0,300.0,1.3331449,train
2024-07-18 17:52:00.007324219,89.86667,29.84907,200.37779,0.25,2.2581213,23.841642,0.4,24.0,-9.0,-1.0,0.0,1.0,300.0,1.3221836,train
2024-07-18 17:57:00.016479493,89.950005,29.840252,191.53581,0.25,1.9604301,23.570747,0.4,24.0,-9.0,-1.0,0.0,1.0,300.0,1.3070086,train
2024-07-18 18:02:00.053100585,90.03335,29.943197,183.54712,0.25,1.9905605,23.681831,0.4,24.0,-9.0,-1.0,0.0,1.0,300.0,1.3105333,train
2024-07-18 18:07:00.007324219,90.11667,29.933453,176.67906,0.25,1.9453362,23.576355,0.4,24.0,-9.0,-1.0,0.0,1.0,300.0,1.347881,train
2024-07-18 18:12:00.016479493,90.200005,30.03497,163.5352,0.25,1.7274431,23.458986,0.4,24.0,-5.4,-0.6,0.0,0.6,180.0,1.3214452,train
2024-07-18 18:17:00.053100585,90.28335,30.145142,151.44252,0.25,1.4800227,23.598598,0.4,24.0,0.0,-0.0,-0.0,0.0,0.0,1.3367575,train
2024-07-18 18:22:00.007324219,90.36667,30.457617,140.4565,0.25,1.4095072,23.693684,0.4,24.0,0.0,-0.0,-0.0,0.0,0.0,1.3700571,train
2024-07-18 18:27:00.016479493,90.450005,30.198307,125.38537,0.25,1.5026737,23.671005,0.4,24.0,0.0,-0.0,-0.0,0.0,0.0,1.4105283,train
2024-07-18 18:32:00.053100585,90.53335,29.994795,116.32122,0.25,1.367988,23.699139,0.4,24.0,0.0,-0.0,-0.0,0.0,0.0,1.4376038,train
2024-07-18 18:37:00.007324219,90.61667,29.987564,107.295265,0.25,1.280464,23.724604,0.4,24.0,0.0,-0.0,-0.0,0.0,0.0,1.479926,train
2024-07-18 18:42:00.016479493,90.700005,29.891514,97.986855,0.25,1.4814783,23.811468,0.4,24.0,0.0,-0.0,-0.0,0.0,0.0,1.5258969,train
2024-07-18 18:47:00.053100585,90.78335,29.84762,83.68046,0.25,1.384546,23.750189,0.4,24.0,0.0,-0.0,-0.0,0.0,0.0,1.5706003,train
2024-07-18 18:52:00.007324219,90.86667,30.017654,67.13854,0.25,1.3074309,23.8716,0.4,24.0,0.0,-0.0,-0.0,0.0,0.0,1.540986,train
2024-07-18 18:57:00.016479493,90.950005,30.443615,53.512875,0.25,1.3622862,23.88961,0.4,24.0,0.0,-0.0,-0.0,0.0,0.0,1.5118836,train
2024-07-18 19:02:00.053100585,91.03335,30.039917,40.046143,0.25,1.5439548,23.999712,0.4,24.0,0.0,-0.0,-0.0,0.0,0.0,1.4877232,train
2024-07-18 19:07:00.007324219,91.11667,30.054317,28.585627,0.25,1.7490433,23.998798,0.4,24.0,0.0,-0.0,-0.0,0.0,0.0,1.5849503,train
2024-07-18 19:12:00.016479493,91.200005,30.387987,17.401114,0.25,1.5698324,24.152893,0.4,24.0,0.0,-0.0,-0.0,0.0,0.0,1.6097933,train
2024-07-18 19:17:00.053100585,91.28335,30.51311,6.106439,0.25,1.5365871,24.02069,0.4,24.0,0.0,-0.0,-0.0,0.0,0.0,1.6396534,train
2024-07-18 19:22:00.007324219,91.36667,29.94841,0.0,0.25,1.6256131,24.022991,0.4,24.0,0.0,-0.0,-0.0,0.0,0.0,1.597207,train
2024-07-18 19:27:00.016479493,91.450005,29.894173,0.0,0.25,1.766635,23.946173,0.4,24.0,0.0,-0.0,-0.0,0.0,0.0,1.5505689,train
2024-07-18 19:32:00.053100585,91.53335,30.051058,0.0,0.25,1.6251577,24.14434,0.4,24.0,0.0,-0.0,-0.0,0.0,0.0,1.5196375,train
2024-07-18 19:37:00.007324219,91.61667,30.027128,0.0,0.25,1.4897419,24.073143,0.4,24.0,0.0,-0.0,-0.0,0.0,0.0,1.4628022,train
2024-07-18 19:42:00.016479493,91.700005,30.037403,0.0,0.25,1.5008034,24.02799,0.4,24.0,0.0,-0.0,-0.0,0.0,0.0,1.4724134,train
2024-07-18 19:47:00.053100585,91.78335,30.338736,0.0,0.25,1.7066516,24.095945,0.4,24.0,0.0,-0.0,-0.0,0.0,0.0,1.4180748,train
2024-07-18 19:52:00.007324219,91.86667,30.542059,0.0,0.25,1.7794894,24.199188,0.4,24.0,0.0,-0.0,-0.0,0.0,0.0,1.39016,train
2024-07-18 19:57:00.016479493,91.950005,30.342943,0.0,0.25,1.6906321,24.1551,0.4,24.0,0.0,-0.0,-0.0,0.0,0.0,1.3870248,train
2024-07-18 20:02:00.053100585,92.03335,30.264334,0.0,0.25,1.619138,24.22164,0.4,24.0,0.0,-0.0,-0.0,0.0,0.0,1.4384145,train
2024-07-18 20:07:00.007324219,92.11667,29.714386,0.0,0.25,1.6548077,24.327322,0.4,24.0,0.0,-0.0,-0.0,0.0,0.0,1.4239434,train
2024-07-18 20:12:00.016479493,92.200005,29.892315,0.0,0.25,1.7133583,24.224852,0.4,24.0,0.0,-0.0,-0.0,0.0,0.0,1.4136243,train
2024-07-18 20:17:00.053100585,92.28335,29.855688,0.0,0.25,1.7248001,24.344763,0.4,24.0,0.0,-0.0,-0.0,0.0,0.0,1.4128095,train
2024-07-18 20:22:00.007324219,92.36667,29.723186,0.0,0.25,1.6352494,24.340868,0.4,24.0,0.0,-0.0,-0.0,0.0,0.0,1.3840435,train
2024-07-18 20:27:00.016479493,92.450005,29.484718,0.0,0.25,1.9517338,24.158915,0.4,24.0,0.0,-0.0,-0.0,0.0,0.0,1.3159153,train
2024-07-18 20:32:00.053100585,92.53335,29.501408,0.0,0.25,2.0465739,24.394066,0.4,24.0,0.0,-0.0,-0.0,0.0,0.0,1.3261775,train
2024-07-18 20:37:00.007324219,92.61667,29.251017,0.0,0.25,1.8525257,24.306072,0.4,24.0,0.0,-0.0,-0.0,0.0,0.0,1.3321015,train
2024-07-18 20:42:00.016479493,92.700005,29.21658,0.0,0.25,1.8316088,24.336391,0.4,24.0,0.0,-0.0,-0.0,0.0,0.0,1.2685883,train
2024-07-18 20:47:00.053100585,92.78335,29.075357,0.0,0.25,1.897662,24.411432,0.4,24.0,0.0,-0.0,-0.0,0.0,0.0,1.215023,train
2024-07-18 20:52:00.007324219,92.86667,29.430735,0.0,0.25,1.733384,24.4369,0.4,24.0,0.0,-0.0,-0.0,0.0,0.0,1.198129,train
2024-07-18 20:57:00.016479493,92.950005,29.379475,0.0,0.25,1.6255877,24.313126,0.4,24.0,0.0,-0.0,-0.0,0.0,0.0,1.1560454,train
2024-07-18 21:02:00.053100585,93.03335,29.23794,0.0,0.25,1.6484511,24.480734,0.4,24.0,0.0,-0.0,-0.0,0.0,0.0,1.11183,train
2024-07-18 21:07:00.007324219,93.11667,29.085857,0.0,0.25,1.9229027,24.410143,0.4,24.0,0.0,-0.0,-0.0,0.0,0.0,1.0834051,train
2024-07-18 21:12:00.016479493,93.200005,28.860624,0.0,0.25,2.1260014,24.337805,0.4,24.0,0.0,-0.0,-0.0,0.0,0.0,1.0182076,train
2024-07-18 21:17:00.053100585,93.28335,28.583302,0.0,0.25,2.0301754,24.45197,0.4,24.0,-3.6000001,-0.4,0.0,0.4,120.0,0.9854216,train
2024-07-18 21:22:00.007324219,93.36667,28.7708,0.0,0.25,1.9924954,24.278097,0.4,24.0,-9.0,-1.0,0.0,1.0,300.0,0.9255678,train
2024-07-18 21:27:00.016479493,93.450005,28.411524,0.0,0.25,2.0305822,24.391382,0.4,24.0,-9.0,-1.0,0.0,1.0,300.0,0.88680935,train
2024-07-18 21:32:00.053100585,93.53335,28.693745,0.0,0.25,2.2388506,24.34934,0.4,24.0,-9.0,-1.0,0.0,1.0,300.0,0.9232379,train
2024-07-18 21:37:00.007324219,93.61667,28.784245,0.0,0.25,2.3285253,24.224371,0.4,24.0,-9.0,-1.0,0.0,1.0,300.0,0.9444751,train
2024-07-18 21:42:00.016479493,93.700005,28.824633,0.0,0.25,2.2067566,24.194952,0.4,24.0,-9.0,-1.0,0.0,1.0,300.0,0.92194265,train
2024-07-18 21:47:00.053100585,93.78335,28.92341,0.0,0.25,2.06841,24.143972,0.4,24.0,-9.0,-1.0,0.0,1.0,300.0,0.8554969,train
2024-07-18 21:52:00.007324219,93.86667,28.797806,0.0,0.25,2.391405,24.012701,0.4,24.0,-9.0,-1.0,0.0,1.0,300.0,0.7917303,train
2024-07-18 21:57:00.016479493,93.950005,28.33835,0.0,0.25,2.8747091,24.109077,0.4,24.0,-9.0,-1.0,0.0,1.0,300.0,0.78005904,train
2024-07-18 22:02:00.053100585,94.03335,28.571304,0.0,0.25,3.0144832,24.044523,0.4,26.5,0.0,-0.0,-0.0,0.0,0.0,0.75539714,train
2024-07-18 22:07:00.007324219,94.11667,28.135391,0.0,0.25,2.8232245,23.935774,0.4,26.5,0.0,-0.0,-0.0,0.0,0.0,0.74556476,train
2024-07-18 22:12:00.016479493,94.200005,28.026564,0.0,0.25,2.7978,24.014442,0.4,26.5,0.0,-0.0,-0.0,0.0,0.0,0.71882325,train
2024-07-18 22:17:00.053100585,94.28335,27.714567,0.0,0.25,2.9428692,24.040644,0.4,26.5,0.0,-0.0,-0.0,0.0,0.0,0.6921947,train
2024-07-18 22:22:00.007324219,94.36667,28.083586,0.0,0.25,2.909811,24.112022,0.4,26.5,0.0,-0.0,-0.0,0.0,0.0,0.6555967,train
2024-07-18 22:27:00.016479493,94.450005,28.104086,0.0,0.25,2.8217475,24.028612,0.4,26.5,0.0,-0.0,-0.0,0.0,0.0,0.7037461,train
2024-07-18 22:32:00.053100585,94.53335,27.92717,0.0,0.25,2.8073118,24.137888,0.4,26.5,0.0,-0.0,-0.0,0.0,0.0,0.6729045,train
2024-07-18 22:37:00.007324219,94.61667,27.948826,0.0,0.25,2.6965451,24.049494,0.4,26.5,0.0,-0.0,-0.0,0.0,0.0,0.66459864,train
2024-07-18 22:42:00.016479493,94.700005,27.635813,0.0,0.25,2.861287,24.340714,0.4,26.5,0.0,-0.0,-0.0,0.0,0.0,0.69866484,train
2024-07-18 22:47:00.053100585,94.78335,27.892584,0.0,0.25,2.8390334,24.269623,0.4,26.5,0.0,-0.0,-0.0,0.0,0.0,0.7307095,train
2024-07-18 22:52:00.007324219,94.86667,28.09454,0.0,0.25,2.7906656,24.25327,0.4,26.5,0.0,-0.0,-0.0,0.0,0.0,0.7149063,train
2024-07-18 22:57:00.016479493,94.950005,27.724382,0.0,0.25,2.9572408,24.223408,0.4,26.5,0.0,-0.0,-0.0,0.0,0.0,0.70353216,train
2024-07-18 23:02:00.053100585,95.03335,27.561068,0.0,0.25,3.0243165,24.26044,0.4,26.5,0.0,-0.0,-0.0,0.0,0.0,0.6267572,train
2024-07-18 23:07:00.007324219,95.11667,27.877518,0.0,0.25,3.144059,24.256632,0.4,26.5,0.0,-0.0,-0.0,0.0,0.0,0.62618846,train
2024-07-18 23:12:00.016479493,95.200005,27.906876,0.0,0.25,3.4398193,24.147835,0.4,26.5,0.0,-0.0,-0.0,0.0,0.0,0.69134355,train
2024-07-18 23:17:00.053100585,95.28335,27.492556,0.0,0.25,3.7428703,24.360403,0.4,26.5,0.0,-0.0,-0.0,0.0,0.0,0.65854996,train
2024-07-18 23:22:00.007324219,95.36667,27.63945,0.0,0.25,3.3950832,24.380981,0.4,26.5,0.0,-0.0,-0.0,0.0,0.0,0.5785416,train
2024-07-18 23:27:00.016479493,95.450005,27.880327,0.0,0.25,3.1048489,24.225208,0.4,26.5,0.0,-0.0,-0.0,0.0,0.0,0.55355155,train
2024-07-18 23:32:00.053100585,95.53335,27.62429,0.0,0.25,2.9062557,24.181185,0.4,26.5,0.0,-0.0,-0.0,0.0,0.0,0.4538734,train
2024-07-18 23:37:00.007324219,95.61667,27.280596,0.0,0.25,2.8017514,24.215136,0.4,26.5,0.0,-0.0,-0.0,0.0,0.0,0.47237632,train
2024-07-18 23:42:00.016479493,95.700005,27.131327,0.0,0.25,2.7245314,24.438128,0.4,26.5,0.0,-0.0,-0.0,0.0,0.0,0.47439215,train
2024-07-18 23:47:00.053100585,95.78335,26.504063,0.0,0.25,2.6179965,24.206518,0.4,26.5,0.0,-0.0,-0.0,0.0,0.0,0.5360983,train
2024-07-18 23:52:00.007324219,95.86667,26.559473,0.0,0.25,2.4322355,24.258059,0.4,26.5,0.0,-0.0,-0.0,0.0,0.0,0.5601339,train
2024-07-18 23:57:00.016479493,95.950005,26.131542,0.0,0.25,2.6031055,24.397373,0.4,26.5,0.0,-0.0,-0.0,0.0,0.0,0.51437443,train
2024-07-19 00:02:00.053100585,96.03335,25.936934,0.0,0.25,2.681961,24.254263,0.4,26.5,0.0,-0.0,-0.0,0.0,0.0,0.5113792,train
2024-07-19 00:07:00.007324219,96.11667,25.744389,0.0,0.25,2.411953,24.307854,0.4,26.5,0.0,-0.0,-0.0,0.0,0.0,0.55224854,train
2024-07-19 00:12:00.016479493,96.200005,25.883955,0.0,0.25,2.3196304,24.393145,0.4,26.5,0.0,-0.0,-0.0,0.0,0.0,0.5934024,train
2024-07-19 00:17:00.053100585,96.28335,25.508888,0.0,0.25,2.2385957,24.38339,0.4,26.5,0.0,-0.0,-0.0,0.0,0.0,0.57166713,train
2024-07-19 00:22:00.007324219,96.36667,25.516354,0.0,0.25,2.346814,24.329422,0.4,26.5,0.0,-0.0,-0.0,0.0,0.0,0.51930773,train
2024-07-19 00:27:00.016479493,96.450005,25.359873,0.0,0.25,2.3394024,24.449778,0.4,26.5,0.0,-0.0,-0.0,0.0,0.0,0.52558607,train
2024-07-19 00:32:00.053100585,96.53335,25.035746,0.0,0.25,2.259452,24.30946,0.4,26.5,0.0,-0.0,-0.0,0.0,0.0,0.5193486,train
2024-07-19 00:37:00.007324219,96.61667,24.850634,0.0,0.25,2.2653952,24.29869,0.4,26.5,0.0,-0.0,-0.0,0.0,0.0,0.48891312,train
2024-07-19 00:42:00.016479493,96.700005,24.83312,0.0,0.25,2.4155138,24.369495,0.4,26.5,0.0,-0.0,-0.0,0.0,0.0,0.527837,train
2024-07-19 00:47:00.053100585,96.78335,24.42483,0.0,0.25,2.74377,24.349655,0.4,26.5,0.0,-0.0,-0.0,0.0,0.0,0.5398988,train
2024-07-19 00:52:00.007324219,96.86667,24.448927,0.0,0.25,2.7903535,24.488817,0.4,26.5,0.0,-0.0,-0.0,0.0,0.0,0.5177461,train
2024-07-19 00:57:00.016479493,96.950005,24.287928,0.0,0.25,2.6693544,24.378977,0.4,26.5,0.0,-0.0,-0.0,0.0,0.0,0.5241172,train
2024-07-19 01:02:00.053100585,97.03335,24.786343,0.0,0.25,2.6751752,24.350145,0.4,26.5,0.0,-0.0,-0.0,0.0,0.0,0.5116358,train
2024-07-19 01:07:00.007324219,97.11667,24.610672,0.0,0.25,2.664179,24.463846,0.4,26.5,0.0,-0.0,-0.0,0.0,0.0,0.50304556,train
2024-07-19 01:12:00.016479493,97.200005,24.149437,0.0,0.25,2.6541278,24.298914,0.4,26.5,0.0,-0.0,-0.0,0.0,0.0,0.4726617,train
2024-07-19 01:17:00.053100585,97.28335,24.292162,0.0,0.25,2.6243153,24.370552,0.4,26.5,0.0,-0.0,-0.0,0.0,0.0,0.45167547,train
2024-07-19 01:22:00.007324219,97.36667,23.963163,0.0,0.25,2.9142728,24.34465,0.4,26.5,0.0,-0.0,-0.0,0.0,0.0,0.48506045,train
2024-07-19 01:27:00.016479493,97.450005,24.547626,0.0,0.25,2.8917356,24.46178,0.4,26.5,0.0,-0.0,-0.0,0.0,0.0,0.49941483,train
2024-07-19 01:32:00.053100585,97.53335,24.758183,0.0,0.25,3.1640518,24.41403,0.4,26.5,0.0,-0.0,-0.0,0.0,0.0,0.47086975,train
2024-07-19 01:37:00.007324219,97.61667,24.795523,0.0,0.25,3.1731567,24.35753,0.4,26.5,0.0,-0.0,-0.0,0.0,0.0,0.4314724,train
2024-07-19 01:42:00.016479493,97.700005,24.527521,0.0,0.25,3.138918,24.254908,0.4,26.5,0.0,-0.0,-0.0,0.0,0.0,0.45393783,train
2024-07-19 01:47:00.053100585,97.78335,24.303871,0.0,0.25,2.549567,24.446838,0.4,26.5,0.0,-0.0,-0.0,0.0,0.0,0.43496546,train
2024-07-19 01:52:00.007324219,97.86667,24.470184,0.0,0.25,2.3880541,24.349043,0.4,26.5,0.0,-0.0,-0.0,0.0,0.0,0.40655747,train
2024-07-19 01:57:00.016479493,97.950005,24.17046,0.0,0.25,2.1599367,24.380419,0.4,26.5,0.0,-0.0,-0.0,0.0,0.0,0.43679905,train
2024-07-19 02:02:00.053100585,98.03335,24.371,0.0,0.25,1.9120127,24.421824,0.4,26.5,0.0,-0.0,-0.0,0.0,0.0,0.5186536,train
2024-07-19 02:07:00.007324219,98.11667,24.220388,0.0,0.25,1.9277142,24.397097,0.4,26.5,0.0,-0.0,-0.0,0.0,0.0,0.50633353,train
2024-07-19 02:12:00.016479493,98.200005,24.164467,0.0,0.25,1.8812901,24.352655,0.4,26.5,0.0,-0.0,-0.0,0.0,0.0,0.47911835,train
2024-07-19 02:17:00.053100585,98.28335,24.23791,0.0,0.25,2.2625198,24.451344,0.4,26.5,0.0,-0.0,-0.0,0.0,0.0,0.5157032,train
2024-07-19 02:22:00.007324219,98.36667,24.283585,0.0,0.25,2.405188,24.45897,0.4,26.5,0.0,-0.0,-0.0,0.0,0.0,0.5244877,train
2024-07-19 02:27:00.016479493,98.450005,24.046738,0.0,0.25,2.5763335,24.41358,0.4,26.5,0.0,-0.0,-0.0,0.0,0.0,0.5046117,train
2024-07-19 02:32:00.053100585,98.53335,24.138052,0.0,0.25,2.6854188,24.377428,0.4,26.5,0.0,-0.0,-0.0,0.0,0.0,0.45863977,train
2024-07-19 02:37:00.007324219,98.61667,23.73859,0.0,0.25,2.9048476,24.302614,0.4,26.5,0.0,-0.0,-0.0,0.0,0.0,0.44710985,train
2024-07-19 02:42:00.016479493,98.700005,23.690819,0.0,0.25,3.0014274,24.336706,0.4,26.5,0.0,-0.0,-0.0,0.0,0.0,0.46958485,train
2024-07-19 02:47:00.053100585,98.78335,23.42084,0.0,0.25,3.2137082,24.5101,0.4,26.5,0.0,-0.0,-0.0,0.0,0.0,0.54010266,train
2024-07-19 02:52:00.007324219,98.86667,23.092718,0.0,0.25,3.169687,24.254627,0.4,26.5,0.0,-0.0,-0.0,0.0,0.0,0.49135232,train
2024-07-19 02:57:00.016479493,98.950005,22.569813,0.0,0.25,2.8828225,24.457201,0.4,26.5,0.0,-0.0,-0.0,0.0,0.0,0.44508868,train
2024-07-19 03:02:00.053100585,99.03335,22.623411,0.0,0.25,2.8028286,24.300533,0.4,26.5,0.0,-0.0,-0.0,0.0,0.0,0.45036513,train
2024-07-19 03:07:00.007324219,99.11667,22.550205,0.0,0.25,2.8377166,24.43895,0.4,26.5,0.0,-0.0,-0.0,0.0,0.0,0.43364215,train
2024-07-19 03:12:00.016479493,99.200005,22.469896,0.0,0.25,3.0153308,24.36552,0.4,26.5,0.0,-0.0,-0.0,0.0,0.0,0.4650825,train
2024-07-19 03:17:00.053100585,99.28335,22.33663,0.0,0.25,2.8813376,24.379385,0.4,26.5,0.0,-0.0,-0.0,0.0,0.0,0.43460837,train
2024-07-19 03:22:00.007324219,99.36667,22.242514,0.0,0.25,2.9638085,24.273531,0.4,26.5,0.0,-0.0,-0.0,0.0,0.0,0.3773623,train
2024-07-19 03:27:00.016479493,99.450005,22.240063,0.0,0.25,2.745793,24.331812,0.4,26.5,0.0,-0.0,-0.0,0.0,0.0,0.34045863,train
2024-07-19 03:32:00.053100585,99.53335,21.84216,0.0,0.25,2.6404772,24.373192,0.4,26.5,0.0,-0.0,-0.0,0.0,0.0,0.31108934,train
2024-07-19 03:37:00.007324219,99.61667,21.566586,0.0,0.25,2.5857582,24.384542,0.4,26.5,0.0,-0.0,-0.0,0.0,0.0,0.29719096,train
2024-07-19 03:42:00.016479493,99.700005,21.463942,0.0,0.25,2.840361,24.296785,0.4,26.5,0.0,-0.0,-0.0,0.0,0.0,0.26505828,train
2024-07-19 03:47:00.053100585,99.78335,21.120853,0.0,0.25,2.8327832,24.298878,0.4,26.5,0.0,-0.0,-0.0,0.0,0.0,0.2900543,train
2024-07-19 03:52:00.007324219,99.86667,20.939825,0.0,0.25,2.783453,24.27989,0.4,26.5,0.0,-0.0,-0.0,0.0,0.0,0.31646705,train
2024-07-19 03:57:00.016479493,99.950005,21.321962,0.0,0.25,2.7344768,24.302856,0.4,26.5,0.0,-0.0,-0.0,0.0,0.0,0.3142618,train
2024-07-19 04:02:00.053100585,100.03335,21.349077,0.0,0.25,2.8896222,24.384663,0.4,26.5,0.0,-0.0,-0.0,0.0,0.0,0.30516466,train
2024-07-19 04:07:00.007324219,100.11667,21.63623,0.0,0.25,2.997566,24.183514,0.4,26.5,0.0,-0.0,-0.0,0.0,0.0,0.3793604,train
2024-07-19 04:12:00.016479493,100.200005,21.804802,0.0,0.25,2.9954803,24.180029,0.4,26.5,0.0,-0.0,-0.0,0.0,0.0,0.40486857,train
2024-07-19 04:17:00.053100585,100.28335,21.577358,0.0,0.25,3.1469357,24.303078,0.4,26.5,0.0,-0.0,-0.0,0.0,0.0,0.3551905,train
2024-07-19 04:22:00.007324219,100.36667,21.67568,0.0,0.25,3.3573346,24.415262,0.4,26.5,0.0,-0.0,-0.0,0.0,0.0,0.34433252,train
2024-07-19 04:27:00.016479493,100.450005,21.768772,0.0,0.25,3.399347,24.18276,0.4,26.5,0.0,-0.0,-0.0,0.0,0.0,0.3730944,train
2024-07-19 04:32:00.053100585,100.53335,21.276873,0.0,0.25,3.3801506,24.187498,0.4,26.5,0.0,-0.0,-0.0,0.0,0.0,0.38074055,train
2024-07-19 04:37:00.007324219,100.61667,21.51277,0.0,0.25,3.1524265,24.181929,0.4,26.5,0.0,-0.0,-0.0,0.0,0.0,0.38772103,train
2024-07-19 04:42:00.016479493,100.700005,21.46824,3.4789758,0.25,2.9181848,24.24443,0.4,26.5,0.0,-0.0,-0.0,0.0,0.0,0.41886377,train
2024-07-19 04:47:00.053100585,100.78335,21.377268,14.845822,0.25,2.764914,24.255608,0.4,26.5,0.0,-0.0,-0.0,0.0,0.0,0.4806845,train
2024-07-19 04:52:00.007324219,100.86667,21.72359,26.228867,0.25,2.7366092,24.206388,0.4,26.5,0.0,-0.0,-0.0,0.0,0.0,0.47628665,train
2024-07-19 04:57:00.016479493,100.950005,21.689674,36.216606,0.25,2.3901408,24.141062,0.4,26.5,0.0,-0.0,-0.0,0.0,0.0,0.45563504,train
2024-07-19 05:02:00.053100585,101.03335,21.668304,47.47579,0.25,2.282936,24.190355,0.4,26.5,0.0,-0.0,-0.0,0.0,0.0,0.4295353,train
2024-07-19 05:07:00.007324219,101.11667,21.380585,62.470875,0.25,2.076265,24.139898,0.4,26.5,0.0,-0.0,-0.0,0.0,0.0,0.4124337,train
2024-07-19 05:12:00.016479493,101.200005,21.088324,75.07607,0.25,1.9120802,24.230473,0.4,26.5,0.0,-0.0,-0.0,0.0,0.0,0.5147521,train
2024-07-19 05:17:00.053100585,101.28335,21.514364,84.85906,0.25,1.6854995,24.194244,0.4,26.5,0.0,-0.0,-0.0,0.0,0.0,0.49084875,train
2024-07-19 05:22:00.007324219,101.36667,21.496258,96.67479,0.25,1.6385853,24.238142,0.4,26.5,0.0,-0.0,-0.0,0.0,0.0,0.47161704,train
2024-07-19 05:27:00.016479493,101.450005,21.555065,105.58691,0.25,1.7914991,24.223083,0.4,26.5,0.0,-0.0,-0.0,0.0,0.0,0.45850047,train
2024-07-19 05:32:00.053100585,101.53335,21.454483,118.58193,0.25,1.7458562,24.25756,0.4,26.5,0.0,-0.0,-0.0,0.0,0.0,0.44137278,train
2024-07-19 05:37:00.007324219,101.61667,21.116112,126.76045,0.25,1.5972958,24.14658,0.4,26.5,0.0,-0.0,-0.0,0.0,0.0,0.42267996,train
2024-07-19 05:42:00.016479493,101.700005,20.949015,137.53426,0.25,1.7335075,24.181671,0.4,26.5,0.0,-0.0,-0.0,0.0,0.0,0.44548136,train
2024-07-19 05:47:00.053100585,101.78335,21.014805,144.00914,0.25,1.5881656,24.168503,0.4,26.5,0.0,-0.0,-0.0,0.0,0.0,0.4790258,train
2024-07-19 05:52:00.007324219,101.86667,20.864407,155.23515,0.25,1.5668993,24.2337,0.4,26.5,0.0,-0.0,-0.0,0.0,0.0,0.47422478,train
2024-07-19 05:57:00.016479493,101.950005,20.67102,167.22859,0.25,1.4937603,24.127377,0.4,26.5,0.0,-0.0,-0.0,0.0,0.0,0.5083502,train
2024-07-19 06:02:00.053100585,102.03335,20.588594,178.86473,0.25,1.4946282,24.18448,0.4,26.5,0.0,-0.0,-0.0,0.0,0.0,0.50791657,train
2024-07-19 06:07:00.007324219,102.11667,20.606197,183.34271,0.25,1.4782921,24.229347,0.4,26.5,0.0,-0.0,-0.0,0.0,0.0,0.5327062,train
2024-07-19 06:12:00.016479493,102.200005,20.894455,192.33354,0.25,1.6886864,24.10644,0.4,26.5,0.0,-0.0,-0.0,0.0,0.0,0.5864491,train
2024-07-19 06:17:00.053100585,102.28335,20.797222,206.36058,0.25,1.4504037,24.06078,0.4,26.5,0.0,-0.0,-0.0,0.0,0.0,0.6097952,train
2024-07-19 06:22:00.034790037,102.36668,20.695469,217.65218,0.25,1.4515713,24.185003,0.4,26.5,0.0,-0.0,-0.0,0.0,0.0,0.58915323,train
2024-07-19 06:27:00.016479493,102.450005,20.677797,228.13237,0.25,1.4271166,24.154785,0.4,26.5,0.0,-0.0,-0.0,0.0,0.0,0.58593816,train
2024-07-19 06:32:00.025634767,102.53334,20.821472,250.21854,0.25,1.6872876,24.211256,0.4,26.5,0.0,-0.0,-0.0,0.0,0.0,0.6412594,train
2024-07-19 06:37:00.034790037,102.61668,20.732542,257.27228,0.25,1.8923349,24.34901,0.4,26.5,0.0,-0.0,-0.0,0.0,0.0,0.692484,train
2024-07-19 06:42:00.016479493,102.700005,21.631214,256.14468,0.25,2.002148,24.068792,0.4,26.5,0.0,-0.0,-0.0,0.0,0.0,0.67035544,train
2024-07-19 06:47:00.025634767,102.78334,21.900589,258.95462,0.25,2.08638,24.257122,0.4,26.5,0.0,-0.0,-0.0,0.0,0.0,0.6964202,train
2024-07-19 06:52:00.034790037,102.86668,21.87234,278.22705,0.25,2.2174327,24.157166,0.4,26.5,0.0,-0.0,-0.0,0.0,0.0,0.767867,train
2024-07-19 06:57:00.016479493,102.950005,21.630407,293.88583,0.25,2.260604,24.280863,0.4,26.5,0.0,-0.0,-0.0,0.0,0.0,0.7420961,train
2024-07-19 07:02:00.025634767,103.03334,21.22139,300.52475,0.25,2.2703328,24.136215,0.4,24.0,0.0,-0.0,-0.0,0.0,0.0,0.718334,train
2024-07-19 07:07:00.034790037,103.11668,21.136536,308.35162,0.25,2.3339944,24.247654,0.4,24.0,0.0,-0.0,-0.0,0.0,0.0,0.7066557,train
2024-07-19 07:12:00.016479493,103.200005,20.932987,308.6113,0.25,2.6646163,24.179216,0.4,24.0,0.0,-0.0,-0.0,0.0,0.0,0.74711007,train
2024-07-19 07:17:00.025634767,103.28334,20.842026,316.98743,0.25,2.9338937,24.400227,0.4,24.0,0.0,-0.0,-0.0,0.0,0.0,0.78134954,train
2024-07-19 07:22:00.034790037,103.36668,20.925013,333.90875,0.25,2.6858976,24.204584,0.4,24.0,0.0,-0.0,-0.0,0.0,0.0,0.7791098,train
2024-07-19 07:27:00.016479493,103.450005,20.74827,347.31235,0.25,2.8681743,24.251284,0.4,24.0,0.0,-0.0,-0.0,0.0,0.0,0.80538267,train
2024-07-19 07:32:00.025634767,103.53334,20.51876,343.00827,0.25,2.8416536,24.319687,0.4,24.0,0.0,-0.0,-0.0,0.0,0.0,0.8577299,train
2024-07-19 07:37:00.034790037,103.61668,20.512804,351.8857,0.25,2.5934718,24.324377,0.4,24.0,0.0,-0.0,-0.0,0.0,0.0,0.9055498,train
2024-07-19 07:42:00.016479493,103.700005,20.646906,348.06857,0.25,2.5340464,24.342623,0.4,24.0,0.0,-0.0,-0.0,0.0,0.0,0.9419411,train
2024-07-19 07:47:00.025634767,103.78334,20.63304,351.53952,0.25,2.5118973,24.480814,0.4,24.0,0.0,-0.0,-0.0,0.0,0.0,0.9780335,train
2024-07-19 07:52:00.034790037,103.86668,20.651014,363.18918,0.25,2.4127786,24.532541,0.4,24.0,0.0,-0.0,-0.0,0.0,0.0,1.0018486,train
2024-07-19 07:57:00.016479493,103.950005,21.038113,372.5729,0.25,2.2561002,24.468435,0.4,24.0,-1.8000001,-0.2,0.0,0.2,60.0,0.9861103,train
2024-07-19 08:02:00.025634767,104.03334,21.16361,383.34262,0.25,1.9717861,24.456814,0.4,24.0,-9.0,-1.0,0.0,1.0,300.0,0.97649854,train
2024-07-19 08:07:00.034790037,104.11668,21.264683,411.3945,0.25,1.8092949,24.328527,0.4,24.0,-9.0,-1.0,0.0,1.0,300.0,0.93191737,train
2024-07-19 08:12:00.016479493,104.200005,20.911259,432.2839,0.25,1.6858765,24.26912,0.4,24.0,-9.0,-1.0,0.0,1.0,300.0,0.9156699,train
2024-07-19 08:17:00.025634767,104.28334,21.114384,432.37582,0.25,1.7263145,24.298946,0.4,24.0,-9.0,-1.0,0.0,1.0,300.0,0.9651089,train
2024-07-19 08:22:00.034790037,104.36668,21.10298,428.46475,0.25,1.8282517,24.334278,0.4,24.0,-9.0,-1.0,0.0,1.0,300.0,0.9360588,train
2024-07-19 08:27:00.016479493,104.450005,20.83678,429.09543,0.25,2.015351,24.065405,0.4,24.0,-9.0,-1.0,0.0,1.0,300.0,0.87995976,train
2024-07-19 08:32:00.025634767,104.53334,21.163082,431.37433,0.25,2.2065747,24.078308,0.4,24.0,-9.0,-1.0,0.0,1.0,300.0,0.881621,train
2024-07-19 08:37:00.034790037,104.61668,21.417543,423.6953,0.25,2.391623,23.975595,0.4,24.0,-9.0,-1.0,0.0,1.0,300.0,0.8684722,train
2024-07-19 08:42:00.016479493,104.700005,21.599642,436.3835,0.25,2.345519,23.986063,0.4,24.0,-9.0,-1.0,0.0,1.0,300.0,0.80750847,train
2024-07-19 08:47:00.025634767,104.78334,21.330873,439.8067,0.25,2.52672,24.134882,0.4,24.0,-9.0,-1.0,0.0,1.0,300.0,0.849775,train
2024-07-19 08:52:00.034790037,104.86668,21.544292,456.49957,0.25,2.5001667,23.908947,0.4,24.0,-9.0,-1.0,0.0,1.0,300.0,0.847332,train
2024-07-19 08:57:00.016479493,104.950005,21.630966,450.26865,0.25,2.243747,23.883831,0.4,24.0,-9.0,-1.0,0.0,1.0,300.0,0.875968,train
2024-07-19 09:02:00.025634767,105.03334,21.573988,453.29453,0.25,2.3355691,23.798841,0.4,24.0,-9.0,-1.0,0.0,1.0,300.0,0.8528749,train
2024-07-19 09:07:00.034790037,105.11668,21.525988,466.90085,0.25,2.2964392,23.806486,0.4,24.0,-9.0,-1.0,0.0,1.0,300.0,0.8280675,train
2024-07-19 09:12:00.016479493,105.200005,21.922047,492.39658,0.25,2.4825878,23.719688,0.4,24.0,-9.0,-1.0,0.0,1.0,300.0,0.77750045,train
2024-07-19 09:17:00.025634767,105.28334,21.72308,505.25266,0.25,2.6119306,23.648235,0.4,24.0,-9.0,-1.0,0.0,1.0,300.0,0.78626996,train
2024-07-19 09:22:00.034790037,105.36668,21.592121,491.6017,0.25,2.3197248,23.55786,0.4,24.0,-7.2000003,-0.8,0.0,0.8,240.0,0.78355724,train
2024-07-19 09:27:00.016479493,105.450005,21.555273,505.4903,0.25,2.1155117,23.478247,0.4,24.0,0.0,-0.0,-0.0,0.0,0.0,0.70014906,train
2024-07-19 09:32:00.025634767,105.53334,21.62611,522.36224,0.25,2.127519,23.557947,0.4,24.0,0.0,-0.0,-0.0,0.0,0.0,0.66309863,train
2024-07-19 09:37:00.034790037,105.61668,21.98511,512.4054,0.25,2.2413373,23.506472,0.4,24.0,0.0,-0.0,-0.0,0.0,0.0,0.67213947,train
2024-07-19 09:42:00.016479493,105.700005,22.161295,505.75754,0.25,2.2332613,23.570559,0.4,24.0,0.0,-0.0,-0.0,0.0,0.0,0.6496346,train
2024-07-19 09:47:00.025634767,105.78334,22.140251,509.16064,0.25,2.3406613,23.734428,0.4,24.0,0.0,-0.0,-0.0,0.0,0.0,0.60218424,train
2024-07-19 09:52:00.034790037,105.86668,22.187147,497.74893,0.25,2.3727133,23.666569,0.4,24.0,0.0,-0.0,-0.0,0.0,0.0,0.5890233,train
2024-07-19 09:57:00.016479493,105.950005,22.358227,494.07187,0.25,2.257565,23.75707,0.4,24.0,0.0,-0.0,-0.0,0.0,0.0,0.58364266,train
2024-07-19 10:02:00.025634767,106.03334,22.715927,485.98184,0.25,2.4461982,23.75349,0.4,24.0,0.0,-0.0,-0.0,0.0,0.0,0.62976176,train
2024-07-19 10:07:00.034790037,106.11668,22.824265,493.27292,0.25,2.578419,23.706442,0.4,24.0,0.0,-0.0,-0.0,0.0,0.0,0.6454915,train
2024-07-19 10:12:00.016479493,106.200005,23.086117,512.71515,0.25,2.712962,23.864525,0.4,24.0,0.0,-0.0,-0.0,0.0,0.0,0.66958904,train
2024-07-19 10:17:00.025634767,106.28334,23.026096,522.7341,0.25,2.69308,23.816519,0.4,24.0,0.0,-0.0,-0.0,0.0,0.0,0.6507672,train
2024-07-19 10:22:00.034790037,106.36668,22.897812,547.1377,0.25,2.5351293,23.82564,0.4,24.0,0.0,-0.0,-0.0,0.0,0.0,0.62441915,train
2024-07-19 10:27:00.016479493,106.450005,23.091019,553.3744,0.25,2.9401288,23.898584,0.4,24.0,0.0,-0.0,-0.0,0.0,0.0,0.60731506,train
2024-07-19 10:32:00.025634767,106.53334,23.21781,563.48254,0.25,2.9019005,24.029036,0.4,24.0,0.0,-0.0,-0.0,0.0,0.0,0.5439343,train
2024-07-19 10:37:00.034790037,106.61668,23.39088,584.64984,0.25,3.051617,23.894602,0.4,24.0,0.0,-0.0,-0.0,0.0,0.0,0.54358566,train
2024-07-19 10:42:00.016479493,106.700005,23.18082,616.9596,0.25,3.0972269,24.081764,0.4,24.0,0.0,-0.0,-0.0,0.0,0.0,0.51639974,train
2024-07-19 10:47:00.025634767,106.78334,23.53767,627.3776,0.25,3.17063,24.157387,0.4,24.0,0.0,-0.0,-0.0,0.0,0.0,0.5148449,train
2024-07-19 10:52:00.034790037,106.86668,23.229973,644.0105,0.25,3.2503197,24.347054,0.4,24.0,0.0,-0.0,-0.0,0.0,0.0,0.50878733,train
2024-07-19 10:57:00.016479493,106.950005,23.17737,651.32947,0.25,3.1144872,24.270063,0.4,24.0,0.0,-0.0,-0.0,0.0,0.0,0.54577965,train
2024-07-19 11:02:00.025634767,107.03334,23.342476,654.5976,0.25,3.2936437,24.239677,0.4,24.0,0.0,-0.0,-0.0,0.0,0.0,0.533973,train
2024-07-19 11:07:00.034790037,107.11668,23.86142,647.1911,0.25,3.4481149,24.31674,0.4,24.0,0.0,-0.0,-0.0,0.0,0.0,0.5027685,train
2024-07-19 11:12:00.016479493,107.200005,24.074312,631.5775,0.25,3.3331444,24.469006,0.4,24.0,0.0,-0.0,-0.0,0.0,0.0,0.4902481,train
2024-07-19 11:17:00.025634767,107.28334,24.109024,625.2251,0.25,3.3161151,24.44331,0.4,24.0,0.0,-0.0,-0.0,0.0,0.0,0.52824163,train
2024-07-19 11:22:00.034790037,107.36668,24.207241,640.6738,0.25,3.7014782,24.364191,0.4,24.0,-9.0,-1.0,0.0,1.0,300.0,0.5522755,train
2024-07-19 11:27:00.016479493,107.450005,24.104685,650.9657,0.25,3.6321824,24.390146,0.4,24.0,-9.0,-1.0,0.0,1.0,300.0,0.54581237,train
2024-07-19 11:32:00.025634767,107.53334,23.984438,661.08954,0.25,3.6113508,24.473951,0.4,24.0,-9.0,-1.0,0.0,1.0,300.0,0.4936358,train
2024-07-19 11:37:00.034790037,107.61668,24.55103,677.71564,0.25,3.4655082,24.198133,0.4,24.0,-9.0,-1.0,0.0,1.0,300.0,0.51218086,train
2024-07-19 11:42:00.016479493,107.700005,24.41217,652.6536,0.25,3.7173142,24.35293,0.4,24.0,-9.0,-1.0,0.0,1.0,300.0,0.49510884,train
2024-07-19 11:47:00.025634767,107.78334,24.466038,633.41656,0.25,4.0393825,24.263525,0.4,24.0,-9.0,-1.0,0.0,1.0,300.0,0.440766,train
2024-07-19 11:52:00.034790037,107.86668,24.372023,634.9175,0.25,4.154771,24.221222,0.4,24.0,-9.0,-1.0,0.0,1.0,300.0,0.4406188,train
2024-07-19 11:57:00.016479493,107.950005,24.686295,647.49097,0.25,4.18025,24.19031,0.4,24.0,-9.0,-1.0,0.0,1.0,300.0,0.40608677,train
2024-07-19 12:02:00.025634767,108.03334,24.898064,647.4443,0.25,4.1362305,24.25586,0.4,24.0,-9.0,-1.0,0.0,1.0,300.0,0.39003944,train
2024-07-19 12:07:00.034790037,108.11668,24.703972,642.1931,0.25,4.176702,24.161106,0.4,24.0,-9.0,-1.0,0.0,1.0,300.0,0.46642596,train
2024-07-19 12:12:00.016479493,108.200005,24.762224,611.6748,0.25,4.4394746,24.193161,0.4,24.0,-9.0,-1.0,0.0,1.0,300.0,0.4889114,train
2024-07-19 12:17:00.025634767,108.28334,24.557062,585.70013,0.25,4.5896606,24.205349,0.4,24.0,-9.0,-1.0,0.0,1.0,300.0,0.49617273,train
2024-07-19 12:22:00.034790037,108.36668,25.045101,607.5641,0.25,4.636898,24.131172,0.4,24.0,-9.0,-1.0,0.0,1.0,300.0,0.4613212,train
2024-07-19 12:27:00.016479493,108.450005,25.037111,627.01764,0.25,4.6997256,23.965174,0.4,24.0,-9.0,-1.0,0.0,1.0,300.0,0.40861517,train
2024-07-19 12:32:00.025634767,108.53334,25.105385,615.0957,0.25,5.1257815,24.003824,0.4,24.0,-9.0,-1.0,0.0,1.0,300.0,0.34014916,train
2024-07-19 12:37:00.034790037,108.61668,25.142378,598.36005,0.25,5.1643558,23.893982,0.4,24.0,-9.0,-1.0,0.0,1.0,300.0,0.332391,train
2024-07-19 12:42:00.016479493,108.700005,25.254335,596.13074,0.25,5.086494,23.919842,0.4,24.0,-9.0,-1.0,0.0,1.0,300.0,0.35093665,train
2024-07-19 12:47:00.025634767,108.78334,25.330788,637.986,0.25,4.9930377,23.922926,0.4,24.0,-9.0,-1.0,0.0,1.0,300.0,0.41411766,train
2024-07-19 12:52:00.034790037,108.86668,24.988895,648.64886,0.25,5.0519176,23.866402,0.4,24.0,-9.0,-1.0,0.0,1.0,300.0,0.46157128,train
2024-07-19 12:57:00.016479493,108.950005,25.151834,635.6174,0.25,5.096648,23.952566,0.4,24.0,-9.0,-1.0,0.0,1.0,300.0,0.4842994,train
2024-07-19 13:02:00.025634767,109.03334,25.078339,618.53613,0.25,5.0981803,23.925346,0.4,24.0,-9.0,-1.0,0.0,1.0,300.0,0.5046249,train
2024-07-19 13:07:00.034790037,109.11668,24.903399,604.0754,0.25,5.297522,23.764189,0.4,24.0,-9.0,-1.0,0.0,1.0,300.0,0.48057204,train
2024-07-19 13:12:00.016479493,109.200005,25.098112,576.862,0.25,5.4706616,23.856844,0.4,24.0,-9.0,-1.0,0.0,1.0,300.0,0.50726044,train
2024-07-19 13:17:00.025634767,109.28334,24.82268,573.04974,0.25,5.4039683,23.652504,0.4,24.0,-9.0,-1.0,0.0,1.0,300.0,0.5425587,train
2024-07-19 13:22:00.034790037,109.36668,25.039984,533.3629,0.25,5.391662,23.759254,0.4,24.0,-9.0,-1.0,0.0,1.0,300.0,0.61340535,train
2024-07-19 13:27:00.016479493,109.450005,25.141518,511.2434,0.25,5.419436,23.662746,0.4,24.0,-9.0,-1.0,0.0,1.0,300.0,0.58907354,train
2024-07-19 13:32:00.025634767,109.53334,25.152054,502.64078,0.25,5.437118,23.56131,0.4,24.0,-9.0,-1.0,0.0,1.0,300.0,0.57835954,train
2024-07-19 13:37:00.034790037,109.61668,25.093653,495.02423,0.25,5.5079684,23.531809,0.4,24.0,-9.0,-1.0,0.0,1.0,300.0,0.55108666,train
2024-07-19 13:42:00.016479493,109.700005,25.076048,486.2006,0.25,5.4797063,23.553003,0.4,24.0,-7.2000003,-0.8,0.0,0.8,240.0,0.5416791,train
2024-07-19 13:47:00.025634767,109.78334,25.342234,493.00098,0.25,5.4514327,23.548063,0.4,24.0,0.0,-0.0,-0.0,0.0,0.0,0.56127626,train
2024-07-19 13:52:00.034790037,109.86668,25.413286,475.12506,0.25,5.266008,23.554901,0.4,24.0,0.0,-0.0,-0.0,0.0,0.0,0.5626935,train
2024-07-19 13:57:00.016479493,109.950005,25.610415,465.2954,0.25,5.27819,23.724731,0.4,24.0,0.0,-0.0,-0.0,0.0,0.0,0.5667746,train
2024-07-19 14:02:00.025634767,110.03334,25.49626,473.7175,0.25,5.3576827,23.732817,0.4,24.0,0.0,-0.0,-0.0,0.0,0.0,0.56201124,train
2024-07-19 14:07:00.034790037,110.11668,25.649141,483.2461,0.25,5.5643215,23.721857,0.4,24.0,0.0,-0.0,-0.0,0.0,0.0,0.5308134,train
2024-07-19 14:12:00.016479493,110.200005,25.757393,468.3789,0.25,5.7530856,23.822489,0.4,24.0,0.0,-0.0,-0.0,0.0,0.0,0.5869116,train
2024-07-19 14:17:00.025634767,110.28334,25.64483,441.76993,0.25,5.841035,23.962194,0.4,24.0,0.0,-0.0,-0.0,0.0,0.0,0.5828952,train
2024-07-19 14:22:00.034790037,110.36668,25.114397,424.93515,0.25,5.721215,23.827768,0.4,24.0,0.0,-0.0,-0.0,0.0,0.0,0.59006757,train
2024-07-19 14:27:00.016479493,110.450005,25.477081,411.43414,0.25,5.777173,23.797411,0.4,24.0,0.0,-0.0,-0.0,0.0,0.0,0.5712516,train
2024-07-19 14:32:00.025634767,110.53334,25.248823,392.69376,0.25,5.4758296,24.047413,0.4,24.0,0.0,-0.0,-0.0,0.0,0.0,0.5898014,train
2024-07-19 14:37:00.034790037,110.61668,25.19422,385.8064,0.25,5.3605275,23.945065,0.4,24.0,0.0,-0.0,-0.0,0.0,0.0,0.60731,train
2024-07-19 14:42:00.016479493,110.700005,25.686405,387.79147,0.25,5.0979548,24.008623,0.4,24.0,0.0,-0.0,-0.0,0.0,0.0,0.62361395,train
2024-07-19 14:47:00.025634767,110.78334,25.636385,379.72427,0.25,5.197028,24.094072,0.4,24.0,0.0,-0.0,-0.0,0.0,0.0,0.6814952,train
2024-07-19 14:52:00.034790037,110.86668,25.637716,379.29477,0.25,5.6283383,24.041513,0.4,24.0,0.0,-0.0,-0.0,0.0,0.0,0.6647891,train
2024-07-19 14:57:00.016479493,110.950005,26.236536,368.2263,0.25,6.1274796,24.112898,0.4,24.0,0.0,-0.0,-0.0,0.0,0.0,0.6414084,train
2024-07-19 15:02:00.025634767,111.03334,26.402992,368.70203,0.25,6.318661,24.064697,0.4,24.0,0.0,-0.0,-0.0,0.0,0.0,0.69529146,train
2024-07-19 15:07:00.034790037,111.11668,26.730167,367.54935,0.25,6.372016,24.22298,0.4,24.0,0.0,-0.0,-0.0,0.0,0.0,0.7349947,train
2024-07-19 15:12:00.016479493,111.200005,26.894098,373.60886,0.25,6.276561,24.34309,0.4,24.0,0.0,-0.0,-0.0,0.0,0.0,0.780446,train
2024-07-19 15:17:00.025634767,111.28334,26.56622,359.61362,0.25,6.037008,24.286474,0.4,24.0,0.0,-0.0,-0.0,0.0,0.0,0.8887767,train
2024-07-19 15:22:00.034790037,111.36668,26.66414,334.53848,0.25,6.0200706,24.343506,0.4,24.0,0.0,-0.0,-0.0,0.0,0.0,0.91010743,train
2024-07-19 15:27:00.016479493,111.450005,26.653137,320.3293,0.25,5.9141135,24.362343,0.4,24.0,0.0,-0.0,-0.0,0.0,0.0,0.8710726,train
2024-07-19 15:32:00.025634767,111.53334,26.564743,311.4993,0.25,5.6086383,24.355295,0.4,24.0,-5.4,-0.6,0.0,0.6,180.0,0.84656113,train
2024-07-19 15:37:00.034790037,111.61668,26.580896,302.96124,0.25,5.2754397,24.508772,0.4,24.0,-9.0,-1.0,0.0,1.0,300.0,0.86853117,train
2024-07-19 15:42:00.016479493,111.700005,26.417707,304.51053,0.25,4.9576964,24.345837,0.4,24.0,-9.0,-1.0,0.0,1.0,300.0,0.8535743,train
2024-07-19 15:47:00.025634767,111.78334,26.933983,315.30325,0.25,5.031487,24.364897,0.4,24.0,-9.0,-1.0,0.0,1.0,300.0,0.8337285,train
2024-07-19 15:52:00.034790037,111.86668,26.932747,312.24246,0.25,4.974437,24.278126,0.4,24.0,-9.0,-1.0,0.0,1.0,300.0,0.8093382,train
2024-07-19 15:57:00.016479493,111.950005,26.992123,320.7794,0.25,5.0496964,24.159262,0.4,24.0,-9.0,-1.0,0.0,1.0,300.0,0.84329206,train
2024-07-19 16:02:00.025634767,112.03334,26.715986,324.73483,0.25,4.9469223,24.02054,0.4,24.0,-9.0,-1.0,0.0,1.0,300.0,0.8744506,train
2024-07-19 16:07:00.034790037,112.11668,26.554642,310.661,0.25,5.0228596,24.01461,0.4,24.0,-9.0,-1.0,0.0,1.0,300.0,0.8442581,train
2024-07-19 16:12:00.016479493,112.200005,26.29893,305.8453,0.25,5.1792073,23.868343,0.4,24.0,-9.0,-1.0,0.0,1.0,300.0,0.79909927,train
2024-07-19 16:17:00.025634767,112.28334,26.394882,295.2613,0.25,5.0479236,24.04812,0.4,24.0,-9.0,-1.0,0.0,1.0,300.0,0.8243313,train
2024-07-19 16:22:00.034790037,112.36668,26.415617,284.7296,0.25,4.8504314,23.89428,0.4,24.0,-9.0,-1.0,0.0,1.0,300.0,0.85480493,train
2024-07-19 16:27:00.016479493,112.450005,26.205154,264.85825,0.25,4.739342,23.818758,0.4,24.0,-9.0,-1.0,0.0,1.0,300.0,0.8844674,train
2024-07-19 16:32:00.025634767,112.53334,26.29864,248.67546,0.25,4.589654,23.837492,0.4,24.0,-9.0,-1.0,0.0,1.0,300.0,0.92013264,train
2024-07-19 16:37:00.034790037,112.61668,26.743237,252.4921,0.25,4.5786424,23.87502,0.4,24.0,-9.0,-1.0,0.0,1.0,300.0,0.9902016,train
2024-07-19 16:42:00.016479493,112.700005,26.82609,245.8406,0.25,4.630838,23.786827,0.4,24.0,-9.0,-1.0,0.0,1.0,300.0,1.0296661,train
2024-07-19 16:47:00.025634767,112.78334,27.247625,235.66487,0.25,4.438544,23.745106,0.4,24.0,-9.0,-1.0,0.0,1.0,300.0,1.1046175,train
2024-07-19 16:52:00.034790037,112.86668,27.629545,218.34209,0.25,4.3859596,23.712938,0.4,24.0,-9.0,-1.0,0.0,1.0,300.0,1.1696647,train
2024-07-19 16:57:00.016479493,112.950005,27.880678,214.01965,0.25,4.1407523,23.683443,0.4,24.0,-9.0,-1.0,0.0,1.0,300.0,1.206871,train
2024-07-19 17:02:00.025634767,113.03334,27.810183,207.35362,0.25,4.0407186,23.509783,0.4,24.0,-9.0,-1.0,0.0,1.0,300.0,1.2051104,train
2024-07-19 17:07:00.034790037,113.11668,27.880568,200.549,0.25,3.9649856,23.62293,0.4,24.0,-3.6000001,-0.4,0.0,0.4,120.0,1.1591055,train
2024-07-19 17:12:00.016479493,113.200005,27.892977,197.44008,0.25,3.9622452,23.56389,0.4,24.0,0.0,-0.0,-0.0,0.0,0.0,1.1790508,train
2024-07-19 17:17:00.025634767,113.28334,27.607689,183.17754,0.25,3.983183,23.776402,0.4,24.0,0.0,-0.0,-0.0,0.0,0.0,1.2140225,train
2024-07-19 17:22:00.034790037,113.36668,27.435087,173.86377,0.25,4.092912,23.679893,0.4,24.0,0.0,-0.0,-0.0,0.0,0.0,1.2346891,train
2024-07-19 17:27:00.016479493,113.450005,27.337566,170.8818,0.25,3.8123567,23.642635,0.4,24.0,0.0,-0.0,-0.0,0.0,0.0,1.2587632,train
2024-07-19 17:32:00.025634767,113.53334,27.701872,159.0042,0.25,3.4759202,23.80849,0.4,24.0,0.0,-0.0,-0.0,0.0,0.0,1.2474722,train
2024-07-19 17:37:00.034790037,113.61668,27.64079,150.0878,0.25,3.3658822,23.739614,0.4,24.0,0.0,-0.0,-0.0,0.0,0.0,1.2695369,train
2024-07-19 17:42:00.016479493,113.700005,27.548866,135.59215,0.25,3.4697914,23.790743,0.4,24.0,0.0,-0.0,-0.0,0.0,0.0,1.2629356,train
2024-07-19 17:47:00.025634767,113.78334,27.586008,126.97134,0.25,3.5976312,23.912668,0.4,24.0,0.0,-0.0,-0.0,0.0,0.0,1.2995276,train
2024-07-19 17:52:00.034790037,113.86668,28.141947,120.61674,0.25,3.508845,23.913326,0.4,24.0,0.0,-0.0,-0.0,0.0,0.0,1.3653884,train
2024-07-19 17:57:00.016479493,113.950005,28.561054,109.428894,0.25,3.7528636,23.759169,0.4,24.0,0.0,-0.0,-0.0,0.0,0.0,1.3599352,train
2024-07-19 18:02:00.025634767,114.03334,28.320202,101.33633,0.25,3.6626923,24.078976,0.4,24.0,0.0,-0.0,-0.0,0.0,0.0,1.3491001,train
2024-07-19 18:07:00.034790037,114.11668,27.794884,95.20043,0.25,3.700959,24.137697,0.4,24.0,0.0,-0.0,-0.0,0.0,0.0,1.3756894,train
2024-07-19 18:12:00.016479493,114.200005,27.809578,88.34341,0.25,3.3199337,24.16042,0.4,24.0,0.0,-0.0,-0.0,0.0,0.0,1.4286256,train
2024-07-19 18:17:00.025634767,114.28334,27.500553,81.074425,0.25,3.319267,24.16899,0.4,24.0,0.0,-0.0,-0.0,0.0,0.0,1.4158574,train
2024-07-19 18:22:00.034790037,114.36668,27.712551,76.71745,0.25,3.4353044,24.20055,0.4,24.0,0.0,-0.0,-0.0,0.0,0.0,1.4364375,train
2024-07-19 18:27:00.016479493,114.450005,27.520733,69.93108,0.25,3.2939472,24.297441,0.4,24.0,0.0,-0.0,-0.0,0.0,0.0,1.4054111,train
2024-07-19 18:32:00.025634767,114.53334,27.46311,62.73117,0.25,2.9667695,24.25799,0.4,24.0,0.0,-0.0,-0.0,0.0,0.0,1.4303097,train
2024-07-19 18:37:00.034790037,114.61668,27.525524,54.427498,0.25,2.788196,24.193892,0.4,24.0,0.0,-0.0,-0.0,0.0,0.0,1.4863753,train
2024-07-19 18:42:00.016479493,114.700005,27.51496,48.07509,0.25,2.7564702,24.189207,0.4,24.0,0.0,-0.0,-0.0,0.0,0.0,1.5066096,train
2024-07-19 18:47:00.025634767,114.78334,27.692913,41.352207,0.25,2.499289,24.328156,0.4,24.0,0.0,-0.0,-0.0,0.0,0.0,1.4834855,train
2024-07-19 18:52:00.034790037,114.86668,27.550604,33.437206,0.25,2.279785,24.243858,0.4,24.0,0.0,-0.0,-0.0,0.0,0.0,1.4533331,train
2024-07-19 18:57:00.016479493,114.950005,27.649984,26.327932,0.25,2.235246,24.312428,0.4,24.0,0.0,-0.0,-0.0,0.0,0.0,1.4021972,train
2024-07-19 19:02:00.025634767,115.03334,28.186396,19.812735,0.25,2.2908237,24.429909,0.4,24.0,0.0,-0.0,-0.0,0.0,0.0,1.3859214,train
2024-07-19 19:07:00.034790037,115.11668,28.409918,13.28152,0.25,2.1981528,24.350883,0.4,24.0,0.0,-0.0,-0.0,0.0,0.0,1.3957819,train
2024-07-19 19:12:00.016479493,115.200005,28.218958,7.879973,0.25,2.2641318,24.345453,0.4,24.0,0.0,-0.0,-0.0,0.0,0.0,1.4197682,train
2024-07-19 19:17:00.025634767,115.28334,28.341341,2.1947415,0.25,2.099844,24.355133,0.4,24.0,0.0,-0.0,-0.0,0.0,0.0,1.4289054,train
2024-07-19 19:22:00.034790037,115.36668,28.062824,0.0,0.25,1.8177601,24.41435,0.4,24.0,0.0,-0.0,-0.0,0.0,0.0,1.4089184,train
2024-07-19 19:27:00.016479493,115.450005,28.195578,0.0,0.25,1.5287641,24.437607,0.4,24.0,0.0,-0.0,-0.0,0.0,0.0,1.3829577,train
2024-07-19 19:32:00.025634767,115.53334,27.734509,0.0,0.25,1.458153,24.368855,0.4,24.0,0.0,-0.0,-0.0,0.0,0.0,1.4015241,train
2024-07-19 19:37:00.034790037,115.61668,27.770678,0.0,0.25,1.2731476,24.365238,0.4,24.0,0.0,-0.0,-0.0,0.0,0.0,1.3849652,train
2024-07-19 19:42:00.016479493,115.700005,28.248768,0.0,0.25,1.1983576,24.40195,0.4,24.0,-3.6000001,-0.4,0.0,0.4,120.0,1.3817554,train
2024-07-19 19:47:00.025634767,115.78334,27.732481,0.0,0.25,1.3325436,24.39151,0.4,24.0,-9.0,-1.0,0.0,1.0,300.0,1.3737648,train
2024-07-19 19:52:00.034790037,115.86668,27.93306,0.0,0.25,1.4245911,24.346676,0.4,24.0,-9.0,-1.0,0.0,1.0,300.0,1.4157312,train
2024-07-19 19:57:00.016479493,115.950005,28.157654,0.0,0.25,1.5690757,24.173624,0.4,24.0,-9.0,-1.0,0.0,1.0,300.0,1.4249066,train
2024-07-19 20:02:00.025634767,116.03334,28.107725,0.0,0.25,1.4170401,24.293657,0.4,24.0,-9.0,-1.0,0.0,1.0,300.0,1.4375279,train
2024-07-19 20:07:00.034790037,116.11668,27.926975,0.0,0.25,1.5557665,24.191942,0.4,24.0,-9.0,-1.0,0.0,1.0,300.0,1.4089783,train
2024-07-19 20:12:00.016479493,116.200005,27.906155,0.0,0.25,1.4489157,24.180794,0.4,24.0,-9.0,-1.0,0.0,1.0,300.0,1.4216511,train
2024-07-19 20:17:00.025634767,116.28334,27.558691,0.0,0.25,1.3142303,23.994886,0.4,24.0,-9.0,-1.0,0.0,1.0,300.0,1.3985504,train
2024-07-19 20:22:00.034790037,116.36668,27.608332,0.0,0.25,1.5316021,23.97857,0.4,24.0,-9.0,-1.0,0.0,1.0,300.0,1.4284738,train
2024-07-19 20:27:00.016479493,116.450005,27.529665,0.0,0.25,1.6140394,23.942575,0.4,24.0,-9.0,-1.0,0.0,1.0,300.0,1.375945,train
2024-07-19 20:32:00.025634767,116.53334,27.443167,0.0,0.25,1.4630187,23.95422,0.4,24.0,-9.0,-1.0,0.0,1.0,300.0,1.3500973,train
2024-07-19 20:37:00.034790037,116.61668,27.528608,0.0,0.25,1.5803581,23.815798,0.4,24.0,-9.0,-1.0,0.0,1.0,300.0,1.3065419,train
2024-07-19 20:42:00.016479493,116.700005,27.386284,0.0,0.25,1.3833605,23.821068,0.4,24.0,-9.0,-1.0,0.0,1.0,300.0,1.3213696,train
2024-07-19 20:47:00.025634767,116.78334,26.886276,0.0,0.25,1.0091612,23.673695,0.4,24.0,-9.0,-1.0,0.0,1.0,300.0,1.3373431,train
2024-07-19 20:52:00.034790037,116.86668,26.73734,0.0,0.25,0.78043664,23.675913,0.4,24.0,-9.0,-1.0,0.0,1.0,300.0,1.3112025,train
2024-07-19 20:57:00.016479493,116.950005,26.79394,0.0,0.25,0.74137324,23.574484,0.4,24.0,-3.6000001,-0.4,0.0,0.4,120.0,1.2575953,train
2024-07-19 21:02:00.025634767,117.03334,26.30246,0.0,0.25,0.86252207,23.582357,0.4,24.0,0.0,-0.0,-0.0,0.0,0.0,1.2370323,train
2024-07-19 21:07:00.034790037,117.11668,26.18713,0.0,0.25,0.8049092,23.675167,0.4,24.0,0.0,-0.0,-0.0,0.0,0.0,1.2483267,train
2024-07-19 21:12:00.016479493,117.200005,25.426899,0.0,0.25,0.96483463,23.688026,0.4,24.0,0.0,-0.0,-0.0,0.0,0.0,1.1980301,train
2024-07-19 21:17:00.025634767,117.28334,24.942612,0.0,0.25,1.2372907,23.684443,0.4,24.0,0.0,-0.0,-0.0,0.0,0.0,1.156639,train
2024-07-19 21:22:00.034790037,117.36668,24.719313,0.0,0.25,1.091278,23.680916,0.4,24.0,0.0,-0.0,-0.0,0.0,0.0,1.1323684,train
2024-07-19 21:27:00.016479493,117.450005,24.884258,0.0,0.25,1.0398239,23.626955,0.4,24.0,0.0,-0.0,-0.0,0.0,0.0,1.0917785,train
2024-07-19 21:32:00.025634767,117.53334,24.799915,0.0,0.25,0.92204964,23.521208,0.4,24.0,0.0,-0.0,-0.0,0.0,0.0,1.1046365,train
2024-07-19 21:37:00.034790037,117.61668,24.869299,0.0,0.25,0.7946761,23.70018,0.4,24.0,0.0,-0.0,-0.0,0.0,0.0,1.1177219,train
2024-07-19 21:42:00.016479493,117.700005,24.438938,0.0,0.25,0.59210634,23.655806,0.4,24.0,0.0,-0.0,-0.0,0.0,0.0,1.1020416,train
2024-07-19 21:47:00.025634767,117.78334,24.243153,0.0,0.25,0.74678355,23.742828,0.4,24.0,0.0,-0.0,-0.0,0.0,0.0,1.0420389,train
2024-07-19 21:52:00.034790037,117.86668,24.520271,0.0,0.25,0.662185,23.58155,0.4,24.0,0.0,-0.0,-0.0,0.0,0.0,1.0185394,train
2024-07-19 21:57:00.016479493,117.950005,24.543919,0.0,0.25,0.6409292,23.677122,0.4,24.0,0.0,-0.0,-0.0,0.0,0.0,0.9135478,train
2024-07-19 22:02:00.025634767,118.03334,24.449045,0.0,0.25,0.796432,23.803259,0.4,26.5,0.0,-0.0,-0.0,0.0,0.0,0.8533581,train
2024-07-19 22:07:00.034790037,118.11668,24.338263,0.0,0.25,0.7396083,23.771149,0.4,26.5,0.0,-0.0,-0.0,0.0,0.0,0.76552904,train
2024-07-19 22:12:00.016479493,118.200005,24.3183,0.0,0.25,0.72511166,23.63504,0.4,26.5,0.0,-0.0,-0.0,0.0,0.0,0.7417272,train
2024-07-19 22:17:00.025634767,118.28334,24.281137,0.0,0.25,0.93317074,23.623474,0.4,26.5,0.0,-0.0,-0.0,0.0,0.0,0.72278017,train
2024-07-19 22:22:00.034790037,118.36668,24.339745,0.0,0.25,0.7047732,23.745018,0.4,26.5,0.0,-0.0,-0.0,0.0,0.0,0.70548725,train
2024-07-19 22:27:00.016479493,118.450005,24.385294,0.0,0.25,0.8186407,23.724964,0.4,26.5,0.0,-0.0,-0.0,0.0,0.0,0.7113059,train
2024-07-19 22:32:00.025634767,118.53334,23.998554,0.0,0.25,0.81318295,23.765951,0.4,26.5,0.0,-0.0,-0.0,0.0,0.0,0.69413,train
2024-07-19 22:37:00.034790037,118.61668,23.888496,0.0,0.25,0.4935734,23.833107,0.4,26.5,0.0,-0.0,-0.0,0.0,0.0,0.68759394,train
2024-07-19 22:42:00.016479493,118.700005,23.52284,0.0,0.25,0.54813504,23.713835,0.4,26.5,0.0,-0.0,-0.0,0.0,0.0,0.71608317,train
2024-07-19 22:47:00.025634767,118.78334,22.90418,0.0,0.25,0.52052057,23.780762,0.4,26.5,0.0,-0.0,-0.0,0.0,0.0,0.7499534,train
2024-07-19 22:52:00.034790037,118.86668,22.768665,0.0,0.25,0.5821905,23.699646,0.4,26.5,0.0,-0.0,-0.0,0.0,0.0,0.73699284,train
2024-07-19 22:57:00.016479493,118.950005,22.884232,0.0,0.25,0.6173604,23.822655,0.4,26.5,0.0,-0.0,-0.0,0.0,0.0,0.7755567,train
2024-07-19 23:02:00.025634767,119.03334,22.64736,0.0,0.25,0.4473911,23.569786,0.4,26.5,0.0,-0.0,-0.0,0.0,0.0,0.72820836,train
2024-07-19 23:07:00.034790037,119.11668,22.611927,0.0,0.25,0.4230733,23.649035,0.4,26.5,0.0,-0.0,-0.0,0.0,0.0,0.68099666,train
2024-07-19 23:12:00.016479493,119.200005,22.480927,0.0,0.25,0.34465492,23.685577,0.4,26.5,0.0,-0.0,-0.0,0.0,0.0,0.6053453,train
2024-07-19 23:17:00.025634767,119.28334,22.3607,0.0,0.25,0.4839259,23.700642,0.4,26.5,0.0,-0.0,-0.0,0.0,0.0,0.5672503,train
2024-07-19 23:22:00.034790037,119.36668,22.28832,0.0,0.25,0.6080307,23.789516,0.4,26.5,0.0,-0.0,-0.0,0.0,0.0,0.57677615,train
2024-07-19 23:27:00.016479493,119.450005,22.313595,0.0,0.25,0.6363124,23.788015,0.4,26.5,0.0,-0.0,-0.0,0.0,0.0,0.5112718,train
2024-07-19 23:32:00.025634767,119.53334,22.110285,0.0,0.25,0.71523225,23.770382,0.4,26.5,0.0,-0.0,-0.0,0.0,0.0,0.5584703,train
2024-07-19 23:37:00.034790037,119.61668,21.500668,0.0,0.25,0.84431523,23.799757,0.4,26.5,0.0,-0.0,-0.0,0.0,0.0,0.52882886,train
2024-07-19 23:42:00.016479493,119.700005,21.370028,0.0,0.25,0.82237,23.690273,0.4,26.5,0.0,-0.0,-0.0,0.0,0.0,0.4771125,train
2024-07-19 23:47:00.025634767,119.78334,21.32212,0.0,0.25,0.7557177,23.64378,0.4,26.5,0.0,-0.0,-0.0,0.0,0.0,0.5059947,train
2024-07-19 23:52:00.034790037,119.86668,21.349237,0.0,0.25,0.67853487,23.776176,0.4,26.5,0.0,-0.0,-0.0,0.0,0.0,0.5468451,train
2024-07-19 23:57:00.016479493,119.950005,21.22054,0.0,0.25,0.781577,23.638508,0.4,26.5,0.0,-0.0,-0.0,0.0,0.0,0.53500694,train
2024-07-20 00:02:00.025634767,120.03334,21.504448,0.0,0.25,0.6943167,23.63764,0.4,26.5,0.0,-0.0,-0.0,0.0,0.0,0.5111953,holdout
2024-07-20 00:07:00.034790037,120.11668,21.863049,0.0,0.25,0.91888314,23.671143,0.4,26.5,0.0,-0.0,-0.0,0.0,0.0,0.5277276,holdout
2024-07-20 00:12:00.016479493,120.200005,22.325644,0.0,0.25,0.93898314,23.709217,0.4,26.5,0.0,-0.0,-0.0,0.0,0.0,0.5543789,holdout
2024-07-20 00:17:00.025634767,120.28334,22.347551,0.0,0.25,0.84085846,23.70414,0.4,26.5,0.0,-0.0,-0.0,0.0,0.0,0.43350983,holdout
2024-07-20 00:22:00.034790037,120.36668,22.093386,0.0,0.25,0.80058557,23.645048,0.4,26.5,0.0,-0.0,-0.0,0.0,0.0,0.39763853,holdout
2024-07-20 00:27:00.016479493,120.450005,21.77941,0.0,0.25,0.7780382,23.537994,0.4,26.5,0.0,-0.0,-0.0,0.0,0.0,0.443087,holdout
2024-07-20 00:32:00.025634767,120.53334,22.065514,0.0,0.25,0.838768,23.69274,0.4,26.5,0.0,-0.0,-0.0,0.0,0.0,0.43509814,holdout
2024-07-20 00:37:00.034790037,120.61668,22.26725,0.0,0.25,1.0889078,23.556509,0.4,26.5,0.0,-0.0,-0.0,0.0,0.0,0.45312205,holdout
2024-07-20 00:42:00.016479493,120.700005,22.163872,0.0,0.25,1.1597108,23.382767,0.4,26.5,0.0,-0.0,-0.0,0.0,0.0,0.43952593,holdout
2024-07-20 00:47:00.025634767,120.78334,22.171576,0.0,0.25,1.1079584,23.572506,0.4,26.5,0.0,-0.0,-0.0,0.0,0.0,0.46147513,holdout
2024-07-20 00:52:00.034790037,120.86668,22.32324,0.0,0.25,1.1977669,23.717316,0.4,26.5,0.0,-0.0,-0.0,0.0,0.0,0.4596851,holdout
2024-07-20 00:57:00.016479493,120.950005,22.316076,0.0,0.25,1.4717401,23.540121,0.4,26.5,0.0,-0.0,-0.0,0.0,0.0,0.44182968,holdout
2024-07-20 01:02:00.025634767,121.03334,22.073723,0.0,0.25,1.312965,23.423267,0.4,26.5,0.0,-0.0,-0.0,0.0,0.0,0.42053524,holdout
2024-07-20 01:07:00.034790037,121.11668,22.06054,0.0,0.25,1.3911036,23.459446,0.4,26.5,0.0,-0.0,-0.0,0.0,0.0,0.3853848,holdout
2024-07-20 01:12:00.016479493,121.200005,22.15952,0.0,0.25,1.2304863,23.403645,0.4,26.5,0.0,-0.0,-0.0,0.0,0.0,0.40472624,holdout
2024-07-20 01:17:00.025634767,121.28334,22.221786,0.0,0.25,1.2105708,23.57441,0.4,26.5,0.0,-0.0,-0.0,0.0,0.0,0.48147497,holdout
2024-07-20 01:22:00.034790037,121.36668,22.269524,0.0,0.25,1.3616575,23.453522,0.4,26.5,0.0,-0.0,-0.0,0.0,0.0,0.5223455,holdout
2024-07-20 01:27:00.016479493,121.450005,22.041885,0.0,0.25,1.4062434,23.592674,0.4,26.5,0.0,-0.0,-0.0,0.0,0.0,0.5365412,holdout
2024-07-20 01:32:00.025634767,121.53334,22.094084,0.0,0.25,1.5200728,23.576822,0.4,26.5,0.0,-0.0,-0.0,0.0,0.0,0.5194419,holdout
2024-07-20 01:37:00.034790037,121.61668,21.790236,0.0,0.25,1.6935233,23.472271,0.4,26.5,0.0,-0.0,-0.0,0.0,0.0,0.50177604,holdout
2024-07-20 01:42:00.016479493,121.700005,21.530825,0.0,0.25,1.7911816,23.406837,0.4,26.5,0.0,-0.0,-0.0,0.0,0.0,0.41721064,holdout
2024-07-20 01:47:00.025634767,121.78334,21.000639,0.0,0.25,1.4286851,23.496447,0.4,26.5,0.0,-0.0,-0.0,0.0,0.0,0.3900055,holdout
2024-07-20 01:52:00.034790037,121.86668,21.196278,0.0,0.25,1.427239,23.536943,0.4,26.5,0.0,-0.0,-0.0,0.0,0.0,0.42832547,holdout
2024-07-20 01:57:00.016479493,121.950005,21.418816,0.0,0.25,1.3142197,23.430635,0.4,26.5,0.0,-0.0,-0.0,0.0,0.0,0.4181516,holdout
2024-07-20 02:02:00.025634767,122.03334,21.42327,0.0,0.25,1.3834039,23.422815,0.4,26.5,0.0,-0.0,-0.0,0.0,0.0,0.39604294,holdout
2024-07-20 02:07:00.034790037,122.11668,21.194307,0.0,0.25,1.4034634,23.474913,0.4,26.5,0.0,-0.0,-0.0,0.0,0.0,0.30521545,holdout
2024-07-20 02:12:00.016479493,122.200005,21.408146,0.0,0.25,1.3379772,23.418102,0.4,26.5,0.0,-0.0,-0.0,0.0,0.0,0.28229824,holdout
2024-07-20 02:17:00.025634767,122.28334,21.114016,0.0,0.25,1.2719725,23.436798,0.4,26.5,0.0,-0.0,-0.0,0.0,0.0,0.27898034,holdout
2024-07-20 02:22:00.034790037,122.36668,21.615734,0.0,0.25,1.2045212,23.458876,0.4,26.5,0.0,-0.0,-0.0,0.0,0.0,0.23931213,holdout
2024-07-20 02:27:00.016479493,122.450005,21.472704,0.0,0.25,0.9419276,23.547136,0.4,26.5,0.0,-0.0,-0.0,0.0,0.0,0.22153278,holdout
2024-07-20 02:32:00.025634767,122.53334,21.42307,0.0,0.25,0.9593443,23.59413,0.4,26.5,0.0,-0.0,-0.0,0.0,0.0,0.25528452,holdout
2024-07-20 02:37:00.034790037,122.61668,21.301117,0.0,0.25,1.3250388,23.438421,0.4,26.5,0.0,-0.0,-0.0,0.0,0.0,0.27219212,holdout
2024-07-20 02:42:00.016479493,122.700005,21.283922,0.0,0.25,1.4410938,23.522337,0.4,26.5,0.0,-0.0,-0.0,0.0,0.0,0.2807261,holdout
2024-07-20 02:47:00.025634767,122.78334,21.137594,0.0,0.25,1.397544,23.381258,0.4,26.5,0.0,-0.0,-0.0,0.0,0.0,0.26076207,holdout
2024-07-20 02:52:00.034790037,122.86668,21.340202,0.0,0.25,1.2859672,23.472698,0.4,26.5,0.0,-0.0,-0.0,0.0,0.0,0.258645,holdout
2024-07-20 02:57:00.016479493,122.950005,21.054043,0.0,0.25,1.306202,23.524546,0.4,26.5,0.0,-0.0,-0.0,0.0,0.0,0.26325962,holdout
2024-07-20 03:02:00.025634767,123.03334,20.76874,0.0,0.25,1.3044602,23.387978,0.4,26.5,0.0,-0.0,-0.0,0.0,0.0,0.280583,holdout
2024-07-20 03:07:00.034790037,123.11668,20.954754,0.0,0.25,1.3841318,23.446,0.4,26.5,0.0,-0.0,-0.0,0.0,0.0,0.2698504,holdout
2024-07-20 03:12:00.016479493,123.200005,20.894419,0.0,0.25,1.3391198,23.462791,0.4,26.5,0.0,-0.0,-0.0,0.0,0.0,0.27070138,holdout
2024-07-20 03:17:00.025634767,123.28334,20.895947,0.0,0.25,1.1828883,23.421015,0.4,26.5,0.0,-0.0,-0.0,0.0,0.0,0.2953671,holdout
2024-07-20 03:22:00.034790037,123.36668,20.915054,0.0,0.25,1.1689514,23.394838,0.4,26.5,0.0,-0.0,-0.0,0.0,0.0,0.26829085,holdout
2024-07-20 03:27:00.016479493,123.450005,20.818165,0.0,0.25,1.2197269,23.417356,0.4,26.5,0.0,-0.0,-0.0,0.0,0.0,0.20363744,holdout
2024-07-20 03:32:00.025634767,123.53334,20.734632,0.0,0.25,1.4325399,23.412214,0.4,26.5,0.0,-0.0,-0.0,0.0,0.0,0.19631784,holdout
2024-07-20 03:37:00.034790037,123.61668,20.383123,0.0,0.25,1.6177641,23.413334,0.4,26.5,0.0,-0.0,-0.0,0.0,0.0,0.23597923,holdout
2024-07-20 03:42:00.016479493,123.700005,20.476065,0.0,0.25,1.8869555,23.318813,0.4,26.5,0.0,-0.0,-0.0,0.0,0.0,0.27923456,holdout
2024-07-20 03:47:00.025634767,123.78334,20.644262,0.0,0.25,2.0444229,23.542414,0.4,26.5,0.0,-0.0,-0.0,0.0,0.0,0.28525004,holdout
2024-07-20 03:52:00.034790037,123.86668,21.071589,0.0,0.25,1.8181454,23.392256,0.4,26.5,0.0,-0.0,-0.0,0.0,0.0,0.2803707,holdout
2024-07-20 03:57:00.016479493,123.950005,20.724466,0.0,0.25,1.3326008,23.43156,0.4,26.5,0.0,-0.0,-0.0,0.0,0.0,0.25959188,holdout
2024-07-20 04:02:00.025634767,124.03334,20.414282,0.0,0.25,1.014583,23.377924,0.4,26.5,0.0,-0.0,-0.0,0.0,0.0,0.23518315,holdout
2024-07-20 04:07:00.034790037,124.11668,20.49752,0.0,0.25,0.8285923,23.43436,0.4,26.5,0.0,-0.0,-0.0,0.0,0.0,0.25563678,holdout
2024-07-20 04:12:00.016479493,124.200005,20.453075,0.0,0.25,0.72080356,23.410282,0.4,26.5,0.0,-0.0,-0.0,0.0,0.0,0.2545291,holdout
2024-07-20 04:17:00.025634767,124.28334,20.922533,0.0,0.25,0.86227447,23.362963,0.4,26.5,0.0,-0.0,-0.0,0.0,0.0,0.23341285,holdout
2024-07-20 04:22:00.034790037,124.36668,20.886946,0.0,0.25,1.084535,23.499577,0.4,26.5,0.0,-0.0,-0.0,0.0,0.0,0.19255598,holdout
2024-07-20 04:27:00.016479493,124.450005,21.45183,0.0,0.25,1.1038027,23.399992,0.4,26.5,0.0,-0.0,-0.0,0.0,0.0,0.19159642,holdout
2024-07-20 04:32:00.025634767,124.53334,21.048012,0.0,0.25,1.2590888,23.276415,0.4,26.5,0.0,-0.0,-0.0,0.0,0.0,0.17963831,holdout
2024-07-20 04:37:00.034790037,124.61668,21.169626,0.0,0.25,1.3878392,23.353077,0.4,26.5,0.0,-0.0,-0.0,0.0,0.0,0.1729689,holdout
2024-07-20 04:42:00.016479493,124.700005,21.705427,1.4950906,0.25,1.5653765,23.362917,0.4,26.5,0.0,-0.0,-0.0,0.0,0.0,0.20078485,holdout
2024-07-20 04:47:00.025634767,124.78334,21.551844,9.143386,0.25,1.5565289,23.330528,0.4,26.5,0.0,-0.0,-0.0,0.0,0.0,0.2007188,holdout
2024-07-20 04:52:00.034790037,124.86668,21.772772,17.723413,0.25,1.6542984,23.315168,0.4,26.5,0.0,-0.0,-0.0,0.0,0.0,0.25176418,holdout
2024-07-20 04:57:00.016479493,124.950005,22.251816,26.081182,0.25,1.7662814,23.409117,0.4,26.5,0.0,-0.0,-0.0,0.0,0.0,0.2540594,holdout
2024-07-20 05:02:00.025634767,125.03334,22.403757,33.499256,0.25,1.8286142,23.36494,0.4,26.5,0.0,-0.0,-0.0,0.0,0.0,0.2675073,holdout
2024-07-20 05:07:00.034790037,125.11668,22.471924,40.289165,0.25,1.978485,23.331118,0.4,26.5,0.0,-0.0,-0.0,0.0,0.0,0.28444454,holdout
2024-07-20 05:12:00.016479493,125.200005,22.236425,48.90877,0.25,2.188071,23.408058,0.4,26.5,0.0,-0.0,-0.0,0.0,0.0,0.2869649,holdout
2024-07-20 05:17:00.025634767,125.28334,21.78876,58.39699,0.25,2.266648,23.349566,0.4,26.5,0.0,-0.0,-0.0,0.0,0.0,0.23817201,holdout
2024-07-20 05:22:00.034790037,125.36668,21.855413,67.14354,0.25,1.7600441,23.447147,0.4,26.5,0.0,-0.0,-0.0,0.0,0.0,0.24780647,holdout
2024-07-20 05:27:00.016479493,125.450005,21.764454,75.4224,0.25,1.7930733,23.417334,0.4,26.5,0.0,-0.0,-0.0,0.0,0.0,0.24501991,holdout
2024-07-20 05:32:00.025634767,125.53334,21.769102,82.36536,0.25,1.882177,23.449469,0.4,26.5,0.0,-0.0,-0.0,0.0,0.0,0.2204376,holdout
2024-07-20 05:37:00.034790037,125.61668,21.061728,90.523674,0.25,1.9772171,23.451406,0.4,26.5,0.0,-0.0,-0.0,0.0,0.0,0.21066694,holdout
2024-07-20 05:42:00.016479493,125.700005,20.887688,97.46955,0.25,2.2849903,23.441137,0.4,26.5,0.0,-0.0,-0.0,0.0,0.0,0.27853096,holdout
2024-07-20 05:47:00.025634767,125.78334,20.323032,105.491776,0.25,2.2553022,23.547419,0.4,26.5,0.0,-0.0,-0.0,0.0,0.0,0.2879826,holdout
2024-07-20 05:52:00.034790037,125.86668,20.536589,110.730446,0.25,2.43279,23.570026,0.4,26.5,0.0,-0.0,-0.0,0.0,0.0,0.29455444,holdout
2024-07-20 05:57:00.016479493,125.950005,20.745197,114.32743,0.25,2.5257359,23.443527,0.4,26.5,0.0,-0.0,-0.0,0.0,0.0,0.23650531,holdout
2024-07-20 06:02:00.025634767,126.03334,20.855413,118.079506,0.25,2.552813,23.55874,0.4,26.5,0.0,-0.0,-0.0,0.0,0.0,0.26734877,holdout
2024-07-20 06:07:00.034790037,126.11668,20.462036,126.03423,0.25,2.4629564,23.431149,0.4,26.5,0.0,-0.0,-0.0,0.0,0.0,0.28172347,holdout
2024-07-20 06:12:00.016479493,126.200005,20.254202,136.43735,0.25,2.2474382,23.431093,0.4,26.5,0.0,-0.0,-0.0,0.0,0.0,0.30405653,holdout
2024-07-20 06:17:00.025634767,126.28334,20.081776,145.81271,0.25,2.1721137,23.430641,0.4,26.5,0.0,-0.0,-0.0,0.0,0.0,0.33979216,holdout
2024-07-20 06:22:00.034790037,126.36668,20.380943,151.24504,0.25,2.3255079,23.536987,0.4,26.5,0.0,-0.0,-0.0,0.0,0.0,0.39031503,holdout
2024-07-20 06:27:00.016479493,126.450005,20.621222,158.43211,0.25,2.7560642,23.592731,0.4,26.5,0.0,-0.0,-0.0,0.0,0.0,0.41511413,holdout
2024-07-20 06:32:00.025634767,126.53334,20.532436,169.33165,0.25,3.0813012,23.639776,0.4,26.5,0.0,-0.0,-0.0,0.0,0.0,0.4682618,holdout
2024-07-20 06:37:00.034790037,126.61668,20.862099,177.90842,0.25,3.2708256,23.54003,0.4,26.5,0.0,-0.0,-0.0,0.0,0.0,0.47009203,holdout
2024-07-20 06:42:00.016479493,126.700005,20.724752,181.49783,0.25,3.2273254,23.657696,0.4,26.5,0.0,-0.0,-0.0,0.0,0.0,0.5257512,holdout
2024-07-20 06:47:00.025634767,126.78334,20.723139,185.64977,0.25,3.1400056,23.684591,0.4,26.5,0.0,-0.0,-0.0,0.0,0.0,0.6016876,holdout
2024-07-20 06:52:00.034790037,126.86668,20.49049,186.40343,0.25,3.132672,23.70765,0.4,26.5,0.0,-0.0,-0.0,0.0,0.0,0.66755146,holdout
2024-07-20 06:57:00.016479493,126.950005,20.374271,179.81584,0.25,3.171044,23.646397,0.4,26.5,0.0,-0.0,-0.0,0.0,0.0,0.67605317,holdout
2024-07-20 07:02:00.025634767,127.03334,20.412193,185.56555,0.25,2.9732885,23.519962,0.4,26.5,0.0,-0.0,-0.0,0.0,0.0,0.7205135,holdout
2024-07-20 07:07:00.034790037,127.11668,20.272259,185.0992,0.25,3.1225045,23.586401,0.4,26.5,0.0,-0.0,-0.0,0.0,0.0,0.75109076,holdout
2024-07-20 07:12:00.016479493,127.200005,20.387278,183.04048,0.25,3.2874146,23.580233,0.4,26.5,0.0,-0.0,-0.0,0.0,0.0,0.7520281,holdout
2024-07-20 07:17:00.025634767,127.28334,20.330425,189.11107,0.25,3.5151355,23.602959,0.4,26.5,0.0,-0.0,-0.0,0.0,0.0,0.78116864,holdout
2024-07-20 07:22:00.034790037,127.36668,20.35696,188.14629,0.25,3.650481,23.624104,0.4,26.5,0.0,-0.0,-0.0,0.0,0.0,0.8352501,holdout
2024-07-20 07:27:00.016479493,127.450005,20.227705,194.71387,0.25,3.8272908,23.553911,0.4,26.5,0.0,-0.0,-0.0,0.0,0.0,0.8691619,holdout
2024-07-20 07:32:00.025634767,127.53334,20.230309,203.86475,0.25,3.9115682,23.602514,0.4,26.5,0.0,-0.0,-0.0,0.0,0.0,0.9299049,holdout
2024-07-20 07:37:00.034790037,127.61668,20.290716,213.50012,0.25,3.8414764,23.539373,0.4,26.5,0.0,-0.0,-0.0,0.0,0.0,0.9192874,holdout
2024-07-20 07:42:00.016479493,127.700005,20.448996,208.58406,0.25,4.028214,23.62302,0.4,26.5,0.0,-0.0,-0.0,0.0,0.0,0.89790297,holdout
2024-07-20 07:47:00.025634767,127.78334,20.513828,200.10309,0.25,4.0553484,23.63374,0.4,26.5,0.0,-0.0,-0.0,0.0,0.0,0.9026208,holdout
2024-07-20 07:52:00.034790037,127.86668,20.893627,186.83507,0.25,4.2114673,23.607666,0.4,26.5,0.0,-0.0,-0.0,0.0,0.0,0.8704659,holdout
2024-07-20 07:57:00.016479493,127.950005,20.779833,187.21902,0.25,3.9117157,23.56249,0.4,26.5,0.0,-0.0,-0.0,0.0,0.0,0.84475994,holdout
2024-07-20 08:01:59.970703123,128.03333,21.273365,196.28308,0.25,3.876178,23.751104,0.4,24.0,0.0,-0.0,-0.0,0.0,0.0,0.8363649,holdout
2024-07-20 08:07:00.062255859,128.11668,21.582733,190.14648,0.25,3.986771,23.598118,0.4,24.0,0.0,-0.0,-0.0,0.0,0.0,0.86524737,holdout
2024-07-20 08:12:00.043945311,128.20001,22.196407,187.78255,0.25,4.2499156,23.605679,0.4,24.0,0.0,-0.0,-0.0,0.0,0.0,0.8966508,holdout
2024-07-20 08:16:59.970703123,128.28333,22.37741,203.38496,0.25,4.075161,23.600023,0.4,24.0,0.0,-0.0,-0.0,0.0,0.0,0.888003,holdout
2024-07-20 08:22:00.062255859,128.36668,21.957365,221.84819,0.25,3.8106174,23.716526,0.4,24.0,0.0,-0.0,-0.0,0.0,0.0,0.8593173,holdout
2024-07-20 08:27:00.043945311,128.45001,21.896439,228.8085,0.25,3.62002,23.50897,0.4,24.0,0.0,-0.0,-0.0,0.0,0.0,0.82324785,holdout
2024-07-20 08:31:59.970703123,128.53333,21.790476,239.55864,0.25,3.706401,23.713057,0.4,24.0,0.0,-0.0,-0.0,0.0,0.0,0.8246695,holdout
2024-07-20 08:37:00.062255859,128.61668,21.963287,254.64531,0.25,3.6475155,23.7205,0.4,24.0,0.0,-0.0,-0.0,0.0,0.0,0.7932688,holdout
2024-07-20 08:42:00.043945311,128.70001,22.355892,255.69774,0.25,3.4834003,23.715797,0.4,24.0,0.0,-0.0,-0.0,0.0,0.0,0.735923,holdout
2024-07-20 08:46:59.970703123,128.78333,22.893991,252.3977,0.25,3.4785821,23.709366,0.4,24.0,0.0,-0.0,-0.0,0.0,0.0,0.723125,holdout
2024-07-20 08:52:00.062255859,128.86668,22.574162,259.3881,0.25,3.4948833,23.712872,0.4,24.0,0.0,-0.0,-0.0,0.0,0.0,0.7629079,holdout
2024-07-20 08:57:00.043945311,128.95001,22.747509,267.80923,0.25,3.3605084,23.853857,0.4,24.0,0.0,-0.0,-0.0,0.0,0.0,0.7844656,holdout
2024-07-20 09:01:59.970703123,129.03333,22.586536,285.0039,0.25,3.4179199,23.954603,0.4,24.0,0.0,-0.0,-0.0,0.0,0.0,0.8069984,holdout
2024-07-20 09:07:00.062255859,129.11668,22.651726,291.1559,0.25,3.2580144,23.882637,0.4,24.0,0.0,-0.0,-0.0,0.0,0.0,0.79902333,holdout
2024-07-20 09:12:00.043945311,129.20001,22.385817,309.35733,0.25,3.3022282,23.721272,0.4,24.0,0.0,-0.0,-0.0,0.0,0.0,0.80271035,holdout
2024-07-20 09:16:59.970703123,129.28333,22.234806,325.86853,0.25,3.4905953,23.879938,0.4,24.0,0.0,-0.0,-0.0,0.0,0.0,0.73253405,holdout
2024-07-20 09:22:00.062255859,129.36668,22.361189,331.87842,0.25,3.787864,23.899977,0.4,24.0,0.0,-0.0,-0.0,0.0,0.0,0.77015716,holdout
2024-07-20 09:27:00.043945311,129.45001,22.297724,325.33087,0.25,3.7490392,23.948265,0.4,24.0,0.0,-0.0,-0.0,0.0,0.0,0.7623728,holdout
2024-07-20 09:31:59.970703123,129.53333,22.538721,317.0828,0.25,3.7181473,23.970026,0.4,24.0,0.0,-0.0,-0.0,0.0,0.0,0.8085893,holdout
2024-07-20 09:37:00.062255859,129.61668,22.681265,316.8138,0.25,3.5338695,24.068377,0.4,24.0,0.0,-0.0,-0.0,0.0,0.0,0.8423756,holdout
2024-07-20 09:42:00.043945311,129.70001,22.896086,312.89682,0.25,3.3259308,23.976032,0.4,24.0,0.0,-0.0,-0.0,0.0,0.0,0.7969839,holdout
2024-07-20 09:46:59.970703123,129.78333,23.21236,320.35007,0.25,3.2123241,23.974092,0.4,24.0,0.0,-0.0,-0.0,0.0,0.0,0.73024696,holdout
2024-07-20 09:52:00.062255859,129.86668,23.361092,334.95792,0.25,3.399107,23.88681,0.4,24.0,0.0,-0.0,-0.0,0.0,0.0,0.6276623,holdout
2024-07-20 09:57:00.043945311,129.95001,23.247868,332.72556,0.25,3.2666233,23.97706,0.4,24.0,0.0,-0.0,-0.0,0.0,0.0,0.60429513,holdout
2024-07-20 10:01:59.970703123,130.03333,23.280447,339.76175,0.25,2.987007,23.982988,0.4,24.0,0.0,-0.0,-0.0,0.0,0.0,0.5924873,holdout
2024-07-20 10:07:00.062255859,130.11668,23.287708,351.1337,0.25,2.8916287,24.001923,0.4,24.0,0.0,-0.0,-0.0,0.0,0.0,0.61179364,holdout
2024-07-20 10:12:00.043945311,130.20001,23.454365,368.1003,0.25,2.891541,23.983559,0.4,24.0,0.0,-0.0,-0.0,0.0,0.0,0.54612345,holdout
2024-07-20 10:16:59.970703123,130.28333,23.883953,384.4925,0.25,2.5167873,24.094685,0.4,24.0,0.0,-0.0,-0.0,0.0,0.0,0.57550335,holdout
2024-07-20 10:22:00.062255859,130.36668,23.53486,379.01535,0.25,2.4358573,24.117067,0.4,24.0,0.0,-0.0,-0.0,0.0,0.0,0.6308023,holdout
2024-07-20 10:27:00.043945311,130.45001,23.437363,372.91675,0.25,2.3282812,24.06713,0.4,24.0,0.0,-0.0,-0.0,0.0,0.0,0.6780694,holdout
2024-07-20 10:31:59.970703123,130.53333,23.340126,393.16895,0.25,2.4756856,24.173395,0.4,24.0,0.0,-0.0,-0.0,0.0,0.0,0.6627472,holdout
2024-07-20 10:37:00.062255859,130.61668,23.619534,386.08612,0.25,2.8699322,24.240408,0.4,24.0,0.0,-0.0,-0.0,0.0,0.0,0.7033462,holdout
2024-07-20 10:42:00.043945311,130.70001,23.80702,385.2393,0.25,2.8427746,24.40171,0.4,24.0,0.0,-0.0,-0.0,0.0,0.0,0.71260613,holdout
2024-07-20 10:46:59.970703123,130.78333,23.586245,371.82077,0.25,2.773608,24.224928,0.4,24.0,0.0,-0.0,-0.0,0.0,0.0,0.70726794,holdout
2024-07-20 10:52:00.062255859,130.86668,23.232025,385.00238,0.25,2.9187748,24.284885,0.4,24.0,0.0,-0.0,-0.0,0.0,0.0,0.6711081,holdout
2024-07-20 10:57:00.043945311,130.95001,22.825327,406.55588,0.25,2.899105,24.230469,0.4,24.0,0.0,-0.0,-0.0,0.0,0.0,0.6705708,holdout
2024-07-20 11:01:59.970703123,131.03333,22.665155,399.09335,0.25,2.879559,24.317331,0.4,24.0,0.0,-0.0,-0.0,0.0,0.0,0.6889255,holdout
2024-07-20 11:07:00.062255859,131.11668,22.699799,403.82663,0.25,2.8366506,24.344313,0.4,24.0,0.0,-0.0,-0.0,0.0,0.0,0.7313585,holdout
2024-07-20 11:12:00.043945311,131.20001,22.475458,415.6232,0.25,2.7658613,24.400686,0.4,24.0,0.0,-0.0,-0.0,0.0,0.0,0.7204353,holdout
2024-07-20 11:16:59.970703123,131.28333,23.04899,432.47818,0.25,2.7903636,24.466516,0.4,24.0,0.0,-0.0,-0.0,0.0,0.0,0.75442153,holdout
2024-07-20 11:22:00.062255859,131.36668,23.568893,419.32516,0.25,2.7105062,24.472006,0.4,24.0,-5.4,-0.6,0.0,0.6,180.0,0.7456159,holdout
2024-07-20 11:27:00.043945311,131.45001,23.795713,398.8943,0.25,2.59961,24.425938,0.4,24.0,-9.0,-1.0,0.0,1.0,300.0,0.79612,holdout
2024-07-20 11:31:59.970703123,131.53333,23.892502,393.54285,0.25,2.7222736,24.493563,0.4,24.0,-9.0,-1.0,0.0,1.0,300.0,0.8001501,holdout
2024-07-20 11:37:00.062255859,131.61668,23.715706,395.28262,0.25,2.8708515,24.294083,0.4,24.0,-9.0,-1.0,0.0,1.0,300.0,0.8216637,holdout
2024-07-20 11:42:00.043945311,131.70001,23.922411,387.4255,0.25,2.8536365,24.236609,0.4,24.0,-9.0,-1.0,0.0,1.0,300.0,0.83478993,holdout
2024-07-20 11:46:59.970703123,131.78333,24.124424,401.68942,0.25,2.8069513,24.299667,0.4,24.0,-9.0,-1.0,0.0,1.0,300.0,0.86815816,holdout
2024-07-20 11:52:00.062255859,131.86668,23.78138,385.10178,0.25,2.3439686,24.244051,0.4,24.0,-9.0,-1.0,0.0,1.0,300.0,0.8747698,holdout
2024-07-20 11:57:00.043945311,131.95001,23.829824,348.68625,0.25,2.0844872,24.18149,0.4,24.0,-9.0,-1.0,0.0,1.0,300.0,0.8462744,holdout
2024-07-20 12:01:59.970703123,132.03333,24.290066,341.02472,0.25,2.2530797,24.146353,0.4,24.0,-9.0,-1.0,0.0,1.0,300.0,0.8477241,holdout
2024-07-20 12:07:00.062255859,132.11668,24.501966,358.68994,0.25,2.2783384,24.061117,0.4,24.0,-9.0,-1.0,0.0,1.0,300.0,0.89170855,holdout
2024-07-20 12:12:00.043945311,132.20001,24.780575,356.1849,0.25,2.1626725,24.012266,0.4,24.0,-9.0,-1.0,0.0,1.0,300.0,0.935011,holdout
2024-07-20 12:16:59.970703123,132.28333,24.861408,369.15674,0.25,1.8415745,24.00872,0.4,24.0,-9.0,-1.0,0.0,1.0,300.0,0.9437791,holdout
2024-07-20 12:22:00.062255859,132.36668,25.249699,372.86667,0.25,1.9951111,24.00332,0.4,24.0,-9.0,-1.0,0.0,1.0,300.0,0.9316026,holdout
2024-07-20 12:27:00.043945311,132.45001,25.357336,386.6711,0.25,2.1433275,24.026545,0.4,24.0,-9.0,-1.0,0.0,1.0,300.0,0.9595434,holdout
2024-07-20 12:31:59.970703123,132.53333,25.606428,411.4125,0.25,2.0179803,23.839136,0.4,24.0,-9.0,-1.0,0.0,1.0,300.0,0.9769432,holdout
2024-07-20 12:37:00.062255859,132.61668,25.565506,426.906,0.25,1.4962313,23.865862,0.4,24.0,-9.0,-1.0,0.0,1.0,300.0,0.96818155,holdout
2024-07-20 12:42:00.043945311,132.70001,25.71661,385.7998,0.25,1.4402165,23.73648,0.4,24.0,-9.0,-1.0,0.0,1.0,300.0,0.984522,holdout
2024-07-20 12:46:59.970703123,132.78333,25.767744,368.74924,0.25,1.4676287,23.71025,0.4,24.0,-9.0,-1.0,0.0,1.0,300.0,1.0013405,holdout
2024-07-20 12:52:00.062255859,132.86668,25.976416,387.66486,0.25,1.6732283,23.677212,0.4,24.0,-9.0,-1.0,0.0,1.0,300.0,1.016783,holdout
2024-07-20 12:57:00.043945311,132.95001,25.838652,388.58505,0.25,1.4874296,23.62135,0.4,24.0,-9.0,-1.0,0.0,1.0,300.0,0.9963514,holdout
2024-07-20 13:01:59.970703123,133.03333,26.364393,391.06525,0.25,1.421585,23.421104,0.4,24.0,0.0,-0.0,-0.0,0.0,0.0,1.0101336,holdout
2024-07-20 13:07:00.062255859,133.11668,26.07247,381.96088,0.25,1.4970585,23.611574,0.4,24.0,0.0,-0.0,-0.0,0.0,0.0,0.95773697,holdout
2024-07-20 13:12:00.043945311,133.20001,26.501764,381.29004,0.25,1.390481,23.645945,0.4,24.0,0.0,-0.0,-0.0,0.0,0.0,0.9517089,holdout
2024-07-20 13:16:59.970703123,133.28333,26.728132,387.44925,0.25,1.2062427,23.725458,0.4,24.0,0.0,-0.0,-0.0,0.0,0.0,0.8890853,holdout
2024-07-20 13:22:00.062255859,133.36668,27.073605,389.92935,0.25,1.2230343,23.683405,0.4,24.0,0.0,-0.0,-0.0,0.0,0.0,0.83118707,holdout
2024-07-20 13:27:00.043945311,133.45001,27.33239,396.0742,0.25,1.1315708,23.776491,0.4,24.0,0.0,-0.0,-0.0,0.0,0.0,0.8054492,holdout
2024-07-20 13:31:59.970703123,133.53333,27.220139,382.0374,0.25,0.8639275,23.699194,0.4,24.0,0.0,-0.0,-0.0,0.0,0.0,0.7973384,holdout
2024-07-20 13:37:00.062255859,133.61668,27.239063,407.9753,0.25,0.8390402,23.932178,0.4,24.0,0.0,-0.0,-0.0,0.0,0.0,0.8951227,holdout
2024-07-20 13:42:00.043945311,133.70001,27.075506,419.79532,0.25,0.97181094,23.918043,0.4,24.0,0.0,-0.0,-0.0,0.0,0.0,0.9439524,holdout
2024-07-20 13:46:59.970703123,133.78333,27.25052,424.68784,0.25,0.9701521,24.036808,0.4,24.0,0.0,-0.0,-0.0,0.0,0.0,0.9533984,holdout
2024-07-20 13:52:00.062255859,133.86668,27.234406,423.53757,0.25,1.134005,24.064428,0.4,24.0,0.0,-0.0,-0.0,0.0,0.0,0.9378277,holdout
2024-07-20 13:57:00.043945311,133.95001,27.362429,399.23093,0.25,0.90117687,24.01836,0.4,24.0,0.0,-0.0,-0.0,0.0,0.0,0.90305835,holdout
2024-07-20 14:01:59.970703123,134.03333,27.469784,388.76694,0.25,0.88591385,24.139977,0.4,24.0,0.0,-0.0,-0.0,0.0,0.0,0.8272471,holdout
2024-07-20 14:07:00.062255859,134.11668,27.33202,385.41104,0.25,0.84739035,24.302227,0.4,24.0,0.0,-0.0,-0.0,0.0,0.0,0.8043389,holdout
2024-07-20 14:12:00.043945311,134.20001,27.041065,357.9189,0.25,0.83246773,24.330412,0.4,24.0,0.0,-0.0,-0.0,0.0,0.0,0.7904952,holdout
2024-07-20 14:16:59.970703123,134.28333,27.194954,368.82504,0.25,0.928352,24.194206,0.4,24.0,0.0,-0.0,-0.0,0.0,0.0,0.78297323,holdout
2024-07-20 14:22:00.062255859,134.36668,26.777502,366.78864,0.25,1.0630257,24.38779,0.4,24.0,0.0,-0.0,-0.0,0.0,0.0,0.8536086,holdout
2024-07-20 14:27:00.043945311,134.45001,26.935398,371.51645,0.25,1.3318063,24.228771,0.4,24.0,0.0,-0.0,-0.0,0.0,0.0,0.85143995,holdout
2024-07-20 14:31:59.970703123,134.53333,26.902664,362.33652,0.25,1.452143,24.215534,0.4,24.0,0.0,-0.0,-0.0,0.0,0.0,0.8504119,holdout
2024-07-20 14:37:00.062255859,134.61668,27.033127,346.5321,0.25,1.5098861,24.384344,0.4,24.0,0.0,-0.0,-0.0,0.0,0.0,0.8071874,holdout
2024-07-20 14:42:00.043945311,134.70001,26.95934,344.20468,0.25,1.7004381,24.47265,0.4,24.0,-7.2000003,-0.8,0.0,0.8,240.0,0.7491736,holdout
2024-07-20 14:46:59.970703123,134.78333,26.839716,356.82358,0.25,1.7306747,24.427664,0.4,24.0,-9.0,-1.0,0.0,1.0,300.0,0.76537514,holdout
2024-07-20 14:52:00.062255859,134.86668,26.708422,364.26053,0.25,1.9594923,24.46938,0.4,24.0,-9.0,-1.0,0.0,1.0,300.0,0.7744656,holdout
2024-07-20 14:57:00.043945311,134.95001,26.449883,351.8054,0.25,2.0171213,24.208809,0.4,24.0,-9.0,-1.0,0.0,1.0,300.0,0.8104275,holdout
2024-07-20 15:01:59.970703123,135.03333,26.41143,332.21133,0.25,2.0905843,24.258476,0.4,24.0,-9.0,-1.0,0.0,1.0,300.0,0.8405768,holdout
2024-07-20 15:07:00.062255859,135.11668,26.473732,317.3122,0.25,2.340154,24.350838,0.4,24.0,-9.0,-1.0,0.0,1.0,300.0,0.88057435,holdout
2024-07-20 15:12:00.043945311,135.20001,26.710066,318.82132,0.25,2.3454556,24.250113,0.4,24.0,-9.0,-1.0,0.0,1.0,300.0,0.89513,holdout
2024-07-20 15:16:59.970703123,135.28333,26.873196,317.7785,0.25,2.3635435,24.089064,0.4,24.0,-9.0,-1.0,0.0,1.0,300.0,0.90161324,holdout
2024-07-20 15:22:00.062255859,135.36668,27.006882,318.78717,0.25,2.3853698,24.075508,0.4,24.0,-9.0,-1.0,0.0,1.0,300.0,0.91006297,holdout
2024-07-20 15:27:00.043945311,135.45001,26.99002,318.7097,0.25,2.5005078,24.095896,0.4,24.0,-9.0,-1.0,0.0,1.0,300.0,1.0076245,holdout
2024-07-20 15:31:59.970703123,135.53333,26.96123,309.60675,0.25,2.5451398,24.00721,0.4,24.0,-9.0,-1.0,0.0,1.0,300.0,1.0250049,holdout
2024-07-20 15:37:00.062255859,135.61668,27.04874,295.32578,0.25,2.7315378,23.997849,0.4,24.0,-9.0,-1.0,0.0,1.0,300.0,1.0474979,holdout
2024-07-20 15:42:00.043945311,135.70001,27.140678,295.63193,0.25,2.4943702,23.913769,0.4,24.0,-9.0,-1.0,0.0,1.0,300.0,1.0370988,holdout
2024-07-20 15:46:59.970703123,135.78333,27.550194,285.78183,0.25,2.4549594,23.904953,0.4,24.0,-9.0,-1.0,0.0,1.0,300.0,1.0019376,holdout
2024-07-20 15:52:00.062255859,135.86668,27.524002,286.45767,0.25,2.0911634,23.855661,0.4,24.0,-9.0,-1.0,0.0,1.0,300.0,0.9422089,holdout
2024-07-20 15:57:00.043945311,135.95001,27.090675,285.27377,0.25,2.2586298,23.85744,0.4,24.0,-9.0,-1.0,0.0,1.0,300.0,0.92108077,holdout
2024-07-20 16:01:59.970703123,136.03333,27.427862,281.19846,0.25,2.1728444,23.83404,0.4,24.0,-9.0,-1.0,0.0,1.0,300.0,0.93839216,holdout
2024-07-20 16:07:00.062255859,136.11668,27.092102,263.3119,0.25,2.1134605,23.803547,0.4,24.0,-9.0,-1.0,0.0,1.0,300.0,0.94952136,holdout
2024-07-20 16:12:00.043945311,136.20001,27.254526,236.2832,0.25,1.8388569,23.757692,0.4,24.0,-9.0,-1.0,0.0,1.0,300.0,0.9689557,holdout
2024-07-20 16:16:59.970703123,136.28333,27.5301,227.05635,0.25,1.689062,23.73359,0.4,24.0,-9.0,-1.0,0.0,1.0,300.0,0.9699818,holdout
2024-07-20 16:22:00.062255859,136.36668,27.414759,226.5648,0.25,1.6754369,23.577929,0.4,24.0,-9.0,-1.0,0.0,1.0,300.0,1.0041895,holdout
2024-07-20 16:27:00.043945311,136.45001,27.319803,209.38162,0.25,1.8178266,23.591034,0.4,24.0,-9.0,-1.0,0.0,1.0,300.0,0.9799442,holdout
2024-07-20 16:31:59.970703123,136.53333,27.62862,190.51022,0.25,1.9941998,23.416157,0.4,24.0,-5.4,-0.6,0.0,0.6,180.0,0.9883386,holdout
2024-07-20 16:37:00.062255859,136.61668,27.70242,172.5978,0.25,1.8837961,23.615103,0.4,24.0,0.0,-0.0,-0.0,0.0,0.0,1.0166304,holdout
2024-07-20 16:42:00.043945311,136.70001,28.033764,156.65259,0.25,1.8588928,23.568935,0.4,24.0,0.0,-0.0,-0.0,0.0,0.0,1.0435774,holdout
2024-07-20 16:46:59.970703123,136.78333,27.622986,149.24821,0.25,1.9786977,23.63846,0.4,24.0,0.0,-0.0,-0.0,0.0,0.0,1.0290171,holdout
2024-07-20 16:52:00.062255859,136.86668,27.57107,150.21545,0.25,2.0629525,23.589167,0.4,24.0,0.0,-0.0,-0.0,0.0,0.0,1.0006697,holdout
2024-07-20 16:57:00.043945311,136.95001,27.709461,142.92754,0.25,2.4076884,23.625164,0.4,24.0,0.0,-0.0,-0.0,0.0,0.0,0.98216707,holdout
2024-07-20 17:01:59.970703123,137.03333,27.427355,134.60939,0.25,2.348675,23.532467,0.4,24.0,0.0,-0.0,-0.0,0.0,0.0,1.0070939,holdout
2024-07-20 17:07:00.062255859,137.11668,27.328756,133.6217,0.25,2.3836975,23.713934,0.4,24.0,0.0,-0.0,-0.0,0.0,0.0,1.0138853,holdout
2024-07-20 17:12:00.043945311,137.20001,27.482346,127.357254,0.25,2.6586468,23.83031,0.4,24.0,0.0,-0.0,-0.0,0.0,0.0,1.0028244,holdout
2024-07-20 17:16:59.970703123,137.28333,27.037247,124.60903,0.25,2.806107,23.632515,0.4,24.0,0.0,-0.0,-0.0,0.0,0.0,1.0326493,holdout
2024-07-20 17:22:00.062255859,137.36668,27.297634,115.67061,0.25,2.8663175,23.861769,0.4,24.0,0.0,-0.0,-0.0,0.0,0.0,1.0888542,holdout
2024-07-20 17:27:00.043945311,137.45001,27.482761,100.11062,0.25,2.8289394,23.909378,0.4,24.0,0.0,-0.0,-0.0,0.0,0.0,1.0782092,holdout
2024-07-20 17:31:59.970703123,137.53333,27.601103,102.68025,0.25,2.7625802,23.925379,0.4,24.0,0.0,-0.0,-0.0,0.0,0.0,1.0963653,holdout
2024-07-20 17:37:00.062255859,137.61668,27.92142,99.262245,0.25,2.58545,23.876606,0.4,24.0,0.0,-0.0,-0.0,0.0,0.0,1.0941339,holdout
2024-07-20 17:42:00.043945311,137.70001,28.053343,94.4482,0.25,2.5604477,23.822594,0.4,24.0,0.0,-0.0,-0.0,0.0,0.0,1.0884594,holdout
2024-07-20 17:46:59.970703123,137.78333,28.141161,90.5684,0.25,2.752649,23.903376,0.4,24.0,0.0,-0.0,-0.0,0.0,0.0,1.196325,holdout
2024-07-20 17:52:00.062255859,137.86668,28.158104,85.93493,0.25,2.7959468,23.869125,0.4,24.0,0.0,-0.0,-0.0,0.0,0.0,1.2196357,holdout
2024-07-20 17:57:00.043945311,137.95001,27.869751,78.41604,0.25,2.5029933,23.989628,0.4,24.0,0.0,-0.0,-0.0,0.0,0.0,1.2285594,holdout
2024-07-20 18:01:59.970703123,138.03333,27.987234,76.74695,0.25,2.6826203,24.077877,0.4,24.0,0.0,-0.0,-0.0,0.0,0.0,1.2250026,holdout
2024-07-20 18:07:00.062255859,138.11668,28.088755,69.33749,0.25,3.0446053,24.154509,0.4,24.0,0.0,-0.0,-0.0,0.0,0.0,1.3079969,holdout
2024-07-20 18:12:00.043945311,138.20001,27.985966,65.88397,0.25,3.11398,24.152979,0.4,24.0,0.0,-0.0,-0.0,0.0,0.0,1.328771,holdout
2024-07-20 18:16:59.970703123,138.28333,27.689842,62.04858,0.25,3.1550214,24.065994,0.4,24.0,0.0,-0.0,-0.0,0.0,0.0,1.3518853,holdout
2024-07-20 18:22:00.062255859,138.36668,27.625471,61.46578,0.25,2.9233396,24.226488,0.4,24.0,0.0,-0.0,-0.0,0.0,0.0,1.3417614,holdout
2024-07-20 18:27:00.043945311,138.45001,27.799627,54.881,0.25,2.8409038,24.175425,0.4,24.0,0.0,-0.0,-0.0,0.0,0.0,1.3432773,holdout
2024-07-20 18:31:59.970703123,138.53333,27.869762,48.06592,0.25,3.0081716,24.178568,0.4,24.0,0.0,-0.0,-0.0,0.0,0.0,1.3841523,holdout
2024-07-20 18:37:00.062255859,138.61668,27.665306,41.946835,0.25,3.1651542,24.329605,0.4,24.0,0.0,-0.0,-0.0,0.0,0.0,1.390242,holdout
2024-07-20 18:42:00.043945311,138.70001,27.536366,39.17454,0.25,3.558216,24.31453,0.4,24.0,0.0,-0.0,-0.0,0.0,0.0,1.3692675,holdout
2024-07-20 18:46:59.970703123,138.78333,27.239372,33.506516,0.25,3.5510013,24.345547,0.4,24.0,0.0,-0.0,-0.0,0.0,0.0,1.3836136,holdout
2024-07-20 18:52:00.062255859,138.86668,27.364254,26.344374,0.25,3.472388,24.359306,0.4,24.0,0.0,-0.0,-0.0,0.0,0.0,1.448339,holdout
2024-07-20 18:57:00.043945311,138.95001,27.30518,22.19259,0.25,3.5796368,24.281979,0.4,24.0,0.0,-0.0,-0.0,0.0,0.0,1.4150543,holdout
2024-07-20 19:01:59.970703123,139.03333,27.306433,16.455172,0.25,3.656574,24.431875,0.4,24.0,0.0,-0.0,-0.0,0.0,0.0,1.4374729,holdout
2024-07-20 19:07:00.062255859,139.11668,27.231155,10.66633,0.25,3.923205,24.274632,0.4,24.0,0.0,-0.0,-0.0,0.0,0.0,1.4246869,holdout
2024-07-20 19:12:00.043945311,139.20001,27.804178,6.0589705,0.25,4.0688286,24.370958,0.4,24.0,0.0,-0.0,-0.0,0.0,0.0,1.4336852,holdout
2024-07-20 19:16:59.970703123,139.28333,27.691635,1.2747021,0.25,4.0805984,24.470968,0.4,24.0,0.0,-0.0,-0.0,0.0,0.0,1.4274813,holdout
2024-07-20 19:22:00.062255859,139.36668,27.562998,0.0,0.25,4.189964,24.292671,0.4,24.0,0.0,-0.0,-0.0,0.0,0.0,1.433012,holdout
2024-07-20 19:27:00.043945311,139.45001,27.483007,0.0,0.25,4.103515,24.406004,0.4,24.0,0.0,-0.0,-0.0,0.0,0.0,1.4467105,holdout
2024-07-20 19:31:59.970703123,139.53333,27.058569,0.0,0.25,4.455118,24.418663,0.4,24.0,0.0,-0.0,-0.0,0.0,0.0,1.4655911,holdout
2024-07-20 19:37:00.062255859,139.61668,27.295326,0.0,0.25,4.7183924,24.354355,0.4,24.0,0.0,-0.0,-0.0,0.0,0.0,1.4824102,holdout
2024-07-20 19:42:00.043945311,139.70001,27.037252,0.0,0.25,4.8160725,24.407026,0.4,24.0,0.0,-0.0,-0.0,0.0,0.0,1.4268456,holdout
2024-07-20 19:46:59.970703123,139.78333,27.07634,0.0,0.25,4.7428164,24.458218,0.4,24.0,0.0,-0.0,-0.0,0.0,0.0,1.4033406,holdout
2024-07-20 19:52:00.062255859,139.86668,26.99294,0.0,0.25,4.541568,24.36708,0.4,24.0,-5.4,-0.6,0.0,0.6,180.0,1.3903087,holdout
2024-07-20 19:57:00.043945311,139.95001,27.531849,0.0,0.25,4.4176555,24.48834,0.4,24.0,-9.0,-1.0,0.0,1.0,300.0,1.4448718,holdout
2024-07-20 20:01:59.970703123,140.03333,27.57752,0.0,0.25,4.504213,24.38585,0.4,24.0,-9.0,-1.0,0.0,1.0,300.0,1.4426574,holdout
2024-07-20 20:07:00.062255859,140.11668,27.751144,0.0,0.25,4.5761247,24.215643,0.4,24.0,-9.0,-1.0,0.0,1.0,300.0,1.3890277,holdout
2024-07-20 20:12:00.043945311,140.20001,27.933105,0.0,0.25,4.412103,24.282988,0.4,24.0,-9.0,-1.0,0.0,1.0,300.0,1.3461359,holdout
2024-07-20 20:16:59.970703123,140.28333,28.173018,0.0,0.25,4.2145295,24.189814,0.4,24.0,-9.0,-1.0,0.0,1.0,300.0,1.3096222,holdout
2024-07-20 20:22:00.062255859,140.36668,27.878323,0.0,0.25,4.508845,24.099342,0.4,24.0,-9.0,-1.0,0.0,1.0,300.0,1.3025373,holdout
2024-07-20 20:27:00.043945311,140.45001,27.920479,0.0,0.25,4.6467056,24.03539,0.4,24.0,-9.0,-1.0,0.0,1.0,300.0,1.322037,holdout
2024-07-20 20:31:59.970703123,140.53333,27.799557,0.0,0.25,4.842958,23.89773,0.4,24.0,-9.0,-1.0,0.0,1.0,300.0,1.3507138,holdout
2024-07-20 20:37:00.062255859,140.61668,27.675247,0.0,0.25,4.8017707,23.995802,0.4,24.0,-9.0,-1.0,0.0,1.0,300.0,1.2969674,holdout
2024-07-20 20:42:00.043945311,140.70001,27.970211,0.0,0.25,4.7164135,23.835,0.4,24.0,-9.0,-1.0,0.0,1.0,300.0,1.2802789,holdout
2024-07-20 20:46:59.970703123,140.78333,27.889454,0.0,0.25,4.6858077,23.787418,0.4,24.0,-9.0,-1.0,0.0,1.0,300.0,1.2823014,holdout
2024-07-20 20:52:00.062255859,140.86668,28.054127,0.0,0.25,4.5296187,23.793638,0.4,24.0,-9.0,-1.0,0.0,1.0,300.0,1.2196137,holdout
2024-07-20 20:57:00.043945311,140.95001,27.938295,0.0,0.25,4.3622656,23.55503,0.4,24.0,-9.0,-1.0,0.0,1.0,300.0,1.2359965,holdout
2024-07-20 21:01:59.970703123,141.03333,27.638538,0.0,0.25,4.1579485,23.550259,0.4,24.0,-7.2000003,-0.8,0.0,0.8,240.0,1.1880674,holdout
2024-07-20 21:07:00.062255859,141.11668,27.582075,0.0,0.25,4.031673,23.603365,0.4,24.0,0.0,-0.0,-0.0,0.0,0.0,1.1586587,holdout
2024-07-20 21:12:00.043945311,141.20001,27.938616,0.0,0.25,4.1776366,23.531313,0.4,24.0,0.0,-0.0,-0.0,0.0,0.0,1.1065613,holdout
2024-07-20 21:16:59.970703123,141.28333,27.730051,0.0,0.25,4.168952,23.596174,0.4,24.0,0.0,-0.0,-0.0,0.0,0.0,1.0825454,holdout
2024-07-20 21:22:00.062255859,141.36668,27.488295,0.0,0.25,3.9629726,23.639286,0.4,24.0,0.0,-0.0,-0.0,0.0,0.0,1.0792364,holdout
2024-07-20 21:27:00.043945311,141.45001,27.347008,0.0,0.25,4.1680803,23.751326,0.4,24.0,0.0,-0.0,-0.0,0.0,0.0,1.1257998,holdout
2024-07-20 21:31:59.970703123,141.53333,26.952877,0.0,0.25,4.1331854,23.742239,0.4,24.0,0.0,-0.0,-0.0,0.0,0.0,1.1462636,holdout
2024-07-20 21:37:00.062255859,141.61668,27.224926,0.0,0.25,3.795115,23.841444,0.4,24.0,0.0,-0.0,-0.0,0.0,0.0,1.1452675,holdout
2024-07-20 21:42:00.043945311,141.70001,26.785952,0.0,0.25,3.5773945,23.662838,0.4,24.0,0.0,-0.0,-0.0,0.0,0.0,1.1159128,holdout
2024-07-20 21:46:59.970703123,141.78333,26.827751,0.0,0.25,3.4067497,23.775318,0.4,24.0,0.0,-0.0,-0.0,0.0,0.0,1.0809008,holdout
2024-07-20 21:52:00.062255859,141.86668,26.499048,0.0,0.25,3.5298135,23.783068,0.4,24.0,0.0,-0.0,-0.0,0.0,0.0,1.0209365,holdout
2024-07-20 21:57:00.043945311,141.95001,26.349712,0.0,0.25,3.483971,23.8698,0.4,24.0,0.0,-0.0,-0.0,0.0,0.0,1.0643154,holdout
2024-07-20 22:01:59.970703123,142.03333,26.78622,0.0,0.25,3.7406995,23.820217,0.4,24.0,0.0,-0.0,-0.0,0.0,0.0,1.0406554,holdout
2024-07-20 22:07:00.062255859,142.11668,26.936125,0.0,0.25,3.4917085,23.862335,0.4,24.0,0.0,-0.0,-0.0,0.0,0.0,0.94851273,holdout
2024-07-20 22:12:00.043945311,142.20001,26.878565,0.0,0.25,3.3452117,23.727787,0.4,24.0,0.0,-0.0,-0.0,0.0,0.0,0.85165656,holdout
2024-07-20 22:16:59.970703123,142.28333,26.66203,0.0,0.25,3.4327848,23.697369,0.4,24.0,0.0,-0.0,-0.0,0.0,0.0,0.80543023,holdout
2024-07-20 22:22:00.062255859,142.36668,26.666016,0.0,0.25,3.4074502,23.700108,0.4,24.0,0.0,-0.0,-0.0,0.0,0.0,0.81477374,holdout
2024-07-20 22:27:00.043945311,142.45001,26.474594,0.0,0.25,3.3747852,23.709965,0.4,24.0,0.0,-0.0,-0.0,0.0,0.0,0.7997527,holdout
2024-07-20 22:31:59.970703123,142.53333,26.992107,0.0,0.25,3.5182698,23.874071,0.4,24.0,0.0,-0.0,-0.0,0.0,0.0,0.7801652,holdout
2024-07-20 22:37:00.062255859,142.61668,26.883507,0.0,0.25,3.6010463,23.796701,0.4,24.0,0.0,-0.0,-0.0,0.0,0.0,0.7400102,holdout
2024-07-20 22:42:00.043945311,142.70001,27.006773,0.0,0.25,3.6920316,23.79816,0.4,24.0,0.0,-0.0,-0.0,0.0,0.0,0.72073114,holdout
2024-07-20 22:46:59.970703123,142.78333,27.165915,0.0,0.25,3.6814187,23.642593,0.4,24.0,0.0,-0.0,-0.0,0.0,0.0,0.6501344,holdout
2024-07-20 22:52:00.062255859,142.86668,27.23934,0.0,0.25,3.460839,23.85973,0.4,24.0,0.0,-0.0,-0.0,0.0,0.0,0.55851775,holdout
2024-07-20 22:57:00.043945311,142.95001,26.804783,0.0,0.25,3.29525,23.842825,0.4,24.0,0.0,-0.0,-0.0,0.0,0.0,0.5358656,holdout
2024-07-20 23:01:59.970703123,143.03333,26.793247,0.0,0.25,3.3394291,23.788216,0.4,26.5,0.0,-0.0,-0.0,0.0,0.0,0.55318403,holdout
2024-07-20 23:07:00.062255859,143.11668,26.406445,0.0,0.25,3.289782,23.886448,0.4,26.5,0.0,-0.0,-0.0,0.0,0.0,0.5515301,holdout
2024-07-20 23:12:00.043945311,143.20001,26.609629,0.0,0.25,3.3904564,23.823471,0.4,26.5,0.0,-0.0,-0.0,0.0,0.0,0.6050553,holdout
2024-07-20 23:16:59.970703123,143.28333,26.300463,0.0,0.25,3.5947335,23.98176,0.4,26.5,0.0,-0.0,-0.0,0.0,0.0,0.6411673,holdout
2024-07-20 23:22:00.062255859,143.36668,26.005264,0.0,0.25,3.651425,23.870316,0.4,26.5,0.0,-0.0,-0.0,0.0,0.0,0.6259114,holdout
2024-07-20 23:27:00.043945311,143.45001,25.90569,0.0,0.25,3.4964929,23.773798,0.4,26.5,0.0,-0.0,-0.0,0.0,0.0,0.5750958,holdout
2024-07-20 23:31:59.970703123,143.53333,25.719908,0.0,0.25,3.0481431,23.86832,0.4,26.5,0.0,-0.0,-0.0,0.0,0.0,0.5399043,holdout
2024-07-20 23:37:00.062255859,143.61668,25.76993,0.0,0.25,3.0350285,23.857233,0.4,26.5,0.0,-0.0,-0.0,0.0,0.0,0.48138982,holdout
2024-07-20 23:42:00.043945311,143.70001,25.603397,0.0,0.25,3.1239243,23.893763,0.4,26.5,0.0,-0.0,-0.0,0.0,0.0,0.39960343,holdout
2024-07-20 23:46:59.970703123,143.78333,25.6036,0.0,0.25,2.8874586,23.807556,0.4,26.5,0.0,-0.0,-0.0,0.0,0.0,0.37108248,holdout
2024-07-20 23:52:00.062255859,143.86668,25.359608,0.0,0.25,2.608526,24.014196,0.4,26.5,0.0,-0.0,-0.0,0.0,0.0,0.42784205,holdout
2024-07-20 23:57:00.043945311,143.95001,25.122007,0.0,0.25,2.487685,23.848776,0.4,26.5,0.0,-0.0,-0.0,0.0,0.0,0.4032168,holdout
2024-07-21 00:01:59.970703123,144.03333,24.979097,0.0,0.25,2.4138205,23.710474,0.4,26.5,0.0,-0.0,-0.0,0.0,0.0,0.46119767,holdout
2024-07-21 00:07:00.062255859,144.11668,25.150356,0.0,0.25,2.3384647,23.88226,0.4,26.5,0.0,-0.0,-0.0,0.0,0.0,0.39459372,holdout
2024-07-21 00:12:00.043945311,144.20001,25.075397,0.0,0.25,2.626035,23.848608,0.4,26.5,0.0,-0.0,-0.0,0.0,0.0,0.3604657,holdout
2024-07-21 00:16:59.970703123,144.28333,24.568687,0.0,0.25,2.4620638,23.801085,0.4,26.5,0.0,-0.0,-0.0,0.0,0.0,0.29954508,holdout
2024-07-21 00:22:00.062255859,144.36668,24.67443,0.0,0.25,2.370241,23.853775,0.4,26.5,0.0,-0.0,-0.0,0.0,0.0,0.32685855,holdout
2024-07-21 00:27:00.043945311,144.45001,24.424616,0.0,0.25,2.326882,23.896235,0.4,26.5,0.0,-0.0,-0.0,0.0,0.0,0.37902084,holdout
2024-07-21 00:31:59.970703123,144.53333,24.24324,0.0,0.25,2.221605,23.938934,0.4,26.5,0.0,-0.0,-0.0,0.0,0.0,0.3499554,holdout
2024-07-21 00:37:00.062255859,144.61668,24.208345,0.0,0.25,2.121538,24.055117,0.4,26.5,0.0,-0.0,-0.0,0.0,0.0,0.32501706,holdout
2024-07-21 00:42:00.043945311,144.70001,24.139454,0.0,0.25,2.2392993,23.867804,0.4,26.5,0.0,-0.0,-0.0,0.0,0.0,0.33128938,holdout
2024-07-21 00:46:59.970703123,144.78333,24.344484,0.0,0.25,2.0948284,23.99497,0.4,26.5,0.0,-0.0,-0.0,0.0,0.0,0.30120254,holdout
2024-07-21 00:52:00.062255859,144.86668,24.199114,0.0,0.25,2.3556046,24.062346,0.4,26.5,0.0,-0.0,-0.0,0.0,0.0,0.32111245,holdout
2024-07-21 00:57:00.043945311,144.95001,23.898872,0.0,0.25,2.4733112,23.946928,0.4,26.5,0.0,-0.0,-0.0,0.0,0.0,0.3074363,holdout
2024-07-21 01:01:59.970703123,145.03333,24.127275,0.0,0.25,2.3678584,24.056652,0.4,26.5,0.0,-0.0,-0.0,0.0,0.0,0.3165755,holdout
2024-07-21 01:07:00.062255859,145.11668,24.167757,0.0,0.25,2.5449953,23.923569,0.4,26.5,0.0,-0.0,-0.0,0.0,0.0,0.29257724,holdout
2024-07-21 01:12:00.043945311,145.20001,24.28614,0.0,0.25,2.7146356,24.035368,0.4,26.5,0.0,-0.0,-0.0,0.0,0.0,0.3479682,holdout
2024-07-21 01:16:59.970703123,145.28333,24.535288,0.0,0.25,2.6778011,23.958975,0.4,26.5,0.0,-0.0,-0.0,0.0,0.0,0.28402543,holdout
2024-07-21 01:22:00.062255859,145.36668,24.251724,0.0,0.25,2.6495283,23.940397,0.4,26.5,0.0,-0.0,-0.0,0.0,0.0,0.30997863,holdout
2024-07-21 01:27:00.043945311,145.45001,24.335022,0.0,0.25,2.7317138,23.914474,0.4,26.5,0.0,-0.0,-0.0,0.0,0.0,0.34947908,holdout
2024-07-21 01:31:59.970703123,145.53333,24.438503,0.0,0.25,2.7523887,24.019474,0.4,26.5,0.0,-0.0,-0.0,0.0,0.0,0.33233747,holdout
2024-07-21 01:37:00.062255859,145.61668,23.877525,0.0,0.25,3.0459692,23.936653,0.4,26.5,0.0,-0.0,-0.0,0.0,0.0,0.2972245,holdout
2024-07-21 01:42:00.043945311,145.70001,23.290878,0.0,0.25,3.0483272,24.066683,0.4,26.5,0.0,-0.0,-0.0,0.0,0.0,0.29572594,holdout
2024-07-21 01:46:59.970703123,145.78333,23.40234,0.0,0.25,3.0712898,24.03898,0.4,26.5,0.0,-0.0,-0.0,0.0,0.0,0.30167374,holdout
2024-07-21 01:52:00.062255859,145.86668,23.306473,0.0,0.25,2.8807092,24.00602,0.4,26.5,0.0,-0.0,-0.0,0.0,0.0,0.31873968,holdout
2024-07-21 01:57:00.043945311,145.95001,23.222485,0.0,0.25,2.9973328,23.89365,0.4,26.5,0.0,-0.0,-0.0,0.0,0.0,0.37323615,holdout
2024-07-21 02:01:59.970703123,146.03333,22.796097,0.0,0.25,3.1256967,23.912918,0.4,26.5,0.0,-0.0,-0.0,0.0,0.0,0.3838962,holdout
2024-07-21 02:07:00.062255859,146.11668,22.910929,0.0,0.25,3.0047376,23.981861,0.4,26.5,0.0,-0.0,-0.0,0.0,0.0,0.34936032,holdout
2024-07-21 02:12:00.043945311,146.20001,22.907131,0.0,0.25,3.0613766,23.972956,0.4,26.5,0.0,-0.0,-0.0,0.0,0.0,0.34226382,holdout
2024-07-21 02:16:59.970703123,146.28333,22.775782,0.0,0.25,2.9565904,23.933502,0.4,26.5,0.0,-0.0,-0.0,0.0,0.0,0.33751112,holdout
2024-07-21 02:22:00.062255859,146.36668,22.567894,0.0,0.25,2.804919,23.796803,0.4,26.5,0.0,-0.0,-0.0,0.0,0.0,0.3390991,holdout
2024-07-21 02:27:00.043945311,146.45001,22.478943,0.0,0.25,2.7357032,23.832193,0.4,26.5,0.0,-0.0,-0.0,0.0,0.0,0.31496575,holdout
2024-07-21 02:32:00.080566407,146.53336,22.828682,0.0,0.25,3.0484495,23.949593,0.4,26.5,0.0,-0.0,-0.0,0.0,0.0,0.28656083,holdout
2024-07-21 02:37:00.062255859,146.61668,22.96965,0.0,0.25,3.1783738,23.82474,0.4,26.5,0.0,-0.0,-0.0,0.0,0.0,0.24671927,holdout
2024-07-21 02:42:00.043945311,146.70001,22.879118,0.0,0.25,3.0326252,23.917421,0.4,26.5,0.0,-0.0,-0.0,0.0,0.0,0.20137237,holdout
2024-07-21 02:47:00.080566407,146.78336,22.768192,0.0,0.25,2.9351866,23.693605,0.4,26.5,0.0,-0.0,-0.0,0.0,0.0,0.19043146,holdout
2024-07-21 02:52:00.062255859,146.86668,22.730728,0.0,0.25,2.9630134,23.97491,0.4,26.5,0.0,-0.0,-0.0,0.0,0.0,0.22445635,holdout
2024-07-21 02:57:00.043945311,146.95001,22.173023,0.0,0.25,3.2683945,23.837498,0.4,26.5,0.0,-0.0,-0.0,0.0,0.0,0.20426865,holdout
2024-07-21 03:02:00.080566407,147.03336,22.541159,0.0,0.25,3.2320535,23.827528,0.4,26.5,0.0,-0.0,-0.0,0.0,0.0,0.19231331,holdout
2024-07-21 03:07:00.062255859,147.11668,22.068476,0.0,0.25,3.2181625,23.928078,0.4,26.5,0.0,-0.0,-0.0,0.0,0.0,0.1893215,holdout
2024-07-21 03:12:00.043945311,147.20001,22.691803,0.0,0.25,3.6393554,23.780935,0.4,26.5,0.0,-0.0,-0.0,0.0,0.0,0.2532468,holdout
2024-07-21 03:17:00.080566407,147.28336,22.611403,0.0,0.25,3.8687382,23.947592,0.4,26.5,0.0,-0.0,-0.0,0.0,0.0,0.32647014,holdout
2024-07-21 03:22:00.062255859,147.36668,22.407093,0.0,0.25,3.9596405,23.823242,0.4,26.5,0.0,-0.0,-0.0,0.0,0.0,0.26820746,holdout
2024-07-21 03:27:00.043945311,147.45001,22.371101,0.0,0.25,3.9540746,23.98714,0.4,26.5,0.0,-0.0,-0.0,0.0,0.0,0.2932841,holdout
2024-07-21 03:32:00.080566407,147.53336,22.444124,0.0,0.25,4.1244555,23.851994,0.4,26.5,0.0,-0.0,-0.0,0.0,0.0,0.27298656,holdout
2024-07-21 03:37:00.062255859,147.61668,22.75326,0.0,0.25,4.2543035,23.905775,0.4,26.5,0.0,-0.0,-0.0,0.0,0.0,0.2589388,holdout
2024-07-21 03:42:00.043945311,147.70001,22.659004,0.0,0.25,4.0009613,23.801468,0.4,26.5,0.0,-0.0,-0.0,0.0,0.0,0.25277326,holdout
2024-07-21 03:47:00.080566407,147.78336,23.093168,0.0,0.25,3.8147557,23.743845,0.4,26.5,0.0,-0.0,-0.0,0.0,0.0,0.22093056,holdout
2024-07-21 03:52:00.062255859,147.86668,22.87072,0.0,0.25,3.812529,23.914368,0.4,26.5,0.0,-0.0,-0.0,0.0,0.0,0.23079954,holdout
2024-07-21 03:57:00.043945311,147.95001,22.971626,0.0,0.25,3.6900856,23.924036,0.4,26.5,0.0,-0.0,-0.0,0.0,0.0,0.24367264,holdout
2024-07-21 04:02:00.080566407,148.03336,23.0742,0.0,0.25,3.3922708,23.777344,0.4,26.5,0.0,-0.0,-0.0,0.0,0.0,0.33127663,holdout
2024-07-21 04:07:00.062255859,148.11668,22.954475,0.0,0.25,3.6395814,23.820955,0.4,26.5,0.0,-0.0,-0.0,0.0,0.0,0.33113834,holdout
2024-07-21 04:12:00.043945311,148.20001,22.957819,0.0,0.25,3.6160977,23.896408,0.4,26.5,0.0,-0.0,-0.0,0.0,0.0,0.26765728,holdout
2024-07-21 04:17:00.080566407,148.28336,23.078894,0.0,0.25,3.4242082,23.855194,0.4,26.5,0.0,-0.0,-0.0,0.0,0.0,0.24595726,holdout
2024-07-21 04:22:00.062255859,148.36668,23.13909,0.0,0.25,3.5202444,23.823507,0.4,26.5,0.0,-0.0,-0.0,0.0,0.0,0.26005882,holdout
2024-07-21 04:27:00.043945311,148.45001,22.6687,0.0,0.25,3.7817276,23.888489,0.4,26.5,0.0,-0.0,-0.0,0.0,0.0,0.31447944,holdout
2024-07-21 04:32:00.080566407,148.53336,22.498798,0.0,0.25,3.8056848,23.798851,0.4,26.5,0.0,-0.0,-0.0,0.0,0.0,0.35988814,holdout
2024-07-21 04:37:00.062255859,148.61668,22.27024,0.0,0.25,3.9986475,23.885918,0.4,26.5,0.0,-0.0,-0.0,0.0,0.0,0.42356786,holdout
2024-07-21 04:42:00.043945311,148.70001,22.607635,0.8254537,0.25,4.3026485,23.80536,0.4,26.5,0.0,-0.0,-0.0,0.0,0.0,0.405194,holdout
2024-07-21 04:47:00.080566407,148.78336,22.658815,8.055872,0.25,4.3299975,23.844181,0.4,26.5,0.0,-0.0,-0.0,0.0,0.0,0.43227607,holdout
2024-07-21 04:52:00.062255859,148.86668,22.454418,15.979276,0.25,4.3047686,23.78675,0.4,26.5,0.0,-0.0,-0.0,0.0,0.0,0.43609163,holdout
2024-07-21 04:57:00.043945311,148.95001,22.664648,23.597061,0.25,4.1207876,23.865673,0.4,26.5,0.0,-0.0,-0.0,0.0,0.0,0.41893512,holdout
2024-07-21 05:02:00.080566407,149.03336,22.568497,32.693302,0.25,4.3008776,23.762615,0.4,26.5,0.0,-0.0,-0.0,0.0,0.0,0.39218482,holdout
2024-07-21 05:07:00.062255859,149.11668,22.72273,41.309444,0.25,4.214718,23.85601,0.4,26.5,0.0,-0.0,-0.0,0.0,0.0,0.35935837,holdout
2024-07-21 05:12:00.043945311,149.20001,22.287708,48.914764,0.25,4.361345,23.794998,0.4,26.5,0.0,-0.0,-0.0,0.0,0.0,0.3165816,holdout
2024-07-21 05:17:00.080566407,149.28336,22.017908,56.332344,0.25,4.4960093,23.838684,0.4,26.5,0.0,-0.0,-0.0,0.0,0.0,0.345534,holdout
2024-07-21 05:22:00.062255859,149.36668,21.87007,62.965893,0.25,4.7706347,23.87121,0.4,26.5,0.0,-0.0,-0.0,0.0,0.0,0.37363157,holdout
2024-07-21 05:27:00.043945311,149.45001,22.165775,69.38021,0.25,4.7592845,23.762594,0.4,26.5,0.0,-0.0,-0.0,0.0,0.0,0.41250315,holdout
2024-07-21 05:32:00.080566407,149.53336,22.340197,76.05724,0.25,4.7634044,23.858366,0.4,26.5,0.0,-0.0,-0.0,0.0,0.0,0.47643548,holdout
2024-07-21 05:37:00.062255859,149.61668,22.095783,84.68459,0.25,4.8111625,23.766075,0.4,26.5,0.0,-0.0,-0.0,0.0,0.0,0.4789637,holdout
2024-07-21 05:42:00.043945311,149.70001,21.941294,89.2303,0.25,4.7782073,23.770702,0.4,26.5,0.0,-0.0,-0.0,0.0,0.0,0.53560644,holdout
2024-07-21 05:47:00.080566407,149.78336,22.069845,97.526794,0.25,4.4823256,23.770124,0.4,26.5,0.0,-0.0,-0.0,0.0,0.0,0.55930203,holdout
2024-07-21 05:52:00.062255859,149.86668,22.10229,102.040146,0.25,4.5088735,23.949512,0.4,26.5,0.0,-0.0,-0.0,0.0,0.0,0.5166907,holdout
2024-07-21 05:57:00.043945311,149.95001,21.85743,109.50498,0.25,4.6606765,23.88457,0.4,26.5,0.0,-0.0,-0.0,0.0,0.0,0.5253857,holdout
2024-07-21 06:02:00.080566407,150.03336,22.094082,116.63749,0.25,4.644726,23.79027,0.4,26.5,0.0,-0.0,-0.0,0.0,0.0,0.5608839,holdout
2024-07-21 06:07:00.062255859,150.11668,21.754322,124.80227,0.25,4.5039673,23.831234,0.4,26.5,0.0,-0.0,-0.0,0.0,0.0,0.5649998,holdout
2024-07-21 06:12:00.043945311,150.20001,22.096666,129.1645,0.25,4.5287485,23.793701,0.4,26.5,0.0,-0.0,-0.0,0.0,0.0,0.54675484,holdout
2024-07-21 06:17:00.080566407,150.28336,22.008148,138.84818,0.25,4.377403,23.844421,0.4,26.5,0.0,-0.0,-0.0,0.0,0.0,0.5072631,holdout
2024-07-21 06:22:00.062255859,150.36668,22.205023,142.3012,0.25,4.0995035,23.976547,0.4,26.5,0.0,-0.0,-0.0,0.0,0.0,0.5301795,holdout
2024-07-21 06:27:00.043945311,150.45001,22.04293,140.75317,0.25,4.1826715,23.936636,0.4,26.5,0.0,-0.0,-0.0,0.0,0.0,0.54606897,holdout
2024-07-21 06:32:00.080566407,150.53336,22.246624,137.46045,0.25,3.990467,24.077667,0.4,26.5,0.0,-0.0,-0.0,0.0,0.0,0.59435844,holdout
2024-07-21 06:37:00.062255859,150.61668,22.720566,151.20052,0.25,4.083542,24.109655,0.4,26.5,0.0,-0.0,-0.0,0.0,0.0,0.6255283,holdout
2024-07-21 06:42:00.043945311,150.70001,22.431452,167.63516,0.25,4.257271,24.189608,0.4,26.5,0.0,-0.0,-0.0,0.0,0.0,0.6470915,holdout
2024-07-21 06:47:00.080566407,150.78336,22.030558,182.27779,0.25,4.352751,23.877409,0.4,26.5,0.0,-0.0,-0.0,0.0,0.0,0.68729717,holdout
2024-07-21 06:52:00.062255859,150.86668,22.094233,193.88632,0.25,4.264414,24.062496,0.4,26.5,0.0,-0.0,-0.0,0.0,0.0,0.7279575,holdout
2024-07-21 06:57:00.043945311,150.95001,22.088358,205.59952,0.25,4.252738,23.882687,0.4,26.5,0.0,-0.0,-0.0,0.0,0.0,0.7700403,holdout
2024-07-21 07:02:00.080566407,151.03336,22.315332,213.01997,0.25,4.1515236,23.891756,0.4,26.5,0.0,-0.0,-0.0,0.0,0.0,0.7639616,holdout
2024-07-21 07:07:00.062255859,151.11668,21.840803,222.4611,0.25,4.026323,23.912775,0.4,26.5,0.0,-0.0,-0.0,0.0,0.0,0.7742693,holdout
2024-07-21 07:12:00.043945311,151.20001,21.783003,223.7865,0.25,3.9018307,24.048313,0.4,26.5,0.0,-0.0,-0.0,0.0,0.0,0.8020566,holdout
2024-07-21 07:17:00.080566407,151.28336,22.131048,235.2384,0.25,3.8685937,24.048994,0.4,26.5,0.0,-0.0,-0.0,0.0,0.0,0.8784515,holdout
2024-07-21 07:22:00.062255859,151.36668,22.410252,240.52554,0.25,4.059877,24.16106,0.4,26.5,0.0,-0.0,-0.0,0.0,0.0,0.90360546,holdout
2024-07-21 07:27:00.043945311,151.45001,22.32061,241.7152,0.25,3.8937428,23.99685,0.4,26.5,0.0,-0.0,-0.0,0.0,0.0,0.9416732,holdout
2024-07-21 07:32:00.080566407,151.53336,22.425032,246.8957,0.25,3.5303574,24.025097,0.4,26.5,0.0,-0.0,-0.0,0.0,0.0,0.92453045,holdout
2024-07-21 07:37:00.062255859,151.61668,22.502113,251.56021,0.25,3.7388387,24.072733,0.4,26.5,0.0,-0.0,-0.0,0.0,0.0,0.9214721,holdout
2024-07-21 07:42:00.043945311,151.70001,22.78871,252.89375,0.25,3.7287595,24.193281,0.4,26.5,0.0,-0.0,-0.0,0.0,0.0,0.9517378,holdout
2024-07-21 07:47:00.080566407,151.78336,22.576246,254.43233,0.25,3.737318,24.245716,0.4,26.5,0.0,-0.0,-0.0,0.0,0.0,0.98657274,holdout
2024-07-21 07:52:00.062255859,151.86668,22.462032,253.1304,0.25,4.05578,24.04,0.4,26.5,0.0,-0.0,-0.0,0.0,0.0,0.97223514,holdout
2024-07-21 07:57:00.043945311,151.95001,22.238203,252.6693,0.25,3.92528,24.214275,0.4,26.5,0.0,-0.0,-0.0,0.0,0.0,0.9531705,holdout
2024-07-21 08:02:00.080566407,152.03336,22.475636,270.21384,0.25,4.016969,24.257061,0.4,24.0,0.0,-0.0,-0.0,0.0,0.0,0.9810398,holdout
2024-07-21 08:07:00.062255859,152.11668,22.36663,284.758,0.25,3.8816044,24.124607,0.4,24.0,0.0,-0.0,-0.0,0.0,0.0,0.950054,holdout
2024-07-21 08:12:00.043945311,152.20001,22.027832,295.4961,0.25,4.0664735,24.28131,0.4,24.0,0.0,-0.0,-0.0,0.0,0.0,0.9388571,holdout
2024-07-21 08:17:00.080566407,152.28336,22.150656,302.42874,0.25,3.9132123,24.355574,0.4,24.0,0.0,-0.0,-0.0,0.0,0.0,0.95365936,holdout
2024-07-21 08:22:00.062255859,152.36668,22.293146,318.72934,0.25,4.2990394,24.364836,0.4,24.0,0.0,-0.0,-0.0,0.0,0.0,0.96382016,holdout
2024-07-21 08:27:00.043945311,152.45001,22.632374,316.66153,0.25,4.390904,24.275965,0.4,24.0,0.0,-0.0,-0.0,0.0,0.0,0.95975155,holdout
2024-07-21 08:32:00.080566407,152.53336,23.142263,327.16708,0.25,4.293025,24.302013,0.4,24.0,0.0,-0.0,-0.0,0.0,0.0,0.9218759,holdout
2024-07-21 08:37:00.062255859,152.61668,23.12629,334.4015,0.25,4.0512433,24.451225,0.4,24.0,0.0,-0.0,-0.0,0.0,0.0,0.8735949,holdout
2024-07-21 08:42:00.043945311,152.70001,23.324953,329.1043,0.25,4.0760946,24.320461,0.4,24.0,0.0,-0.0,-0.0,0.0,0.0,0.8347134,holdout
2024-07-21 08:47:00.080566407,152.78336,23.21144,323.67734,0.25,4.32966,24.369324,0.4,24.0,0.0,-0.0,-0.0,0.0,0.0,0.79632646,holdout
2024-07-21 08:52:00.062255859,152.86668,23.337982,312.87253,0.25,4.2712474,24.374249,0.4,24.0,0.0,-0.0,-0.0,0.0,0.0,0.7719795,holdout
2024-07-21 08:57:00.043945311,152.95001,23.185204,309.1269,0.25,4.145097,24.431484,0.4,24.0,0.0,-0.0,-0.0,0.0,0.0,0.8114368,holdout
2024-07-21 09:02:00.080566407,153.03336,23.225155,313.0513,0.25,3.9902494,24.402433,0.4,24.0,-5.4,-0.6,0.0,0.6,180.0,0.81038755,holdout
2024-07-21 09:07:00.062255859,153.11668,22.86783,319.41187,0.25,3.9545312,24.444765,0.4,24.0,-9.0,-1.0,0.0,1.0,300.0,0.7907578,holdout
2024-07-21 09:12:00.043945311,153.20001,22.857594,340.94888,0.25,3.9840715,24.399734,0.4,24.0,-9.0,-1.0,0.0,1.0,300.0,0.79063535,holdout
2024-07-21 09:17:00.080566407,153.28336,23.100342,368.58786,0.25,4.2652946,24.344664,0.4,24.0,-9.0,-1.0,0.0,1.0,300.0,0.80701303,holdout
2024-07-21 09:22:00.062255859,153.36668,23.18415,387.94553,0.25,4.286522,24.221153,0.4,24.0,-9.0,-1.0,0.0,1.0,300.0,0.765246,holdout
2024-07-21 09:27:00.043945311,153.45001,23.661188,401.9985,0.25,4.1356807,24.157246,0.4,24.0,-9.0,-1.0,0.0,1.0,300.0,0.7183446,holdout
2024-07-21 09:32:00.080566407,153.53336,23.873577,396.90265,0.25,4.2286425,24.183979,0.4,24.0,-9.0,-1.0,0.0,1.0,300.0,0.69865507,holdout
2024-07-21 09:37:00.062255859,153.61668,23.801025,392.2212,0.25,4.2169747,24.165386,0.4,24.0,-9.0,-1.0,0.0,1.0,300.0,0.673284,holdout
2024-07-21 09:42:00.043945311,153.70001,24.066868,406.93753,0.25,3.9766011,24.064188,0.4,24.0,-9.0,-1.0,0.0,1.0,300.0,0.66407204,holdout
2024-07-21 09:47:00.080566407,153.78336,23.319294,451.38272,0.25,3.9121883,24.064077,0.4,24.0,-9.0,-1.0,0.0,1.0,300.0,0.6613041,holdout
2024-07-21 09:52:00.062255859,153.86668,23.704374,472.41705,0.25,3.9301393,23.991495,0.4,24.0,-9.0,-1.0,0.0,1.0,300.0,0.6493012,holdout
2024-07-21 09:57:00.043945311,153.95001,24.175884,484.25424,0.25,4.0981097,23.866056,0.4,24.0,-9.0,-1.0,0.0,1.0,300.0,0.68243325,holdout
2024-07-21 10:02:00.080566407,154.03336,24.453882,509.37662,0.25,4.053409,23.709515,0.4,24.0,-9.0,-1.0,0.0,1.0,300.0,0.6890368,holdout
2024-07-21 10:07:00.062255859,154.11668,24.27767,520.49817,0.25,3.9548397,23.852762,0.4,24.0,-9.0,-1.0,0.0,1.0,300.0,0.68705547,holdout
2024-07-21 10:12:00.043945311,154.20001,24.205145,534.2924,0.25,3.9838867,23.807592,0.4,24.0,-9.0,-1.0,0.0,1.0,300.0,0.6612055,holdout
2024-07-21 10:17:00.080566407,154.28336,24.56953,537.1699,0.25,4.204954,23.70501,0.4,24.0,-9.0,-1.0,0.0,1.0,300.0,0.589389,holdout
2024-07-21 10:22:00.062255859,154.36668,24.651745,536.0622,0.25,4.2400928,23.597649,0.4,24.0,-9.0,-1.0,0.0,1.0,300.0,0.5370732,holdout
2024-07-21 10:27:00.043945311,154.45001,24.840086,549.68616,0.25,4.0564675,23.728922,0.4,24.0,-9.0,-1.0,0.0,1.0,300.0,0.5238494,holdout
2024-07-21 10:32:00.080566407,154.53336,25.141088,548.30365,0.25,3.8895433,23.590788,0.4,24.0,-1.8000001,-0.2,0.0,0.2,60.0,0.50215614,holdout
2024-07-21 10:37:00.062255859,154.61668,25.077011,527.9712,0.25,3.5638826,23.677387,0.4,24.0,0.0,-0.0,-0.0,0.0,0.0,0.5042135,holdout
2024-07-21 10:42:00.043945311,154.70001,25.205425,531.6838,0.25,3.085162,23.713362,0.4,24.0,0.0,-0.0,-0.0,0.0,0.0,0.55679,holdout
2024-07-21 10:47:00.080566407,154.78336,25.241741,517.595,0.25,2.911151,23.636486,0.4,24.0,0.0,-0.0,-0.0,0.0,0.0,0.52177453,holdout
2024-07-21 10:52:00.062255859,154.86668,24.854197,495.71573,0.25,2.756568,23.76279,0.4,24.0,0.0,-0.0,-0.0,0.0,0.0,0.5493485,holdout
2024-07-21 10:57:00.043945311,154.95001,24.935774,482.61993,0.25,2.691003,23.836739,0.4,24.0,0.0,-0.0,-0.0,0.0,0.0,0.5548756,holdout
2024-07-21 11:02:00.080566407,155.03336,24.860073,481.5034,0.25,2.5267217,23.97042,0.4,24.0,0.0,-0.0,-0.0,0.0,0.0,0.5573177,holdout
2024-07-21 11:07:00.062255859,155.11668,25.017912,483.93872,0.25,2.6246972,24.014587,0.4,24.0,0.0,-0.0,-0.0,0.0,0.0,0.5861052,holdout
2024-07-21 11:12:00.043945311,155.20001,25.121607,487.53244,0.25,2.5607069,23.96858,0.4,24.0,0.0,-0.0,-0.0,0.0,0.0,0.6366716,holdout
2024-07-21 11:17:00.080566407,155.28336,25.333792,481.2308,0.25,2.334662,24.079891,0.4,24.0,0.0,-0.0,-0.0,0.0,0.0,0.5990577,holdout
2024-07-21 11:22:00.062255859,155.36668,25.02655,499.3793,0.25,2.195877,24.016417,0.4,24.0,0.0,-0.0,-0.0,0.0,0.0,0.5528621,holdout
2024-07-21 11:27:00.043945311,155.45001,25.127293,513.74713,0.25,2.1780167,24.190914,0.4,24.0,0.0,-0.0,-0.0,0.0,0.0,0.56204635,holdout
2024-07-21 11:32:00.080566407,155.53336,25.19647,522.0122,0.25,2.272242,24.138348,0.4,24.0,0.0,-0.0,-0.0,0.0,0.0,0.5664341,holdout
2024-07-21 11:37:00.062255859,155.61668,25.491682,525.20734,0.25,2.1670043,24.253714,0.4,24.0,0.0,-0.0,-0.0,0.0,0.0,0.58154696,holdout
2024-07-21 11:42:00.043945311,155.70001,25.129936,560.49817,0.25,2.2668986,24.332336,0.4,24.0,0.0,-0.0,-0.0,0.0,0.0,0.57372993,holdout
2024-07-21 11:47:00.080566407,155.78336,25.37363,560.6909,0.25,2.3922038,24.338459,0.4,24.0,0.0,-0.0,-0.0,0.0,0.0,0.5943881,holdout
2024-07-21 11:52:00.062255859,155.86668,25.932598,545.1492,0.25,2.375943,24.26491,0.4,24.0,0.0,-0.0,-0.0,0.0,0.0,0.6254978,holdout
2024-07-21 11:57:00.043945311,155.95001,26.139765,546.2664,0.25,2.3896253,24.223263,0.4,24.0,0.0,-0.0,-0.0,0.0,0.0,0.6251373,holdout
2024-07-21 12:02:00.080566407,156.03336,26.286592,540.6549,0.25,2.4280803,24.515589,0.4,24.0,0.0,-0.0,-0.0,0.0,0.0,0.65489906,holdout
2024-07-21 12:07:00.062255859,156.11668,25.998037,524.9966,0.25,2.4806182,24.463861,0.4,24.0,-9.0,-1.0,0.0,1.0,300.0,0.71082664,holdout
2024-07-21 12:12:00.043945311,156.20001,26.244532,513.65076,0.25,2.4321487,24.395966,0.4,24.0,-9.0,-1.0,0.0,1.0,300.0,0.78932613,holdout
2024-07-21 12:17:00.080566407,156.28336,26.284204,464.808,0.25,2.6500385,24.412786,0.4,24.0,-9.0,-1.0,0.0,1.0,300.0,0.8281645,holdout
2024-07-21 12:22:00.062255859,156.36668,26.56391,440.1631,0.25,2.9838073,24.337872,0.4,24.0,-9.0,-1.0,0.0,1.0,300.0,0.80502063,holdout
2024-07-21 12:27:00.043945311,156.45001,26.53149,442.583,0.25,3.0454333,24.174099,0.4,24.0,-9.0,-1.0,0.0,1.0,300.0,0.76306885,holdout
2024-07-21 12:32:00.080566407,156.53336,27.034126,445.48145,0.25,3.1855056,24.24234,0.4,24.0,-9.0,-1.0,0.0,1.0,300.0,0.7700717,holdout
2024-07-21 12:37:00.062255859,156.61668,26.925283,442.83896,0.25,3.1317546,24.216543,0.4,24.0,-9.0,-1.0,0.0,1.0,300.0,0.7823569,holdout
2024-07-21 12:42:00.043945311,156.70001,26.80703,442.39484,0.25,3.0756338,24.247862,0.4,24.0,-9.0,-1.0,0.0,1.0,300.0,0.7802958,holdout
2024-07-21 12:47:00.080566407,156.78336,27.09412,419.03888,0.25,3.4244678,24.12853,0.4,24.0,-9.0,-1.0,0.0,1.0,300.0,0.7961584,holdout
2024-07-21 12:52:00.062255859,156.86668,27.436857,422.37238,0.25,3.497387,24.25237,0.4,24.0,-9.0,-1.0,0.0,1.0,300.0,0.7989687,holdout
2024-07-21 12:57:00.043945311,156.95001,27.450777,395.68494,0.25,3.5357087,24.127531,0.4,24.0,-9.0,-1.0,0.0,1.0,300.0,0.72862786,holdout
2024-07-21 13:02:00.080566407,157.03336,27.306978,381.7871,0.25,3.6354764,24.119686,0.4,24.0,-9.0,-1.0,0.0,1.0,300.0,0.71143705,holdout
2024-07-21 13:07:00.062255859,157.11668,27.179562,394.10425,0.25,3.7277195,23.937752,0.4,24.0,-9.0,-1.0,0.0,1.0,300.0,0.7531308,holdout
2024-07-21 13:12:00.043945311,157.20001,27.2838,404.82535,0.25,3.983361,23.949965,0.4,24.0,-9.0,-1.0,0.0,1.0,300.0,0.79485744,holdout
2024-07-21 13:17:00.080566407,157.28336,27.443295,430.49136,0.25,3.9790936,23.943811,0.4,24.0,-9.0,-1.0,0.0,1.0,300.0,0.7646306,holdout
2024-07-21 13:22:00.062255859,157.36668,27.029705,396.30142,0.25,3.8732686,23.886015,0.4,24.0,-9.0,-1.0,0.0,1.0,300.0,0.767816,holdout
2024-07-21 13:27:00.043945311,157.45001,27.059067,379.3893,0.25,3.6877687,23.839687,0.4,24.0,-9.0,-1.0,0.0,1.0,300.0,0.7609745,holdout
2024-07-21 13:32:00.080566407,157.53336,27.426668,366.089,0.25,3.8203094,23.82288,0.4,24.0,-9.0,-1.0,0.0,1.0,300.0,0.7732747,holdout
2024-07-21 13:37:00.062255859,157.61668,27.383802,386.1935,0.25,3.9641862,23.813972,0.4,24.0,-9.0,-1.0,0.0,1.0,300.0,0.77084124,holdout
2024-07-21 13:42:00.043945311,157.70001,27.128706,386.323,0.25,3.536536,23.746256,0.4,24.0,-9.0,-1.0,0.0,1.0,300.0,0.7369086,holdout
2024-07-21 13:47:00.080566407,157.78336,27.13188,389.18732,0.25,3.3207033,23.700472,0.4,24.0,-9.0,-1.0,0.0,1.0,300.0,0.6844327,holdout
2024-07-21 13:52:00.062255859,157.86668,27.23121,391.11606,0.25,3.1587641,23.78026,0.4,24.0,-9.0,-1.0,0.0,1.0,300.0,0.66373605,holdout
2024-07-21 13:57:00.043945311,157.95001,27.304527,372.44037,0.25,3.2114236,23.691689,0.4,24.0,-9.0,-1.0,0.0,1.0,300.0,0.7024306,holdout
2024-07-21 14:02:00.080566407,158.03336,26.928095,380.91376,0.25,3.168831,23.679762,0.4,24.0,-9.0,-1.0,0.0,1.0,300.0,0.70381683,holdout
2024-07-21 14:07:00.062255859,158.11668,27.490232,379.51114,0.25,3.1687105,23.654041,0.4,24.0,-9.0,-1.0,0.0,1.0,300.0,0.69338095,holdout
2024-07-21 14:12:00.043945311,158.20001,27.75634,397.9058,0.25,3.1413026,23.669912,0.4,24.0,-1.8000001,-0.2,0.0,0.2,60.0,0.71404564,holdout
2024-07-21 14:17:00.080566407,158.28336,27.880003,380.1157,0.25,3.233345,23.507858,0.4,24.0,0.0,-0.0,-0.0,0.0,0.0,0.7212381,holdout
2024-07-21 14:22:00.062255859,158.36668,27.71645,354.36682,0.25,3.5256078,23.696918,0.4,24.0,0.0,-0.0,-0.0,0.0,0.0,0.7366039,holdout
2024-07-21 14:27:00.043945311,158.45001,28.383165,346.8592,0.25,3.669117,23.864094,0.4,24.0,0.0,-0.0,-0.0,0.0,0.0,0.75923294,holdout
2024-07-21 14:32:00.080566407,158.53336,28.678068,342.47247,0.25,4.0487237,23.73392,0.4,24.0,0.0,-0.0,-0.0,0.0,0.0,0.79936725,holdout
2024-07-21 14:37:00.062255859,158.61668,29.345764,337.83957,0.25,4.0615726,23.936768,0.4,24.0,0.0,-0.0,-0.0,0.0,0.0,0.8981701,holdout
2024-07-21 14:42:00.043945311,158.70001,29.130444,340.78516,0.25,4.0360756,23.866209,0.4,24.0,0.0,-0.0,-0.0,0.0,0.0,0.8706377,holdout
2024-07-21 14:47:00.080566407,158.78336,29.042498,340.5648,0.25,4.1365137,23.98828,0.4,24.0,0.0,-0.0,-0.0,0.0,0.0,0.8819068,holdout
2024-07-21 14:52:00.062255859,158.86668,29.060364,330.842,0.25,4.261678,23.945364,0.4,24.0,0.0,-0.0,-0.0,0.0,0.0,0.8918519,holdout
2024-07-21 14:57:00.043945311,158.95001,29.2532,321.40768,0.25,4.29496,24.031103,0.4,24.0,0.0,-0.0,-0.0,0.0,0.0,0.8724777,holdout
2024-07-21 15:02:00.080566407,159.03336,29.735056,304.2223,0.25,4.5053844,24.195196,0.4,24.0,0.0,-0.0,-0.0,0.0,0.0,0.8619577,holdout
2024-07-21 15:07:00.062255859,159.11668,30.042149,297.7341,0.25,4.537803,24.117079,0.4,24.0,0.0,-0.0,-0.0,0.0,0.0,0.89897823,holdout
2024-07-21 15:12:00.043945311,159.20001,29.951866,284.32867,0.25,4.317668,24.14041,0.4,24.0,0.0,-0.0,-0.0,0.0,0.0,0.8975135,holdout
2024-07-21 15:17:00.080566407,159.28336,30.190634,287.69775,0.25,4.5118337,24.097208,0.4,24.0,0.0,-0.0,-0.0,0.0,0.0,0.9033722,holdout
2024-07-21 15:22:00.062255859,159.36668,29.897108,276.16635,0.25,4.603711,24.229733,0.4,24.0,0.0,-0.0,-0.0,0.0,0.0,0.912725,holdout
2024-07-21 15:27:00.043945311,159.45001,29.93853,269.06845,0.25,4.9371233,24.203917,0.4,24.0,0.0,-0.0,-0.0,0.0,0.0,0.975194,holdout
2024-07-21 15:32:00.080566407,159.53336,29.825111,267.10107,0.25,4.708475,24.30219,0.4,24.0,0.0,-0.0,-0.0,0.0,0.0,0.96660084,holdout
2024-07-21 15:37:00.062255859,159.61668,30.108074,248.33496,0.25,4.6580744,24.292334,0.4,24.0,0.0,-0.0,-0.0,0.0,0.0,0.9759106,holdout
2024-07-21 15:42:00.043945311,159.70001,30.01924,253.826,0.25,4.6272683,24.23099,0.4,24.0,0.0,-0.0,-0.0,0.0,0.0,0.91829646,holdout
2024-07-21 15:47:00.080566407,159.78336,29.861454,260.44028,0.25,4.477269,24.304956,0.4,24.0,0.0,-0.0,-0.0,0.0,0.0,0.91845703,holdout
2024-07-21 15:52:00.062255859,159.86668,29.493763,268.69922,0.25,4.61513,24.418476,0.4,24.0,0.0,-0.0,-0.0,0.0,0.0,0.9712122,holdout
2024-07-21 15:57:00.043945311,159.95001,29.680737,271.22577,0.25,4.4386477,24.494566,0.4,24.0,-5.4,-0.6,0.0,0.6,180.0,0.9880692,holdout
2024-07-21 16:02:00.080566407,160.03336,29.692766,278.57385,0.25,4.2628183,24.448006,0.4,24.0,-9.0,-1.0,0.0,1.0,300.0,1.0061648,holdout
2024-07-21 16:07:00.062255859,160.11668,29.484127,280.13568,0.25,4.414643,24.278252,0.4,24.0,-9.0,-1.0,0.0,1.0,300.0,1.0551851,holdout
2024-07-21 16:12:00.043945311,160.20001,29.53201,281.6106,0.25,4.4478583,24.31424,0.4,24.0,-9.0,-1.0,0.0,1.0,300.0,1.0676221,holdout
2024-07-21 16:17:00.080566407,160.28336,29.92207,266.84155,0.25,4.3564005,24.352121,0.4,24.0,-9.0,-1.0,0.0,1.0,300.0,1.0618695,holdout
2024-07-21 16:22:00.062255859,160.36668,29.569553,252.21121,0.25,4.2420425,24.230158,0.4,24.0,-9.0,-1.0,0.0,1.0,300.0,1.0443134,holdout
2024-07-21 16:27:00.043945311,160.45001,29.87596,252.92595,0.25,4.368606,24.357262,0.4,24.0,-9.0,-1.0,0.0,1.0,300.0,1.0567269,holdout
2024-07-21 16:32:00.080566407,160.53336,29.421501,247.41081,0.25,4.244314,24.276642,0.4,24.0,-9.0,-1.0,0.0,1.0,300.0,0.9769536,holdout
2024-07-21 16:37:00.062255859,160.61668,29.773802,240.50829,0.25,4.2515864,24.241093,0.4,24.0,-9.0,-1.0,0.0,1.0,300.0,0.9467007,holdout
2024-07-21 16:42:00.043945311,160.70001,30.017578,227.9523,0.25,4.348093,24.074694,0.4,24.0,-9.0,-1.0,0.0,1.0,300.0,0.95716155,holdout
2024-07-21 16:47:00.080566407,160.78336,30.0359,219.92595,0.25,4.665119,24.259464,0.4,24.0,-9.0,-1.0,0.0,1.0,300.0,0.97123617,holdout
2024-07-21 16:52:00.062255859,160.86668,30.113348,217.21658,0.25,4.481004,24.157936,0.4,24.0,-9.0,-1.0,0.0,1.0,300.0,1.0595217,holdout
2024-07-21 16:57:00.043945311,160.95001,30.243898,210.35757,0.25,4.5713997,23.963993,0.4,24.0,-9.0,-1.0,0.0,1.0,300.0,1.0762109,holdout
2024-07-21 17:02:00.080566407,161.03336,30.325962,201.45335,0.25,4.6518188,24.052135,0.4,24.0,-9.0,-1.0,0.0,1.0,300.0,1.1535418,holdout
2024-07-21 17:07:00.062255859,161.11668,30.495365,193.32417,0.25,4.7746887,24.04061,0.4,24.0,-9.0,-1.0,0.0,1.0,300.0,1.1764064,holdout
2024-07-21 17:12:00.043945311,161.20001,30.509144,177.8085,0.25,4.9253016,23.863794,0.4,24.0,-9.0,-1.0,0.0,1.0,300.0,1.2016667,holdout
2024-07-21 17:17:00.080566407,161.28336,30.97902,168.70412,0.25,4.8546176,23.878685,0.4,24.0,-9.0,-1.0,0.0,1.0,300.0,1.2083353,holdout
2024-07-21 17:22:00.062255859,161.36668,31.418343,164.43893,0.25,5.0486116,23.893795,0.4,24.0,-9.0,-1.0,0.0,1.0,300.0,1.1558503,holdout
2024-07-21 17:27:00.043945311,161.45001,31.150295,166.04224,0.25,4.9557924,23.76861,0.4,24.0,-9.0,-1.0,0.0,1.0,300.0,1.1907107,holdout
2024-07-21 17:32:00.080566407,161.53336,31.31952,153.13228,0.25,4.8723063,23.645086,0.4,24.0,-9.0,-1.0,0.0,1.0,300.0,1.248072,holdout
2024-07-21 17:37:00.062255859,161.61668,31.102913,143.30132,0.25,5.1442347,23.841526,0.4,24.0,-9.0,-1.0,0.0,1.0,300.0,1.2792997,holdout
2024-07-21 17:42:00.043945311,161.70001,31.214336,139.34703,0.25,5.347235,23.756607,0.4,24.0,-9.0,-1.0,0.0,1.0,300.0,1.2759995,holdout
2024-07-21 17:47:00.080566407,161.78336,31.164572,131.25098,0.25,5.4210925,23.647116,0.4,24.0,-9.0,-1.0,0.0,1.0,300.0,1.2721862,holdout
2024-07-21 17:52:00.062255859,161.86668,30.879705,120.45083,0.25,4.9955196,23.642292,0.4,24.0,-9.0,-1.0,0.0,1.0,300.0,1.2984794,holdout
2024-07-21 17:57:00.043945311,161.95001,30.932262,111.77708,0.25,4.911747,23.546225,0.4,24.0,-9.0,-1.0,0.0,1.0,300.0,1.3629755,holdout
2024-07-21 18:02:00.080566407,162.03336,31.104794,104.827324,0.25,4.6675296,23.601442,0.4,24.0,-9.0,-1.0,0.0,1.0,300.0,1.4347957,holdout
2024-07-21 18:07:00.062255859,162.11668,31.046272,97.19452,0.25,4.762174,23.420528,0.4,24.0,-9.0,-1.0,0.0,1.0,300.0,1.4268948,holdout
2024-07-21 18:12:00.043945311,162.20001,30.972296,90.47701,0.25,4.994689,23.63892,0.4,24.0,-3.6000001,-0.4,0.0,0.4,120.0,1.4424536,holdout
2024-07-21 18:17:00.080566407,162.28336,31.131775,84.20845,0.25,5.1611414,23.564661,0.4,24.0,0.0,-0.0,-0.0,0.0,0.0,1.48521,holdout
2024-07-21 18:22:00.062255859,162.36668,31.245478,79.08074,0.25,5.1621757,23.665648,0.4,24.0,0.0,-0.0,-0.0,0.0,0.0,1.520706,holdout
2024-07-21 18:27:00.043945311,162.45001,31.366673,73.91109,0.25,5.136428,23.64906,0.4,24.0,0.0,-0.0,-0.0,0.0,0.0,1.5260075,holdout
2024-07-21 18:32:00.080566407,162.53336,31.361197,66.551285,0.25,5.0340877,23.604881,0.4,24.0,0.0,-0.0,-0.0,0.0,0.0,1.5709351,holdout
2024-07-21 18:37:00.062255859,162.61668,31.463274,60.30633,0.25,5.1528745,23.64392,0.4,24.0,0.0,-0.0,-0.0,0.0,0.0,1.5718807,holdout
2024-07-21 18:42:00.043945311,162.70001,31.506212,52.31211,0.25,5.032848,23.704689,0.4,24.0,0.0,-0.0,-0.0,0.0,0.0,1.4928675,holdout
2024-07-21 18:47:00.080566407,162.78336,31.409622,43.08827,0.25,5.1961627,23.796629,0.4,24.0,0.0,-0.0,-0.0,0.0,0.0,1.469358,holdout
2024-07-21 18:52:00.062255859,162.86668,31.51743,35.510555,0.25,5.3176336,23.89557,0.4,24.0,0.0,-0.0,-0.0,0.0,0.0,1.423758,holdout
2024-07-21 18:57:00.043945311,162.95001,31.010601,29.241499,0.25,5.1960464,23.916536,0.4,24.0,0.0,-0.0,-0.0,0.0,0.0,1.3435032,holdout
2024-07-21 19:02:00.080566407,163.03336,30.845865,23.519445,0.25,5.146098,23.90379,0.4,24.0,0.0,-0.0,-0.0,0.0,0.0,1.3497586,holdout
2024-07-21 19:07:00.062255859,163.11668,30.620922,16.472956,0.25,5.1556826,24.079708,0.4,24.0,0.0,-0.0,-0.0,0.0,0.0,1.3310182,holdout
2024-07-21 19:12:00.043945311,163.20001,30.771624,8.36275,0.25,5.191308,24.045626,0.4,24.0,0.0,-0.0,-0.0,0.0,0.0,1.263856,holdout
2024-07-21 19:17:00.080566407,163.28336,30.277813,1.1660395,0.25,5.194271,24.095087,0.4,24.0,0.0,-0.0,-0.0,0.0,0.0,1.2334541,holdout
2024-07-21 19:22:00.062255859,163.36668,29.961706,0.0,0.25,5.188341,24.151833,0.4,24.0,0.0,-0.0,-0.0,0.0,0.0,1.2350928,holdout
2024-07-21 19:27:00.043945311,163.45001,30.125546,0.0,0.25,5.2242,24.035015,0.4,24.0,0.0,-0.0,-0.0,0.0,0.0,1.2516515,holdout
2024-07-21 19:32:00.080566407,163.53336,30.117558,0.0,0.25,5.3433146,24.066107,0.4,24.0,0.0,-0.0,-0.0,0.0,0.0,1.2221434,holdout
2024-07-21 19:37:00.062255859,163.61668,30.423502,0.0,0.25,5.1163173,24.205503,0.4,24.0,0.0,-0.0,-0.0,0.0,0.0,1.1764854,holdout
2024-07-21 19:42:00.043945311,163.70001,31.172823,0.0,0.25,5.3216515,24.21414,0.4,24.0,0.0,-0.0,-0.0,0.0,0.0,1.1768045,holdout
2024-07-21 19:47:00.080566407,163.78336,30.725555,0.0,0.25,5.41666,24.197485,0.4,24.0,0.0,-0.0,-0.0,0.0,0.0,1.2184566,holdout
2024-07-21 19:52:00.062255859,163.86668,30.569775,0.0,0.25,5.358092,24.21283,0.4,24.0,0.0,-0.0,-0.0,0.0,0.0,1.2726893,holdout
2024-07-21 19:57:00.043945311,163.95001,30.672817,0.0,0.25,5.531027,24.353374,0.4,24.0,0.0,-0.0,-0.0,0.0,0.0,1.2402945,holdout
2024-07-21 20:02:00.080566407,164.03336,30.437218,0.0,0.25,5.5213385,24.278315,0.4,24.0,0.0,-0.0,-0.0,0.0,0.0,1.2757691,holdout
2024-07-21 20:07:00.062255859,164.11668,30.018717,0.0,0.25,5.5918517,24.376255,0.4,24.0,0.0,-0.0,-0.0,0.0,0.0,1.2998765,holdout
2024-07-21 20:12:00.043945311,164.20001,29.772966,0.0,0.25,5.906914,24.40324,0.4,24.0,0.0,-0.0,-0.0,0.0,0.0,1.3126756,holdout
2024-07-21 20:17:00.080566407,164.28336,29.84662,0.0,0.25,5.7092605,24.308125,0.4,24.0,0.0,-0.0,-0.0,0.0,0.0,1.2638974,holdout
2024-07-21 20:22:00.062255859,164.36668,30.236595,0.0,0.25,5.5474963,24.352953,0.4,24.0,0.0,-0.0,-0.0,0.0,0.0,1.2448353,holdout
2024-07-21 20:27:00.043945311,164.45001,30.238409,0.0,0.25,5.2622914,24.439533,0.4,24.0,0.0,-0.0,-0.0,0.0,0.0,1.2698586,holdout
2024-07-21 20:32:00.080566407,164.53336,30.123213,0.0,0.25,5.155957,24.403046,0.4,24.0,0.0,-0.0,-0.0,0.0,0.0,1.2997111,holdout
2024-07-21 20:37:00.062255859,164.61668,29.86335,0.0,0.25,5.16336,24.304634,0.4,24.0,0.0,-0.0,-0.0,0.0,0.0,1.260157,holdout
2024-07-21 20:42:00.043945311,164.70001,29.870056,0.0,0.25,5.211723,24.388214,0.4,24.0,-9.0,-1.0,0.0,1.0,300.0,1.2410554,holdout
2024-07-21 20:47:00.080566407,164.78336,30.205912,0.0,0.25,5.1208673,24.432137,0.4,24.0,-9.0,-1.0,0.0,1.0,300.0,1.2319043,holdout
2024-07-21 20:52:00.062255859,164.86668,29.995123,0.0,0.25,5.0448365,24.528442,0.4,24.0,-9.0,-1.0,0.0,1.0,300.0,1.2160664,holdout
2024-07-21 20:57:00.043945311,164.95001,29.60761,0.0,0.25,5.054298,24.297184,0.4,24.0,-9.0,-1.0,0.0,1.0,300.0,1.1989459,holdout
2024-07-21 21:02:00.080566407,165.03336,29.621807,0.0,0.25,5.025247,24.338848,0.4,24.0,-9.0,-1.0,0.0,1.0,300.0,1.1784601,holdout
2024-07-21 21:07:00.062255859,165.11668,29.598427,0.0,0.25,5.1367083,24.299913,0.4,24.0,-9.0,-1.0,0.0,1.0,300.0,1.1337913,holdout
2024-07-21 21:12:00.043945311,165.20001,30.193487,0.0,0.25,4.8637824,24.196804,0.4,24.0,-9.0,-1.0,0.0,1.0,300.0,1.0900409,holdout
2024-07-21 21:17:00.080566407,165.28336,29.851156,0.0,0.25,5.031937,24.211185,0.4,24.0,-9.0,-1.0,0.0,1.0,300.0,1.0193592,holdout
2024-07-21 21:22:00.062255859,165.36668,30.05692,0.0,0.25,4.912121,24.053038,0.4,24.0,-9.0,-1.0,0.0,1.0,300.0,0.90874636,holdout
2024-07-21 21:27:00.043945311,165.45001,29.924507,0.0,0.25,4.821418,23.88893,0.4,24.0,-9.0,-1.0,0.0,1.0,300.0,0.8950432,holdout
2024-07-21 21:32:00.080566407,165.53336,29.739285,0.0,0.25,4.67173,23.913633,0.4,24.0,-9.0,-1.0,0.0,1.0,300.0,0.9236371,holdout
2024-07-21 21:37:00.062255859,165.61668,29.396965,0.0,0.25,4.6265893,24.058,0.4,24.0,-9.0,-1.0,0.0,1.0,300.0,0.9334883,holdout
2024-07-21 21:42:00.043945311,165.70001,29.319635,0.0,0.25,4.612561,23.922016,0.4,24.0,-9.0,-1.0,0.0,1.0,300.0,0.9530489,holdout
2024-07-21 21:47:00.080566407,165.78336,28.704697,0.0,0.25,4.7514005,23.725662,0.4,24.0,-9.0,-1.0,0.0,1.0,300.0,0.9718432,holdout
2024-07-21 21:52:00.062255859,165.86668,28.740406,0.0,0.25,4.953377,23.736593,0.4,24.0,-9.0,-1.0,0.0,1.0,300.0,0.9373953,holdout
2024-07-21 21:57:00.043945311,165.95001,29.013332,0.0,0.25,4.9712086,23.602842,0.4,24.0,-9.0,-1.0,0.0,1.0,300.0,0.88913614,holdout
2024-07-21 22:02:00.080566407,166.03336,29.079876,0.0,0.25,4.900193,23.49948,0.4,24.0,-9.0,-1.0,0.0,1.0,300.0,0.86559325,holdout
2024-07-21 22:07:00.062255859,166.11668,29.213528,0.0,0.25,4.716217,23.631565,0.4,24.0,0.0,-0.0,-0.0,0.0,0.0,0.8428184,holdout
2024-07-21 22:12:00.043945311,166.20001,28.678238,0.0,0.25,4.534304,23.503508,0.4,24.0,0.0,-0.0,-0.0,0.0,0.0,0.86283475,holdout
2024-07-21 22:17:00.080566407,166.28336,28.657892,0.0,0.25,4.2024164,23.498985,0.4,24.0,0.0,-0.0,-0.0,0.0,0.0,0.8692865,holdout
2024-07-21 22:22:00.062255859,166.36668,28.64866,0.0,0.25,4.4477057,23.494665,0.4,24.0,0.0,-0.0,-0.0,0.0,0.0,0.780375,holdout
2024-07-21 22:27:00.043945311,166.45001,28.620975,0.0,0.25,4.694169,23.73153,0.4,24.0,0.0,-0.0,-0.0,0.0,0.0,0.72885,holdout
2024-07-21 22:32:00.080566407,166.53336,28.536179,0.0,0.25,4.673785,23.550623,0.4,24.0,0.0,-0.0,-0.0,0.0,0.0,0.7342939,holdout
2024-07-21 22:37:00.062255859,166.61668,28.192192,0.0,0.25,4.574672,23.565434,0.4,24.0,0.0,-0.0,-0.0,0.0,0.0,0.6908292,holdout
2024-07-21 22:42:00.043945311,166.70001,27.799505,0.0,0.25,4.413854,23.643955,0.4,24.0,0.0,-0.0,-0.0,0.0,0.0,0.69056404,holdout
2024-07-21 22:47:00.080566407,166.78336,27.764294,0.0,0.25,4.1165605,23.605814,0.4,24.0,0.0,-0.0,-0.0,0.0,0.0,0.6360866,holdout
2024-07-21 22:52:00.062255859,166.86668,27.717905,0.0,0.25,4.2951484,23.718967,0.4,24.0,0.0,-0.0,-0.0,0.0,0.0,0.63782054,holdout
2024-07-21 22:57:00.043945311,166.95001,27.672396,0.0,0.25,4.4537396,23.749653,0.4,24.0,0.0,-0.0,-0.0,0.0,0.0,0.6081301,holdout
2024-07-21 23:02:00.080566407,167.03336,27.311949,0.0,0.25,4.4859805,23.889683,0.4,26.5,0.0,-0.0,-0.0,0.0,0.0,0.60760754,holdout
2024-07-21 23:07:00.062255859,167.11668,27.30678,0.0,0.25,4.373339,23.940298,0.4,26.5,0.0,-0.0,-0.0,0.0,0.0,0.5882633,holdout
2024-07-21 23:12:00.043945311,167.20001,26.869629,0.0,0.25,4.4106812,23.766697,0.4,26.5,0.0,-0.0,-0.0,0.0,0.0,0.586601,holdout
2024-07-21 23:17:00.080566407,167.28336,26.965996,0.0,0.25,4.353121,23.76515,0.4,26.5,0.0,-0.0,-0.0,0.0,0.0,0.5456048,holdout
2024-07-21 23:22:00.062255859,167.36668,27.062218,0.0,0.25,4.138799,23.784994,0.4,26.5,0.0,-0.0,-0.0,0.0,0.0,0.5563923,holdout
2024-07-21 23:27:00.043945311,167.45001,27.028925,0.0,0.25,4.0117354,23.814253,0.4,26.5,0.0,-0.0,-0.0,0.0,0.0,0.5249745,holdout
2024-07-21 23:32:00.080566407,167.53336,26.882526,0.0,0.25,3.9058151,23.821735,0.4,26.5,0.0,-0.0,-0.0,0.0,0.0,0.45657298,holdout
2024-07-21 23:37:00.062255859,167.61668,26.713106,0.0,0.25,3.8735008,23.711935,0.4,26.5,0.0,-0.0,-0.0,0.0,0.0,0.42664337,holdout
2024-07-21 23:42:00.043945311,167.70001,26.221636,0.0,0.25,3.5693848,23.776049,0.4,26.5,0.0,-0.0,-0.0,0.0,0.0,0.4681975,holdout
2024-07-21 23:47:00.080566407,167.78336,26.079353,0.0,0.25,3.3552759,23.79527,0.4,26.5,0.0,-0.0,-0.0,0.0,0.0,0.42651662,holdout
2024-07-21 23:52:00.062255859,167.86668,25.572283,0.0,0.25,3.2204843,23.712923,0.4,26.5,0.0,-0.0,-0.0,0.0,0.0,0.38478765,holdout
2024-07-21 23:57:00.043945311,167.95001,25.82502,0.0,0.25,2.923592,23.774145,0.4,26.5,0.0,-0.0,-0.0,0.0,0.0,0.36937603,holdout
